match_id,date,league,season,home,away,minute,score_home,score_away,current_total_goals,GOAL_FT,p,target,success,GOALS_REMAINING_2PLUS,HOME_GOAL_FT,AWAY_GOAL_FT
13978,2020-08-22 15:00:00,Ligue_1,2020/21,Dijon,Angers,40,0,1,1,0.0,0.8508214683131028,GOAL_FT,0,,,
13979,2020-08-22 19:00:00,Ligue_1,2020/21,Lille,Rennes,40,1,0,1,1.0,0.8039553632694952,GOAL_FT,1,,,
13982,2020-08-23 11:00:00,Ligue_1,2020/21,Monaco,Reims,40,0,2,2,1.0,0.8810342340968306,GOAL_FT,1,,,
13984,2020-08-23 15:00:00,Ligue_1,2020/21,Nice,Lens,40,1,1,2,1.0,0.8127730329678695,GOAL_FT,1,,,
13985,2020-08-23 13:00:00,Ligue_1,2020/21,Nimes,Brest,40,2,0,2,1.0,0.8239864669304701,GOAL_FT,1,,,
13987,2020-08-30 13:00:00,Ligue_1,2020/21,Angers,Bordeaux,40,0,2,2,0.0,0.8103858402732103,GOAL_FT,0,,,
13988,2020-08-30 19:00:00,Ligue_1,2020/21,Brest,Marseille,40,0,2,2,1.0,0.8026012288653646,GOAL_FT,1,,,
13990,2020-08-28 19:00:00,Ligue_1,2020/21,Lyon,Dijon,40,1,1,2,1.0,0.8644281562221418,GOAL_FT,1,,,
13992,2020-08-30 13:00:00,Ligue_1,2020/21,Nantes,Nimes,40,2,0,2,1.0,0.8448274924247686,GOAL_FT,1,,,
13994,2020-08-29 15:00:00,Ligue_1,2020/21,Rennes,Montpellier,40,0,0,0,1.0,0.826530338111624,GOAL_FT,1,,,
13995,2020-08-30 13:00:00,Ligue_1,2020/21,Saint-Etienne,Lorient,40,1,0,1,1.0,0.8059368939387903,GOAL_FT,1,,,
13996,2020-08-29 19:00:00,Ligue_1,2020/21,Strasbourg,Nice,40,0,1,1,1.0,0.818406140502007,GOAL_FT,1,,,
13997,2020-08-08 13:00:00,RFPL,2020/21,Khimki,CSKA Moscow,40,0,1,1,1.0,0.8204853886293921,GOAL_FT,1,,,
14001,2020-08-09 17:00:00,RFPL,2020/21,Spartak Moscow,PFC Sochi,40,2,1,3,1.0,0.8345052168759566,GOAL_FT,1,,,
14002,2020-08-10 14:00:00,RFPL,2020/21,Ural,Dinamo Moscow,40,0,1,1,1.0,0.832408368360881,GOAL_FT,1,,,
14003,2020-08-11 15:00:00,RFPL,2020/21,FC Rotor Volgograd,Zenit St. Petersburg,40,0,1,1,1.0,0.8333616336767089,GOAL_FT,1,,,
14004,2020-08-11 17:00:00,RFPL,2020/21,Rubin Kazan,Lokomotiv Moscow,40,0,2,2,0.0,0.8225561417172433,GOAL_FT,0,,,
14006,2020-08-14 16:00:00,RFPL,2020/21,PFC Sochi,Khimki,40,0,1,1,1.0,0.8232200587011655,GOAL_FT,1,,,
14008,2020-08-15 12:30:00,RFPL,2020/21,Rubin Kazan,Ural,40,1,1,2,0.0,0.8537583725582512,GOAL_FT,0,,,
14011,2020-08-15 16:00:00,RFPL,2020/21,Lokomotiv Moscow,FC Krasnodar,40,0,0,0,1.0,0.8103944670780602,GOAL_FT,1,,,
14012,2020-08-15 17:00:00,RFPL,2020/21,FC Rostov,Zenit St. Petersburg,40,0,1,1,1.0,0.8302847366214001,GOAL_FT,1,,,
14013,2020-08-18 15:00:00,RFPL,2020/21,PFC Sochi,Rubin Kazan,43,1,0,1,1.0,0.823203554796094,GOAL_FT,1,,,
14015,2020-08-18 17:00:00,RFPL,2020/21,FC Krasnodar,Arsenal Tula,40,1,0,1,1.0,0.8076816669213991,GOAL_FT,1,,,
14016,2020-08-19 13:00:00,RFPL,2020/21,Ural,Lokomotiv Moscow,40,0,0,0,1.0,0.8048073353442309,GOAL_FT,1,,,
14017,2020-08-19 13:00:00,RFPL,2020/21,FC Ufa,Spartak Moscow,40,1,1,2,0.0,0.8220832085935169,GOAL_FT,0,,,
14019,2020-08-19 16:00:00,RFPL,2020/21,Dinamo Moscow,FC Rostov,41,1,0,1,1.0,0.8179285378623913,GOAL_FT,1,,,
14020,2020-08-19 17:00:00,RFPL,2020/21,Zenit St. Petersburg,CSKA Moscow,40,1,1,2,1.0,0.8047757882038115,GOAL_FT,1,,,
14024,2020-08-22 15:00:00,RFPL,2020/21,Zenit St. Petersburg,FC Tambov,40,1,0,1,1.0,0.8206635545181769,GOAL_FT,1,,,
14025,2020-08-22 17:00:00,RFPL,2020/21,CSKA Moscow,Rubin Kazan,40,1,1,2,1.0,0.8628499136754658,GOAL_FT,1,,,
14026,2020-08-22 17:00:00,RFPL,2020/21,FC Rotor Volgograd,PFC Sochi,40,0,1,1,1.0,0.8176955286976805,GOAL_FT,1,,,
14029,2020-08-25 15:30:00,RFPL,2020/21,FC Tambov,PFC Sochi,40,0,0,0,1.0,0.8112336974936871,GOAL_FT,1,,,
14030,2020-08-25 17:30:00,RFPL,2020/21,Arsenal Tula,Khimki,40,0,1,1,1.0,0.8105522453261745,GOAL_FT,1,,,
14031,2020-08-26 15:30:00,RFPL,2020/21,Rubin Kazan,FC Ufa,40,0,0,0,1.0,0.8088657965903685,GOAL_FT,1,,,
14032,2020-08-26 15:30:00,RFPL,2020/21,Lokomotiv Moscow,FK Akhmat,40,0,1,1,1.0,0.8085772489453614,GOAL_FT,1,,,
14033,2020-08-26 15:30:00,RFPL,2020/21,FC Rotor Volgograd,Spartak Moscow,40,0,0,0,1.0,0.8350810043212047,GOAL_FT,1,,,
14034,2020-08-26 17:30:00,RFPL,2020/21,FC Krasnodar,CSKA Moscow,40,0,1,1,1.0,0.819723217411969,GOAL_FT,1,,,
14036,2020-08-26 17:45:00,RFPL,2020/21,Dinamo Moscow,Zenit St. Petersburg,40,1,0,1,0.0,0.8037751331160703,GOAL_FT,0,,,
14038,2020-08-29 15:00:00,RFPL,2020/21,Spartak Moscow,Arsenal Tula,40,1,1,2,1.0,0.8269327030992943,GOAL_FT,1,,,
14042,2020-08-30 15:00:00,RFPL,2020/21,FK Akhmat,CSKA Moscow,40,0,1,1,1.0,0.8322849304422312,GOAL_FT,1,,,
14043,2020-08-30 17:00:00,RFPL,2020/21,FC Krasnodar,FC Rostov,40,0,0,0,1.0,0.8215575022828969,GOAL_FT,1,,,
14086,2020-09-12 11:30:00,EPL,2020/21,Fulham,Arsenal,40,0,1,1,1.0,0.8084928794695316,GOAL_FT,1,,,
14089,2021-01-20 20:00:00,EPL,2020/21,Manchester City,Aston Villa,40,0,0,0,1.0,0.8284202585539295,GOAL_FT,1,,,
14090,2020-09-12 16:30:00,EPL,2020/21,Liverpool,Leeds,40,3,2,5,1.0,0.862469595699752,GOAL_FT,1,,,
14091,2020-09-12 19:00:00,EPL,2020/21,West Ham,Newcastle United,40,0,0,0,1.0,0.8336729975477662,GOAL_FT,1,,,
14093,2020-09-13 15:30:00,EPL,2020/21,Tottenham,Everton,41,0,0,0,1.0,0.8129125034077581,GOAL_FT,1,,,
14095,2020-09-14 19:15:00,EPL,2020/21,Brighton,Chelsea,40,0,1,1,1.0,0.8179382049344431,GOAL_FT,1,,,
14096,2020-09-19 11:30:00,EPL,2020/21,Everton,West Bromwich Albion,40,1,1,2,1.0,0.8396914666382628,GOAL_FT,1,,,
14097,2020-09-19 14:00:00,EPL,2020/21,Leeds,Fulham,40,2,1,3,1.0,0.8655866429720344,GOAL_FT,1,,,
14098,2020-09-19 16:30:00,EPL,2020/21,Manchester United,Crystal Palace,40,0,1,1,1.0,0.8128527262936998,GOAL_FT,1,,,
14100,2020-09-20 11:00:00,EPL,2020/21,Southampton,Tottenham,46,1,2,3,1.0,0.8144473543330599,GOAL_FT,1,,,
14101,2020-09-20 13:00:00,EPL,2020/21,Newcastle United,Brighton,40,0,2,2,1.0,0.8025542486624755,GOAL_FT,1,,,
14105,2020-09-21 19:15:00,EPL,2020/21,Wolverhampton Wanderers,Manchester City,40,0,2,2,1.0,0.8237847783281532,GOAL_FT,1,,,
14106,2020-09-26 11:30:00,EPL,2020/21,Brighton,Manchester United,40,1,0,1,1.0,0.830421588089493,GOAL_FT,1,,,
14107,2020-09-26 14:00:00,EPL,2020/21,Crystal Palace,Everton,40,1,2,3,0.0,0.8471599921144141,GOAL_FT,0,,,
14108,2020-09-26 16:30:00,EPL,2020/21,West Bromwich Albion,Chelsea,40,3,0,3,1.0,0.8413188902258607,GOAL_FT,1,,,
14110,2020-09-27 11:00:00,EPL,2020/21,Sheffield United,Leeds,40,0,0,0,1.0,0.8250097801255073,GOAL_FT,1,,,
14111,2020-09-27 13:00:00,EPL,2020/21,Tottenham,Newcastle United,40,1,0,1,1.0,0.845475111364853,GOAL_FT,1,,,
14112,2020-09-27 15:30:00,EPL,2020/21,Manchester City,Leicester,40,1,1,2,1.0,0.8302939062353926,GOAL_FT,1,,,
14113,2020-09-27 18:00:00,EPL,2020/21,West Ham,Wolverhampton Wanderers,40,1,0,1,1.0,0.8172233359176392,GOAL_FT,1,,,
14114,2020-09-28 17:00:00,EPL,2020/21,Fulham,Aston Villa,40,0,2,2,1.0,0.8170411313620105,GOAL_FT,1,,,
14115,2020-09-28 19:15:00,EPL,2020/21,Liverpool,Arsenal,40,2,1,3,1.0,0.8546036602867475,GOAL_FT,1,,,
14116,2020-09-19 16:00:00,Serie_A,2020/21,Fiorentina,Torino,45,0,0,0,1.0,0.8235184752455141,GOAL_FT,1,,,
14117,2020-09-19 18:45:00,Serie_A,2020/21,Verona,Roma,40,0,0,0,0.0,0.8408994790121536,GOAL_FT,0,,,
14119,2020-09-20 13:00:00,Serie_A,2020/21,Genoa,Crotone,40,3,1,4,1.0,0.8451786910645289,GOAL_FT,1,,,
14120,2020-09-20 16:00:00,Serie_A,2020/21,Sassuolo,Cagliari,40,0,0,0,1.0,0.8105535433942634,GOAL_FT,1,,,
14122,2020-09-21 18:45:00,Serie_A,2020/21,AC Milan,Bologna,40,1,0,1,1.0,0.8125455304830076,GOAL_FT,1,,,
14123,2020-09-26 13:00:00,Serie_A,2020/21,Torino,Atalanta,40,1,2,3,1.0,0.8415080726832236,GOAL_FT,1,,,
14124,2020-09-26 16:00:00,Serie_A,2020/21,Cagliari,Lazio,40,0,1,1,1.0,0.8290659125554737,GOAL_FT,1,,,
14125,2020-09-26 16:00:00,Serie_A,2020/21,Sampdoria,Benevento,40,2,1,3,1.0,0.8389801865206844,GOAL_FT,1,,,
14126,2020-09-26 18:45:00,Serie_A,2020/21,Inter,Fiorentina,40,0,1,1,1.0,0.8184342754971957,GOAL_FT,1,,,
14128,2020-09-27 16:00:00,Serie_A,2020/21,Napoli,Genoa,40,1,0,1,1.0,0.8209446000219134,GOAL_FT,1,,,
14130,2020-09-27 16:00:00,Serie_A,2020/21,Crotone,AC Milan,46,0,1,1,1.0,0.800213764398651,GOAL_FT,1,,,
14131,2020-09-27 18:45:00,Serie_A,2020/21,Roma,Juventus,43,1,1,2,1.0,0.8304044948830691,GOAL_FT,1,,,
14132,2020-09-28 18:45:00,Serie_A,2020/21,Bologna,Parma Calcio 1913,40,2,0,2,1.0,0.8063416667427725,GOAL_FT,1,,,
14133,2020-09-30 16:00:00,Serie_A,2020/21,Benevento,Inter,40,1,3,4,1.0,0.8432913049097999,GOAL_FT,1,,,
14134,2020-09-30 16:00:00,Serie_A,2020/21,Udinese,Spezia,40,0,1,1,1.0,0.8008286506846105,GOAL_FT,1,,,
14135,2020-09-30 18:45:00,Serie_A,2020/21,Lazio,Atalanta,40,0,3,3,1.0,0.87409066694716,GOAL_FT,1,,,
14140,2020-09-13 14:00:00,La_liga,2020/21,Real Valladolid,Real Sociedad,40,1,0,1,1.0,0.8366144710706191,GOAL_FT,1,,,
14144,2020-09-13 19:00:00,La_liga,2020/21,Valencia,Levante,40,2,2,4,1.0,0.8516716553342578,GOAL_FT,1,,,
14146,2020-09-19 14:00:00,La_liga,2020/21,Villarreal,Eibar,49,0,1,1,1.0,0.8059609155516201,GOAL_FT,1,,,
14147,2020-09-19 19:00:00,La_liga,2020/21,Celta Vigo,Valencia,40,1,0,1,1.0,0.8118413067108818,GOAL_FT,1,,,
14149,2021-02-17 18:00:00,La_liga,2020/21,Levante,Atletico Madrid,40,1,1,2,0.0,0.8448543377975546,GOAL_FT,0,,,
14150,2021-03-17 20:00:00,La_liga,2020/21,Sevilla,Elche,42,1,0,1,1.0,0.8039817070675137,GOAL_FT,1,,,
14151,2020-09-20 16:30:00,La_liga,2020/21,Granada,Alaves,40,1,1,2,1.0,0.8197092871311121,GOAL_FT,1,,,
14152,2020-09-20 19:00:00,La_liga,2020/21,Real Sociedad,Real Madrid,42,0,0,0,0.0,0.8046014701678904,GOAL_FT,0,,,
14153,2020-09-20 16:30:00,La_liga,2020/21,Real Betis,Real Valladolid,40,2,0,2,0.0,0.8137567839489015,GOAL_FT,0,,,
14154,2020-09-26 11:00:00,La_liga,2020/21,Alaves,Getafe,40,0,0,0,0.0,0.8127513821585175,GOAL_FT,0,,,
14155,2020-09-27 14:00:00,La_liga,2020/21,Atletico Madrid,Granada,40,1,0,1,1.0,0.8506235557009028,GOAL_FT,1,,,
14156,2020-09-27 19:00:00,La_liga,2020/21,Barcelona,Villarreal,40,3,0,3,1.0,0.8692382349804666,GOAL_FT,1,,,
14157,2020-09-26 19:00:00,La_liga,2020/21,Real Betis,Real Madrid,40,2,1,3,1.0,0.8560835346424517,GOAL_FT,1,,,
14159,2020-09-27 19:00:00,La_liga,2020/21,Cadiz,Sevilla,40,0,0,0,1.0,0.8121332319430806,GOAL_FT,1,,,
14160,2020-09-27 10:00:00,La_liga,2020/21,Osasuna,Levante,40,1,1,2,1.0,0.8482156142220936,GOAL_FT,1,,,
14162,2020-09-27 16:30:00,La_liga,2020/21,Real Valladolid,Celta Vigo,43,0,1,1,1.0,0.803252445685694,GOAL_FT,1,,,
14163,2020-09-26 16:30:00,La_liga,2020/21,Elche,Real Sociedad,40,0,0,0,1.0,0.8207787826169258,GOAL_FT,1,,,
14167,2020-09-29 19:30:00,La_liga,2020/21,Getafe,Real Betis,41,3,0,3,0.0,0.8202708756574265,GOAL_FT,0,,,
14172,2020-09-30 17:00:00,La_liga,2020/21,Villarreal,Alaves,45,2,1,3,1.0,0.8384912074814169,GOAL_FT,1,,,
14173,2020-09-18 18:30:00,Bundesliga,2020/21,Bayern Munich,Schalke 04,40,3,0,3,1.0,0.8670697781976358,GOAL_FT,1,,,
14174,2020-09-19 13:30:00,Bundesliga,2020/21,Eintracht Frankfurt,Arminia Bielefeld,40,0,0,0,1.0,0.8109665946739991,GOAL_FT,1,,,
14175,2020-09-19 13:30:00,Bundesliga,2020/21,Union Berlin,Augsburg,40,0,1,1,1.0,0.8148249298596895,GOAL_FT,1,,,
14176,2020-09-19 13:30:00,Bundesliga,2020/21,FC Cologne,Hoffenheim,40,1,1,2,1.0,0.8244054392124912,GOAL_FT,1,,,
14177,2020-09-19 13:30:00,Bundesliga,2020/21,Werder Bremen,Hertha Berlin,41,0,1,1,1.0,0.8012465051657476,GOAL_FT,1,,,
14178,2020-09-19 13:30:00,Bundesliga,2020/21,VfB Stuttgart,Freiburg,40,0,2,2,1.0,0.8339749958512018,GOAL_FT,1,,,
14180,2020-09-20 13:30:00,Bundesliga,2020/21,RasenBallsport Leipzig,Mainz 05,40,2,0,2,1.0,0.8410866794127166,GOAL_FT,1,,,
14181,2020-09-20 16:00:00,Bundesliga,2020/21,Wolfsburg,Bayer Leverkusen,41,0,0,0,0.0,0.8148654771888618,GOAL_FT,0,,,
14182,2020-09-25 18:30:00,Bundesliga,2020/21,Hertha Berlin,Eintracht Frankfurt,40,0,2,2,1.0,0.826047996288661,GOAL_FT,1,,,
14183,2020-09-26 13:30:00,Bundesliga,2020/21,Mainz 05,VfB Stuttgart,40,1,0,1,1.0,0.821680413631595,GOAL_FT,1,,,
14184,2020-09-26 13:30:00,Bundesliga,2020/21,Augsburg,Borussia Dortmund,40,1,0,1,1.0,0.818346754336566,GOAL_FT,1,,,
14185,2020-09-26 13:30:00,Bundesliga,2020/21,Arminia Bielefeld,FC Cologne,41,0,0,0,1.0,0.8100455281436499,GOAL_FT,1,,,
14187,2020-09-26 13:30:00,Bundesliga,2020/21,Bayer Leverkusen,RasenBallsport Leipzig,40,1,1,2,0.0,0.8089611329541725,GOAL_FT,0,,,
14188,2020-09-26 16:30:00,Bundesliga,2020/21,Schalke 04,Werder Bremen,40,0,2,2,1.0,0.84729690356827,GOAL_FT,1,,,
14189,2020-09-27 13:30:00,Bundesliga,2020/21,Hoffenheim,Bayern Munich,40,2,1,3,1.0,0.8401373646731252,GOAL_FT,1,,,
14190,2020-09-27 16:00:00,Bundesliga,2020/21,Freiburg,Wolfsburg,41,1,1,2,0.0,0.8059887508581985,GOAL_FT,0,,,
14192,2020-09-12 15:00:00,Ligue_1,2020/21,Montpellier,Nice,40,1,0,1,1.0,0.8067656654314592,GOAL_FT,1,,,
14195,2020-09-13 13:00:00,Ligue_1,2020/21,Lorient,Lens,40,1,2,3,1.0,0.8250750732601843,GOAL_FT,1,,,
14196,2020-09-13 13:00:00,Ligue_1,2020/21,Dijon,Brest,41,0,1,1,1.0,0.8012134577400806,GOAL_FT,1,,,
14197,2020-09-13 13:00:00,Ligue_1,2020/21,Angers,Reims,43,0,0,0,1.0,0.8180509975258003,GOAL_FT,1,,,
14198,2020-09-13 13:00:00,Ligue_1,2020/21,Nimes,Rennes,40,1,2,3,1.0,0.8465000816552782,GOAL_FT,1,,,
14201,2020-09-15 19:00:00,Ligue_1,2020/21,Montpellier,Lyon,40,1,0,1,1.0,0.868349193326099,GOAL_FT,1,,,
14202,2020-09-16 19:00:00,Ligue_1,2020/21,Paris Saint Germain,Metz,40,0,0,0,1.0,0.8492711637805224,GOAL_FT,1,,,
14203,2020-09-17 19:00:00,Ligue_1,2020/21,Marseille,Saint-Etienne,40,0,1,1,1.0,0.8329863743056767,GOAL_FT,1,,,
14204,2020-09-18 19:00:00,Ligue_1,2020/21,Lyon,Nimes,40,0,0,0,0.0,0.8123290007307149,GOAL_FT,0,,,
14205,2020-09-19 15:00:00,Ligue_1,2020/21,Lens,Bordeaux,40,0,0,0,1.0,0.8380837043202801,GOAL_FT,1,,,
14206,2020-09-19 19:00:00,Ligue_1,2020/21,Rennes,Monaco,40,0,1,1,1.0,0.8130240124621354,GOAL_FT,1,,,
14207,2020-09-20 11:00:00,Ligue_1,2020/21,Nice,Paris Saint Germain,40,0,1,1,1.0,0.835670428047749,GOAL_FT,1,,,
14209,2020-09-20 13:00:00,Ligue_1,2020/21,Metz,Reims,42,1,1,2,1.0,0.8387186952398437,GOAL_FT,1,,,
14210,2020-09-20 13:00:00,Ligue_1,2020/21,Montpellier,Angers,40,1,1,2,1.0,0.8098143323881235,GOAL_FT,1,,,
14211,2020-09-20 13:00:00,Ligue_1,2020/21,Brest,Lorient,40,2,0,2,1.0,0.8378026816226942,GOAL_FT,1,,,
14212,2020-09-20 15:00:00,Ligue_1,2020/21,Nantes,Saint-Etienne,40,0,1,1,1.0,0.8050415253059807,GOAL_FT,1,,,
14214,2020-09-25 19:00:00,Ligue_1,2020/21,Lille,Nantes,42,0,0,0,1.0,0.825745217935639,GOAL_FT,1,,,
14216,2020-09-26 19:00:00,Ligue_1,2020/21,Marseille,Metz,40,0,0,0,1.0,0.8190600224304256,GOAL_FT,1,,,
14218,2020-09-27 13:00:00,Ligue_1,2020/21,Dijon,Montpellier,40,1,0,1,1.0,0.8281285142012571,GOAL_FT,1,,,
14219,2020-09-27 13:00:00,Ligue_1,2020/21,Angers,Brest,40,1,2,3,1.0,0.8358489469146677,GOAL_FT,1,,,
14220,2020-09-27 13:00:00,Ligue_1,2020/21,Monaco,Strasbourg,46,2,1,3,1.0,0.8104060833800122,GOAL_FT,1,,,
14221,2020-09-27 13:00:00,Ligue_1,2020/21,Nimes,Lens,40,0,1,1,1.0,0.8102527729539056,GOAL_FT,1,,,
14223,2020-09-27 19:00:00,Ligue_1,2020/21,Reims,Paris Saint Germain,40,0,1,1,1.0,0.8212989338329045,GOAL_FT,1,,,
14226,2020-09-12 13:30:00,RFPL,2020/21,Ural,Khimki,40,2,0,2,1.0,0.8256911869844487,GOAL_FT,1,,,
14227,2020-09-12 16:00:00,RFPL,2020/21,FK Akhmat,PFC Sochi,40,0,1,1,0.0,0.8336307734076147,GOAL_FT,0,,,
14228,2020-09-13 13:30:00,RFPL,2020/21,Dinamo Moscow,Rubin Kazan,40,0,1,1,0.0,0.8445216604152993,GOAL_FT,0,,,
14230,2020-09-13 16:00:00,RFPL,2020/21,CSKA Moscow,Spartak Moscow,40,1,1,2,1.0,0.8095066629745793,GOAL_FT,1,,,
14231,2020-09-14 15:30:00,RFPL,2020/21,Zenit St. Petersburg,Arsenal Tula,40,2,0,2,1.0,0.8435223882951008,GOAL_FT,1,,,
14233,2020-09-18 17:00:00,RFPL,2020/21,FC Krasnodar,Khimki,40,2,1,3,1.0,0.8365945432990466,GOAL_FT,1,,,
14234,2020-09-19 13:30:00,RFPL,2020/21,Ural,Zenit St. Petersburg,40,0,1,1,1.0,0.8173221845521724,GOAL_FT,1,,,
14237,2020-09-20 11:00:00,RFPL,2020/21,Arsenal Tula,PFC Sochi,40,1,1,2,1.0,0.8164733819874622,GOAL_FT,1,,,
14238,2020-09-20 13:30:00,RFPL,2020/21,Rubin Kazan,Spartak Moscow,40,0,1,1,1.0,0.8203863478459483,GOAL_FT,1,,,
14239,2020-09-20 16:00:00,RFPL,2020/21,Lokomotiv Moscow,FC Tambov,40,1,0,1,0.0,0.801105269022076,GOAL_FT,0,,,
14240,2020-09-21 16:00:00,RFPL,2020/21,Dinamo Moscow,FK Akhmat,40,0,0,0,1.0,0.8125156472546211,GOAL_FT,1,,,
14242,2020-09-26 13:30:00,RFPL,2020/21,Zenit St. Petersburg,FC Ufa,40,2,0,2,1.0,0.8381549208869912,GOAL_FT,1,,,
14243,2020-09-26 17:00:00,RFPL,2020/21,PFC Sochi,FC Krasnodar,40,1,0,1,1.0,0.8276691412593822,GOAL_FT,1,,,
14244,2020-09-27 11:00:00,RFPL,2020/21,Arsenal Tula,FC Rostov,40,1,2,3,1.0,0.8398608126604578,GOAL_FT,1,,,
14245,2020-09-27 13:30:00,RFPL,2020/21,FK Akhmat,Ural,40,1,0,1,1.0,0.8707579608305376,GOAL_FT,1,,,
14246,2020-09-27 16:00:00,RFPL,2020/21,CSKA Moscow,Lokomotiv Moscow,44,0,1,1,0.0,0.8188316423847665,GOAL_FT,0,,,
14247,2020-09-27 16:00:00,RFPL,2020/21,FC Rotor Volgograd,Rubin Kazan,40,0,0,0,1.0,0.8236633305039291,GOAL_FT,1,,,
14248,2020-09-28 16:00:00,RFPL,2020/21,Khimki,Dinamo Moscow,40,1,0,1,0.0,0.8306805136996995,GOAL_FT,0,,,
14300,2020-10-03 16:00:00,RFPL,2020/21,Spartak Moscow,Zenit St. Petersburg,40,0,0,0,1.0,0.8109679883679642,GOAL_FT,1,,,
14301,2020-10-04 11:00:00,RFPL,2020/21,Lokomotiv Moscow,Khimki,45,1,1,2,1.0,0.8072368373917769,GOAL_FT,1,,,
14304,2020-10-04 17:00:00,RFPL,2020/21,Dinamo Moscow,FC Krasnodar,40,1,0,1,1.0,0.8113313754288007,GOAL_FT,1,,,
14307,2020-10-18 16:00:00,RFPL,2020/21,FC Rostov,FK Akhmat,40,1,0,1,1.0,0.8698810628764856,GOAL_FT,1,,,
14308,2020-10-17 11:00:00,RFPL,2020/21,Zenit St. Petersburg,PFC Sochi,40,2,0,2,1.0,0.8019603446738002,GOAL_FT,1,,,
14311,2020-10-17 16:00:00,RFPL,2020/21,Khimki,Spartak Moscow,40,0,0,0,1.0,0.8027922470342375,GOAL_FT,1,,,
14312,2020-10-18 11:00:00,RFPL,2020/21,FC Rotor Volgograd,FC Tambov,40,0,0,0,1.0,0.8354296385291563,GOAL_FT,1,,,
14314,2020-10-24 16:00:00,RFPL,2020/21,Lokomotiv Moscow,FC Rotor Volgograd,40,1,1,2,1.0,0.8176966461732458,GOAL_FT,1,,,
14315,2020-10-24 11:00:00,RFPL,2020/21,Dinamo Moscow,PFC Sochi,40,2,1,3,1.0,0.8260370867926133,GOAL_FT,1,,,
14316,2020-10-26 16:00:00,RFPL,2020/21,CSKA Moscow,Arsenal Tula,40,0,0,0,1.0,0.8046183957616398,GOAL_FT,1,,,
14318,2020-10-24 16:00:00,RFPL,2020/21,FC Krasnodar,Spartak Moscow,40,0,2,2,1.0,0.837913188299107,GOAL_FT,1,,,
14320,2020-10-24 13:30:00,RFPL,2020/21,Zenit St. Petersburg,Rubin Kazan,40,1,0,1,1.0,0.8034795837901327,GOAL_FT,1,,,
14321,2020-10-31 11:00:00,RFPL,2020/21,Rubin Kazan,Arsenal Tula,40,2,0,2,1.0,0.8300187138334199,GOAL_FT,1,,,
14322,2020-10-31 16:00:00,RFPL,2020/21,PFC Sochi,Lokomotiv Moscow,40,2,0,2,1.0,0.849090423833044,GOAL_FT,1,,,
14323,2020-11-01 16:00:00,RFPL,2020/21,FC Tambov,Dinamo Moscow,40,0,1,1,1.0,0.8105997061012116,GOAL_FT,1,,,
14325,2020-10-31 13:30:00,RFPL,2020/21,Spartak Moscow,FC Rostov,40,0,1,1,0.0,0.8102834720546579,GOAL_FT,0,,,
14326,2020-11-01 13:30:00,RFPL,2020/21,FC Rotor Volgograd,CSKA Moscow,40,0,1,1,0.0,0.8212492079556517,GOAL_FT,0,,,
14327,2020-11-01 11:00:00,RFPL,2020/21,FC Ufa,Ural,40,0,2,2,1.0,0.8497648168326639,GOAL_FT,1,,,
14330,2020-11-07 11:00:00,RFPL,2020/21,Ural,Spartak Moscow,40,1,1,2,1.0,0.8197222981807323,GOAL_FT,1,,,
14331,2020-11-07 13:30:00,RFPL,2020/21,Arsenal Tula,FC Rotor Volgograd,40,1,0,1,1.0,0.8165805958791461,GOAL_FT,1,,,
14334,2020-11-08 16:00:00,RFPL,2020/21,Dinamo Moscow,Lokomotiv Moscow,40,2,0,2,1.0,0.8065502206298123,GOAL_FT,1,,,
14335,2020-11-08 13:30:00,RFPL,2020/21,CSKA Moscow,FC Rostov,40,1,0,1,1.0,0.82545794955034,GOAL_FT,1,,,
14336,2020-11-08 16:00:00,RFPL,2020/21,Zenit St. Petersburg,FC Krasnodar,46,0,1,1,1.0,0.8042485885809388,GOAL_FT,1,,,
14338,2020-11-22 11:00:00,RFPL,2020/21,CSKA Moscow,PFC Sochi,40,1,1,2,0.0,0.8037120846284724,GOAL_FT,0,,,
14339,2020-11-21 13:30:00,RFPL,2020/21,FK Akhmat,Zenit St. Petersburg,40,1,1,2,1.0,0.8088120352258574,GOAL_FT,1,,,
14340,2020-11-21 11:00:00,RFPL,2020/21,FC Krasnodar,FC Tambov,40,1,0,1,0.0,0.8132934549436971,GOAL_FT,0,,,
14344,2020-11-23 14:00:00,RFPL,2020/21,FC Ufa,Khimki,40,0,2,2,1.0,0.8412123320154181,GOAL_FT,1,,,
14348,2020-11-28 11:00:00,RFPL,2020/21,Arsenal Tula,Zenit St. Petersburg,40,0,0,0,0.0,0.8176533698274977,GOAL_FT,0,,,
14349,2020-11-29 13:30:00,RFPL,2020/21,Rubin Kazan,CSKA Moscow,40,0,0,0,1.0,0.8264880733558234,GOAL_FT,1,,,
14350,2020-11-28 16:00:00,RFPL,2020/21,FK Akhmat,Lokomotiv Moscow,40,0,0,0,0.0,0.8373180333746707,GOAL_FT,0,,,
14351,2020-11-28 16:00:00,RFPL,2020/21,FC Rostov,Dinamo Moscow,40,1,0,1,1.0,0.8191089706451002,GOAL_FT,1,,,
14352,2020-11-29 16:00:00,RFPL,2020/21,Spartak Moscow,FC Rotor Volgograd,40,1,0,1,1.0,0.8310428613341414,GOAL_FT,1,,,
14354,2020-12-05 16:00:00,RFPL,2020/21,Zenit St. Petersburg,Ural,40,3,0,3,1.0,0.8617488136443664,GOAL_FT,1,,,
14356,2020-12-05 11:00:00,RFPL,2020/21,Lokomotiv Moscow,Rubin Kazan,40,1,1,2,1.0,0.8286959424062326,GOAL_FT,1,,,
14357,2020-12-06 13:30:00,RFPL,2020/21,Dinamo Moscow,Arsenal Tula,40,0,0,0,1.0,0.8443805590321023,GOAL_FT,1,,,
14358,2020-12-06 16:00:00,RFPL,2020/21,CSKA Moscow,Khimki,40,1,0,1,1.0,0.8314088163191066,GOAL_FT,1,,,
14359,2020-12-05 16:00:00,RFPL,2020/21,FC Krasnodar,FC Rotor Volgograd,40,2,0,2,1.0,0.8663864678970242,GOAL_FT,1,,,
14361,2020-12-12 16:00:00,RFPL,2020/21,Zenit St. Petersburg,Dinamo Moscow,40,2,0,2,1.0,0.8479962776916269,GOAL_FT,1,,,
14364,2020-12-12 13:30:00,RFPL,2020/21,PFC Sochi,Spartak Moscow,40,0,0,0,1.0,0.800310158818467,GOAL_FT,1,,,
14365,2020-12-13 11:00:00,RFPL,2020/21,FC Tambov,Rubin Kazan,40,0,1,1,0.0,0.8187772635363215,GOAL_FT,0,,,
14366,2020-12-13 16:00:00,RFPL,2020/21,CSKA Moscow,Ural,40,1,1,2,1.0,0.8268457857381122,GOAL_FT,1,,,
14368,2020-12-13 13:30:00,RFPL,2020/21,FC Krasnodar,Lokomotiv Moscow,40,2,0,2,1.0,0.8175970035008178,GOAL_FT,1,,,
14369,2020-12-17 15:00:00,RFPL,2020/21,Khimki,Lokomotiv Moscow,40,1,2,3,1.0,0.8811204016730437,GOAL_FT,1,,,
14370,2020-12-16 15:00:00,RFPL,2020/21,FC Rotor Volgograd,Arsenal Tula,40,0,0,0,1.0,0.8103458883650418,GOAL_FT,1,,,
14373,2020-12-17 17:00:00,RFPL,2020/21,FC Rostov,CSKA Moscow,40,0,1,1,1.0,0.8511613898979992,GOAL_FT,1,,,
14374,2020-12-17 17:00:00,RFPL,2020/21,FK Akhmat,Rubin Kazan,40,0,0,0,0.0,0.8032414805991948,GOAL_FT,0,,,
14376,2020-12-16 17:00:00,RFPL,2020/21,Zenit St. Petersburg,Spartak Moscow,40,1,0,1,1.0,0.8587406330961165,GOAL_FT,1,,,
14377,2021-02-27 13:30:00,RFPL,2020/21,Zenit St. Petersburg,FC Rostov,43,0,1,1,1.0,0.8045347349014029,GOAL_FT,1,,,
14379,2021-02-28 13:30:00,RFPL,2020/21,FK Akhmat,Dinamo Moscow,40,0,2,2,1.0,0.834984858495862,GOAL_FT,1,,,
14380,2021-02-28 16:00:00,RFPL,2020/21,FC Krasnodar,Ural,40,1,0,1,1.0,0.8299549532036609,GOAL_FT,1,,,
14383,2021-02-26 16:00:00,RFPL,2020/21,FC Tambov,FC Rotor Volgograd,40,1,0,1,1.0,0.815021394104501,GOAL_FT,1,,,
14386,2021-03-07 16:00:00,RFPL,2020/21,Spartak Moscow,FC Krasnodar,40,2,0,2,1.0,0.866519367725542,GOAL_FT,1,,,
14389,2021-03-08 11:00:00,RFPL,2020/21,Arsenal Tula,Lokomotiv Moscow,40,0,0,0,1.0,0.8095396431159786,GOAL_FT,1,,,
14390,2021-03-08 13:30:00,RFPL,2020/21,Rubin Kazan,Zenit St. Petersburg,40,1,0,1,1.0,0.8445744078090996,GOAL_FT,1,,,
14391,2021-03-07 13:30:00,RFPL,2020/21,Dinamo Moscow,FC Tambov,40,1,0,1,1.0,0.8451907955314506,GOAL_FT,1,,,
14392,2021-03-06 11:00:00,RFPL,2020/21,CSKA Moscow,FK Akhmat,40,1,0,1,1.0,0.844451133251284,GOAL_FT,1,,,
14393,2021-03-13 16:00:00,RFPL,2020/21,Dinamo Moscow,Spartak Moscow,40,0,1,1,1.0,0.8119555469827221,GOAL_FT,1,,,
14395,2021-03-14 16:00:00,RFPL,2020/21,Lokomotiv Moscow,PFC Sochi,41,1,0,1,1.0,0.8210446421825778,GOAL_FT,1,,,
14398,2021-03-14 11:00:00,RFPL,2020/21,FC Ufa,Rubin Kazan,40,0,1,1,1.0,0.8104803266060848,GOAL_FT,1,,,
14399,2021-03-13 11:00:00,RFPL,2020/21,Arsenal Tula,CSKA Moscow,41,1,0,1,1.0,0.8103352742896411,GOAL_FT,1,,,
14401,2021-03-18 14:00:00,RFPL,2020/21,FC Ufa,Lokomotiv Moscow,40,0,0,0,1.0,0.8086140544784313,GOAL_FT,1,,,
14402,2021-03-17 15:00:00,RFPL,2020/21,FC Rotor Volgograd,FC Rostov,40,0,1,1,1.0,0.8649118058368399,GOAL_FT,1,,,
14403,2021-03-17 17:00:00,RFPL,2020/21,CSKA Moscow,Zenit St. Petersburg,40,1,1,2,1.0,0.8308187027938623,GOAL_FT,1,,,
14405,2021-03-18 16:00:00,RFPL,2020/21,FC Krasnodar,Dinamo Moscow,40,1,0,1,1.0,0.8307756320603829,GOAL_FT,1,,,
14406,2021-03-18 16:00:00,RFPL,2020/21,Spartak Moscow,Ural,40,2,0,2,1.0,0.8367481589284803,GOAL_FT,1,,,
14407,2021-03-19 16:00:00,RFPL,2020/21,Rubin Kazan,Khimki,40,0,2,2,1.0,0.8312787739260665,GOAL_FT,1,,,
14408,2021-03-19 16:00:00,RFPL,2020/21,PFC Sochi,FC Tambov,40,0,0,0,1.0,0.8283587209516444,GOAL_FT,1,,,
14409,2021-04-04 11:00:00,RFPL,2020/21,Ural,Arsenal Tula,40,1,0,1,1.0,0.814700935204676,GOAL_FT,1,,,
14412,2021-04-04 13:30:00,RFPL,2020/21,FC Tambov,CSKA Moscow,40,1,1,2,1.0,0.8468186181410726,GOAL_FT,1,,,
14413,2021-04-04 16:00:00,RFPL,2020/21,FC Rostov,Spartak Moscow,40,1,1,2,1.0,0.8448845656640284,GOAL_FT,1,,,
14414,2021-04-05 16:00:00,RFPL,2020/21,Zenit St. Petersburg,Khimki,40,0,0,0,1.0,0.8217780782790761,GOAL_FT,1,,,
14415,2021-04-03 13:30:00,RFPL,2020/21,FC Krasnodar,FK Akhmat,40,0,1,1,1.0,0.8324132634279938,GOAL_FT,1,,,
14416,2021-04-03 16:00:00,RFPL,2020/21,Dinamo Moscow,FC Ufa,40,2,0,2,1.0,0.805582618895776,GOAL_FT,1,,,
14418,2021-04-10 13:30:00,RFPL,2020/21,FC Ufa,FK Akhmat,40,1,0,1,1.0,0.8024881487394179,GOAL_FT,1,,,
14419,2021-04-11 11:00:00,RFPL,2020/21,Arsenal Tula,FC Krasnodar,40,0,0,0,1.0,0.802385818957245,GOAL_FT,1,,,
14420,2021-04-11 13:30:00,RFPL,2020/21,PFC Sochi,Zenit St. Petersburg,40,0,0,0,1.0,0.833639444543901,GOAL_FT,1,,,
14421,2021-04-11 16:00:00,RFPL,2020/21,Lokomotiv Moscow,Spartak Moscow,40,1,0,1,1.0,0.8274235583619836,GOAL_FT,1,,,
14422,2021-04-11 13:30:00,RFPL,2020/21,Dinamo Moscow,Ural,40,0,0,0,1.0,0.8100352202594777,GOAL_FT,1,,,
14424,2021-04-10 16:00:00,RFPL,2020/21,FC Rostov,Rubin Kazan,40,0,0,0,1.0,0.8195028509295053,GOAL_FT,1,,,
14427,2021-04-18 11:00:00,RFPL,2020/21,Arsenal Tula,FC Tambov,40,2,0,2,1.0,0.8617198328766574,GOAL_FT,1,,,
14428,2021-04-17 11:00:00,RFPL,2020/21,FK Akhmat,Khimki,40,1,0,1,1.0,0.8293946509132144,GOAL_FT,1,,,
14429,2021-04-17 16:00:00,RFPL,2020/21,FC Krasnodar,Zenit St. Petersburg,40,1,0,1,1.0,0.8135436065193803,GOAL_FT,1,,,
14430,2021-04-18 16:00:00,RFPL,2020/21,Spartak Moscow,FC Ufa,44,0,1,1,1.0,0.8010558350729756,GOAL_FT,1,,,
14431,2021-04-17 13:30:00,RFPL,2020/21,Lokomotiv Moscow,FC Rostov,40,2,1,3,1.0,0.8220805024828003,GOAL_FT,1,,,
14432,2021-04-18 13:30:00,RFPL,2020/21,PFC Sochi,CSKA Moscow,40,1,0,1,1.0,0.8750865000391045,GOAL_FT,1,,,
14433,2021-04-24 11:00:00,RFPL,2020/21,Ural,FK Akhmat,40,0,1,1,1.0,0.8158117751777155,GOAL_FT,1,,,
14434,2021-04-25 11:00:00,RFPL,2020/21,FC Ufa,PFC Sochi,40,1,2,3,1.0,0.849963991964488,GOAL_FT,1,,,
14436,2021-04-24 16:00:00,RFPL,2020/21,FC Tambov,Lokomotiv Moscow,40,0,1,1,1.0,0.836473844756878,GOAL_FT,1,,,
14437,2021-04-24 16:00:00,RFPL,2020/21,Dinamo Moscow,Khimki,40,0,0,0,1.0,0.8037973700313346,GOAL_FT,1,,,
14441,2021-05-01 16:00:00,RFPL,2020/21,FC Krasnodar,PFC Sochi,40,0,1,1,1.0,0.8300199740001529,GOAL_FT,1,,,
14442,2021-05-02 13:30:00,RFPL,2020/21,FC Rostov,FC Tambov,40,0,0,0,1.0,0.8230197249513042,GOAL_FT,1,,,
14443,2021-05-02 16:00:00,RFPL,2020/21,Zenit St. Petersburg,Lokomotiv Moscow,40,2,0,2,1.0,0.8346322765511072,GOAL_FT,1,,,
14445,2021-05-01 11:00:00,RFPL,2020/21,Rubin Kazan,Dinamo Moscow,40,1,0,1,1.0,0.8145016536733145,GOAL_FT,1,,,
14446,2021-05-03 13:30:00,RFPL,2020/21,Arsenal Tula,Spartak Moscow,40,0,1,1,1.0,0.8146603359526066,GOAL_FT,1,,,
14447,2021-05-02 11:00:00,RFPL,2020/21,Khimki,Ural,40,1,0,1,0.0,0.8199370866901265,GOAL_FT,0,,,
14451,2021-05-08 13:30:00,RFPL,2020/21,Arsenal Tula,Rubin Kazan,40,2,0,2,1.0,0.8244749722909568,GOAL_FT,1,,,
14454,2021-05-08 16:30:00,RFPL,2020/21,CSKA Moscow,FC Krasnodar,40,1,1,2,1.0,0.8089146403676012,GOAL_FT,1,,,
14455,2021-05-07 15:00:00,RFPL,2020/21,FK Akhmat,FC Tambov,40,2,0,2,1.0,0.8260900936284647,GOAL_FT,1,,,
14456,2021-05-10 16:00:00,RFPL,2020/21,Spartak Moscow,Khimki,40,0,1,1,1.0,0.8028432491770581,GOAL_FT,1,,,
14457,2021-05-16 11:00:00,RFPL,2020/21,FC Tambov,Zenit St. Petersburg,40,0,1,1,1.0,0.8194923284566706,GOAL_FT,1,,,
14459,2021-05-16 11:00:00,RFPL,2020/21,Dinamo Moscow,CSKA Moscow,40,0,1,1,1.0,0.8049372417879558,GOAL_FT,1,,,
14460,2021-05-16 11:00:00,RFPL,2020/21,FK Akhmat,Spartak Moscow,40,2,0,2,1.0,0.8146284730092358,GOAL_FT,1,,,
14463,2021-05-16 11:00:00,RFPL,2020/21,Khimki,PFC Sochi,40,0,0,0,0.0,0.8222548174063151,GOAL_FT,0,,,
14466,2020-10-04 18:15:00,EPL,2020/21,Aston Villa,Liverpool,40,4,1,5,1.0,0.8926868369098833,GOAL_FT,1,,,
14468,2020-10-03 14:00:00,EPL,2020/21,Everton,Brighton,40,1,1,2,1.0,0.8392372034888383,GOAL_FT,1,,,
14469,2020-10-03 16:30:00,EPL,2020/21,Leeds,Manchester City,40,0,1,1,1.0,0.8555745212574268,GOAL_FT,1,,,
14470,2020-10-04 11:00:00,EPL,2020/21,Leicester,West Ham,40,0,2,2,1.0,0.8121948401357989,GOAL_FT,1,,,
14471,2020-10-04 15:30:00,EPL,2020/21,Manchester United,Tottenham,40,1,4,5,1.0,0.8769278045052359,GOAL_FT,1,,,
14473,2020-10-04 11:00:00,EPL,2020/21,Southampton,West Bromwich Albion,40,1,0,1,1.0,0.8003860056749541,GOAL_FT,1,,,
14475,2020-10-17 14:00:00,EPL,2020/21,Chelsea,Southampton,40,2,0,2,1.0,0.8199716057176439,GOAL_FT,1,,,
14477,2020-10-17 11:30:00,EPL,2020/21,Everton,Liverpool,40,1,1,2,1.0,0.8458855861019465,GOAL_FT,1,,,
14478,2020-10-19 19:00:00,EPL,2020/21,Leeds,Wolverhampton Wanderers,40,0,0,0,1.0,0.804270885339389,GOAL_FT,1,,,
14480,2020-10-17 16:30:00,EPL,2020/21,Manchester City,Arsenal,40,1,0,1,0.0,0.8491909068363179,GOAL_FT,0,,,
14481,2020-10-17 19:00:00,EPL,2020/21,Newcastle United,Manchester United,40,0,1,1,1.0,0.8107117831391152,GOAL_FT,1,,,
14483,2020-10-18 15:30:00,EPL,2020/21,Tottenham,West Ham,40,3,0,3,1.0,0.8248518323014097,GOAL_FT,1,,,
14486,2020-10-23 19:00:00,EPL,2020/21,Aston Villa,Leeds,40,0,0,0,1.0,0.8176648317026542,GOAL_FT,1,,,
14489,2020-10-24 14:00:00,EPL,2020/21,Fulham,Crystal Palace,40,0,1,1,1.0,0.8290824800666438,GOAL_FT,1,,,
14490,2020-10-24 19:00:00,EPL,2020/21,Liverpool,Sheffield United,40,1,1,2,1.0,0.8756012000644722,GOAL_FT,1,,,
14495,2020-11-01 12:00:00,EPL,2020/21,Aston Villa,Southampton,40,0,2,2,1.0,0.8142361620186938,GOAL_FT,1,,,
14497,2020-11-02 17:30:00,EPL,2020/21,Fulham,West Bromwich Albion,40,2,0,2,0.0,0.8087389703190981,GOAL_FT,0,,,
14498,2020-11-02 20:00:00,EPL,2020/21,Leeds,Leicester,40,0,2,2,1.0,0.8425976990903477,GOAL_FT,1,,,
14499,2020-10-31 17:30:00,EPL,2020/21,Liverpool,West Ham,41,1,1,2,1.0,0.8312033283771119,GOAL_FT,1,,,
14502,2020-10-31 12:30:00,EPL,2020/21,Sheffield United,Manchester City,40,0,1,1,0.0,0.8284808720811953,GOAL_FT,0,,,
14504,2020-10-30 20:00:00,EPL,2020/21,Wolverhampton Wanderers,Crystal Palace,40,2,0,2,0.0,0.8209510004661759,GOAL_FT,0,,,
14505,2020-11-08 19:15:00,EPL,2020/21,Arsenal,Aston Villa,40,0,0,0,1.0,0.809986472893641,GOAL_FT,1,,,
14506,2020-11-06 17:30:00,EPL,2020/21,Brighton,Burnley,40,0,0,0,0.0,0.8295769284382442,GOAL_FT,0,,,
14507,2020-11-07 17:30:00,EPL,2020/21,Chelsea,Sheffield United,40,2,1,3,1.0,0.8526803384504289,GOAL_FT,1,,,
14509,2020-11-07 12:30:00,EPL,2020/21,Everton,Manchester United,40,1,2,3,1.0,0.8237219319632512,GOAL_FT,1,,,
14510,2020-11-08 14:00:00,EPL,2020/21,Leicester,Wolverhampton Wanderers,40,1,0,1,0.0,0.8236325875703141,GOAL_FT,0,,,
14511,2020-11-08 16:30:00,EPL,2020/21,Manchester City,Liverpool,40,1,1,2,0.0,0.8085245120884779,GOAL_FT,0,,,
14514,2020-11-07 20:00:00,EPL,2020/21,West Ham,Fulham,40,0,0,0,1.0,0.8000435549270533,GOAL_FT,1,,,
14515,2020-11-21 15:00:00,EPL,2020/21,Aston Villa,Brighton,40,0,1,1,1.0,0.8447151356159938,GOAL_FT,1,,,
14517,2020-11-22 12:00:00,EPL,2020/21,Fulham,Everton,40,1,3,4,1.0,0.8659913726009917,GOAL_FT,1,,,
14518,2020-11-22 16:30:00,EPL,2020/21,Leeds,Arsenal,40,0,0,0,0.0,0.8322397749049469,GOAL_FT,0,,,
14519,2020-11-22 19:15:00,EPL,2020/21,Liverpool,Leicester,40,1,0,1,1.0,0.8438776129256342,GOAL_FT,1,,,
14521,2020-11-21 12:30:00,EPL,2020/21,Newcastle United,Chelsea,40,0,0,0,1.0,0.8076797344661529,GOAL_FT,1,,,
14523,2020-11-21 17:30:00,EPL,2020/21,Tottenham,Manchester City,40,1,0,1,1.0,0.8010634604489382,GOAL_FT,1,,,
14524,2020-11-23 20:00:00,EPL,2020/21,Wolverhampton Wanderers,Southampton,40,0,0,0,1.0,0.8101945028585773,GOAL_FT,1,,,
14525,2020-11-29 19:15:00,EPL,2020/21,Arsenal,Wolverhampton Wanderers,40,1,1,2,1.0,0.8027945448695881,GOAL_FT,1,,,
14526,2020-11-30 20:00:00,EPL,2020/21,West Ham,Aston Villa,40,1,1,2,1.0,0.8193824273366977,GOAL_FT,1,,,
14527,2020-11-28 20:00:00,EPL,2020/21,West Bromwich Albion,Sheffield United,40,1,0,1,0.0,0.857251656766014,GOAL_FT,0,,,
14528,2020-11-28 12:30:00,EPL,2020/21,Brighton,Liverpool,40,0,0,0,1.0,0.8071322550417755,GOAL_FT,1,,,
14531,2020-11-28 17:30:00,EPL,2020/21,Everton,Leeds,40,0,0,0,1.0,0.8249271001368979,GOAL_FT,1,,,
14532,2020-11-30 17:30:00,EPL,2020/21,Leicester,Fulham,40,0,2,2,1.0,0.8561258375113016,GOAL_FT,1,,,
14533,2020-11-28 15:00:00,EPL,2020/21,Manchester City,Burnley,40,3,0,3,1.0,0.8243725812180456,GOAL_FT,1,,,
14534,2020-11-29 14:00:00,EPL,2020/21,Southampton,Manchester United,40,2,0,2,1.0,0.80326618290152,GOAL_FT,1,,,
14535,2021-01-23 20:00:00,EPL,2020/21,Aston Villa,Newcastle United,47,2,0,2,0.0,0.8070316285783913,GOAL_FT,0,,,
14536,2020-12-07 20:00:00,EPL,2020/21,Brighton,Southampton,40,1,0,1,1.0,0.809093808680455,GOAL_FT,1,,,
14537,2020-12-05 12:30:00,EPL,2020/21,Burnley,Everton,40,1,0,1,1.0,0.8147038968028999,GOAL_FT,1,,,
14538,2020-12-05 20:00:00,EPL,2020/21,Chelsea,Leeds,40,1,1,2,1.0,0.8353557472719767,GOAL_FT,1,,,
14539,2020-12-06 19:15:00,EPL,2020/21,Liverpool,Wolverhampton Wanderers,40,1,0,1,1.0,0.8095994930073523,GOAL_FT,1,,,
14540,2020-12-05 15:00:00,EPL,2020/21,Manchester City,Fulham,40,2,0,2,0.0,0.8432537408036829,GOAL_FT,0,,,
14543,2020-12-06 12:00:00,EPL,2020/21,West Bromwich Albion,Crystal Palace,40,1,0,1,1.0,0.8026549462957016,GOAL_FT,1,,,
14544,2020-12-05 17:30:00,EPL,2020/21,West Ham,Manchester United,40,1,0,1,1.0,0.8635802015335702,GOAL_FT,1,,,
14545,2020-12-13 14:15:00,EPL,2020/21,Crystal Palace,Tottenham,40,0,1,1,1.0,0.8283721228555008,GOAL_FT,1,,,
14546,2020-12-12 20:00:00,EPL,2020/21,Everton,Chelsea,40,1,0,1,0.0,0.8155661599388871,GOAL_FT,0,,,
14547,2020-12-13 16:30:00,EPL,2020/21,Fulham,Liverpool,45,1,0,1,1.0,0.8250616524381281,GOAL_FT,1,,,
14548,2020-12-11 20:00:00,EPL,2020/21,Leeds,West Ham,40,1,1,2,1.0,0.8308917752619465,GOAL_FT,1,,,
14549,2020-12-12 17:30:00,EPL,2020/21,Manchester United,Manchester City,40,0,0,0,0.0,0.807352540081001,GOAL_FT,0,,,
14550,2020-12-12 15:00:00,EPL,2020/21,Newcastle United,West Bromwich Albion,40,1,0,1,1.0,0.8130055120007946,GOAL_FT,1,,,
14551,2020-12-13 12:00:00,EPL,2020/21,Southampton,Sheffield United,40,1,0,1,1.0,0.8293467999842734,GOAL_FT,1,,,
14552,2020-12-12 12:30:00,EPL,2020/21,Wolverhampton Wanderers,Aston Villa,40,0,0,0,1.0,0.8078346060180732,GOAL_FT,1,,,
14553,2020-12-13 19:15:00,EPL,2020/21,Leicester,Brighton,40,2,0,2,1.0,0.8590604974046054,GOAL_FT,1,,,
14556,2020-12-17 18:00:00,EPL,2020/21,Aston Villa,Burnley,40,0,0,0,0.0,0.8154177281364167,GOAL_FT,0,,,
14558,2020-12-16 18:00:00,EPL,2020/21,Leeds,Newcastle United,40,1,1,2,1.0,0.8747773705925759,GOAL_FT,1,,,
14559,2020-12-16 18:00:00,EPL,2020/21,Leicester,Everton,40,0,1,1,1.0,0.8204618482808747,GOAL_FT,1,,,
14560,2020-12-17 20:00:00,EPL,2020/21,Sheffield United,Manchester United,40,1,2,3,1.0,0.8463014757681269,GOAL_FT,1,,,
14561,2020-12-16 20:00:00,EPL,2020/21,West Ham,Crystal Palace,40,0,1,1,1.0,0.8020509137695966,GOAL_FT,1,,,
14562,2020-12-15 18:00:00,EPL,2020/21,Wolverhampton Wanderers,Chelsea,48,0,1,1,1.0,0.8007940244536739,GOAL_FT,1,,,
14563,2020-12-16 20:00:00,EPL,2020/21,Liverpool,Tottenham,40,1,1,2,1.0,0.822532348535607,GOAL_FT,1,,,
14564,2020-12-15 20:00:00,EPL,2020/21,Manchester City,West Bromwich Albion,40,1,0,1,1.0,0.8004185194101047,GOAL_FT,1,,,
14566,2020-12-21 17:30:00,EPL,2020/21,Burnley,Wolverhampton Wanderers,40,1,0,1,1.0,0.8170964868743638,GOAL_FT,1,,,
14568,2020-12-19 12:30:00,EPL,2020/21,Crystal Palace,Liverpool,40,0,2,2,1.0,0.8212479201832295,GOAL_FT,1,,,
14569,2020-12-19 17:30:00,EPL,2020/21,Everton,Arsenal,40,0,1,1,1.0,0.8263807282375099,GOAL_FT,1,,,
14570,2020-12-20 16:30:00,EPL,2020/21,Manchester United,Leeds,40,4,1,5,1.0,0.8872197065461904,GOAL_FT,1,,,
14571,2020-12-19 20:00:00,EPL,2020/21,Newcastle United,Fulham,40,0,0,0,1.0,0.8133274078281781,GOAL_FT,1,,,
14572,2020-12-19 15:00:00,EPL,2020/21,Southampton,Manchester City,40,0,1,1,0.0,0.8050484593498585,GOAL_FT,0,,,
14573,2020-12-20 14:15:00,EPL,2020/21,Tottenham,Leicester,48,0,1,1,1.0,0.8051909288298938,GOAL_FT,1,,,
14575,2020-12-26 17:30:00,EPL,2020/21,Arsenal,Chelsea,40,1,0,1,1.0,0.8442096311299817,GOAL_FT,1,,,
14576,2020-12-26 15:00:00,EPL,2020/21,Aston Villa,Crystal Palace,40,1,0,1,1.0,0.8487351258662216,GOAL_FT,1,,,
14578,2020-12-27 12:00:00,EPL,2020/21,Leeds,Burnley,40,1,0,1,0.0,0.8539208356920679,GOAL_FT,0,,,
14579,2020-12-26 12:30:00,EPL,2020/21,Leicester,Manchester United,40,1,1,2,1.0,0.8259054197767531,GOAL_FT,1,,,
14580,2020-12-27 16:30:00,EPL,2020/21,Liverpool,West Bromwich Albion,40,1,0,1,1.0,0.807440491328518,GOAL_FT,1,,,
14583,2020-12-27 14:15:00,EPL,2020/21,West Ham,Brighton,43,0,1,1,1.0,0.8128593015253521,GOAL_FT,1,,,
14586,2020-12-28 17:30:00,EPL,2020/21,Chelsea,Aston Villa,40,1,0,1,1.0,0.8438170846914725,GOAL_FT,1,,,
14587,2020-12-29 18:00:00,EPL,2020/21,Burnley,Sheffield United,40,1,0,1,0.0,0.8079706252806584,GOAL_FT,0,,,
14589,2021-01-13 20:00:00,EPL,2020/21,Tottenham,Fulham,40,1,0,1,1.0,0.8618646287584844,GOAL_FT,1,,,
14590,2020-12-29 18:00:00,EPL,2020/21,West Bromwich Albion,Leeds,40,0,3,3,1.0,0.8417638552012533,GOAL_FT,1,,,
14592,2020-12-29 20:00:00,EPL,2020/21,Manchester United,Wolverhampton Wanderers,40,0,0,0,1.0,0.838076929747827,GOAL_FT,1,,,
14593,2021-02-17 20:15:00,EPL,2020/21,Everton,Manchester City,40,1,1,2,1.0,0.8714840356048754,GOAL_FT,1,,,
14594,2020-12-28 15:00:00,EPL,2020/21,Crystal Palace,Leicester,40,0,0,0,1.0,0.8002121579542125,GOAL_FT,1,,,
14596,2021-01-01 20:00:00,EPL,2020/21,Manchester United,Aston Villa,40,1,0,1,1.0,0.8399296170334563,GOAL_FT,1,,,
14598,2021-01-04 20:00:00,EPL,2020/21,Southampton,Liverpool,40,1,0,1,0.0,0.8005478979206648,GOAL_FT,0,,,
14599,2021-01-02 12:30:00,EPL,2020/21,Tottenham,Leeds,40,1,0,1,1.0,0.8564070562034192,GOAL_FT,1,,,
14600,2021-01-02 20:00:00,EPL,2020/21,West Bromwich Albion,Arsenal,40,0,2,2,1.0,0.8268251186676587,GOAL_FT,1,,,
14601,2021-01-02 17:30:00,EPL,2020/21,Brighton,Wolverhampton Wanderers,40,1,1,2,1.0,0.8113471956027444,GOAL_FT,1,,,
14603,2021-01-03 16:30:00,EPL,2020/21,Chelsea,Manchester City,40,0,3,3,1.0,0.8632168048514683,GOAL_FT,1,,,
14607,2021-01-20 20:15:00,EPL,2020/21,Fulham,Manchester United,40,1,1,2,1.0,0.8090628638797461,GOAL_FT,1,,,
14609,2021-01-19 20:15:00,EPL,2020/21,Leicester,Chelsea,40,2,0,2,0.0,0.8314040543535814,GOAL_FT,0,,,
14610,2021-01-12 18:00:00,EPL,2020/21,Sheffield United,Newcastle United,40,0,0,0,1.0,0.8243536215936476,GOAL_FT,1,,,
14611,2021-01-19 18:00:00,EPL,2020/21,West Ham,West Bromwich Albion,45,1,0,1,1.0,0.8020715508503822,GOAL_FT,1,,,
14613,2021-01-21 20:00:00,EPL,2020/21,Liverpool,Burnley,40,0,0,0,1.0,0.8087180977655435,GOAL_FT,1,,,
14614,2021-01-13 18:00:00,EPL,2020/21,Manchester City,Brighton,40,0,0,0,1.0,0.809437515934584,GOAL_FT,1,,,
14621,2021-01-17 19:15:00,EPL,2020/21,Manchester City,Crystal Palace,40,1,0,1,1.0,0.8007141709876794,GOAL_FT,1,,,
14622,2021-01-17 14:00:00,EPL,2020/21,Sheffield United,Tottenham,40,0,2,2,1.0,0.8297072926796121,GOAL_FT,1,,,
14623,2021-01-16 15:00:00,EPL,2020/21,West Ham,Burnley,40,1,0,1,0.0,0.8037008369405855,GOAL_FT,0,,,
14624,2021-01-16 12:30:00,EPL,2020/21,Wolverhampton Wanderers,West Bromwich Albion,40,1,1,2,1.0,0.8622364630612127,GOAL_FT,1,,,
14626,2021-01-27 18:00:00,EPL,2020/21,Burnley,Aston Villa,40,0,1,1,1.0,0.8380018963512514,GOAL_FT,1,,,
14629,2021-01-26 20:15:00,EPL,2020/21,West Bromwich Albion,Manchester City,40,0,3,3,1.0,0.8336575156219094,GOAL_FT,1,,,
14632,2021-01-26 20:15:00,EPL,2020/21,Southampton,Arsenal,40,1,2,3,1.0,0.8465547660576072,GOAL_FT,1,,,
14633,2021-01-28 20:00:00,EPL,2020/21,Tottenham,Liverpool,48,1,2,3,1.0,0.8414328174980725,GOAL_FT,1,,,
14634,2021-01-26 18:00:00,EPL,2020/21,Crystal Palace,West Ham,40,1,2,3,1.0,0.8383674895806306,GOAL_FT,1,,,
14636,2021-01-31 19:15:00,EPL,2020/21,Brighton,Tottenham,40,1,0,1,0.0,0.8021184403752647,GOAL_FT,0,,,
14637,2021-01-31 12:00:00,EPL,2020/21,Chelsea,Burnley,40,1,0,1,1.0,0.8054249447984825,GOAL_FT,1,,,
14640,2021-01-30 15:00:00,EPL,2020/21,West Bromwich Albion,Fulham,40,0,1,1,1.0,0.8025525047487474,GOAL_FT,1,,,
14641,2021-01-30 20:00:00,EPL,2020/21,Southampton,Aston Villa,40,0,1,1,0.0,0.840609549568199,GOAL_FT,0,,,
14643,2021-01-31 14:00:00,EPL,2020/21,Leicester,Leeds,40,1,1,2,1.0,0.8357187183973446,GOAL_FT,1,,,
14644,2021-01-30 12:30:00,EPL,2020/21,Everton,Newcastle United,40,0,0,0,1.0,0.8076569650653538,GOAL_FT,1,,,
14645,2021-02-03 20:15:00,EPL,2020/21,Aston Villa,West Ham,40,0,0,0,1.0,0.8001780378454578,GOAL_FT,1,,,
14646,2021-02-03 18:00:00,EPL,2020/21,Burnley,Manchester City,40,0,2,2,0.0,0.8341978806893754,GOAL_FT,0,,,
14647,2021-02-03 18:00:00,EPL,2020/21,Fulham,Leicester,41,0,1,1,1.0,0.8043220752412461,GOAL_FT,1,,,
14648,2021-02-03 19:30:00,EPL,2020/21,Leeds,Everton,40,0,2,2,1.0,0.8526919185674426,GOAL_FT,1,,,
14649,2021-02-02 18:00:00,EPL,2020/21,Sheffield United,West Bromwich Albion,40,0,1,1,1.0,0.8777654948981712,GOAL_FT,1,,,
14651,2021-02-02 20:15:00,EPL,2020/21,Manchester United,Southampton,40,3,0,3,1.0,0.8557977343445277,GOAL_FT,1,,,
14652,2021-02-02 20:15:00,EPL,2020/21,Newcastle United,Crystal Palace,40,1,2,3,0.0,0.8666038368502038,GOAL_FT,0,,,
14656,2021-02-06 15:00:00,EPL,2020/21,Burnley,Brighton,40,0,1,1,1.0,0.8323755684655597,GOAL_FT,1,,,
14658,2021-02-08 20:00:00,EPL,2020/21,Leeds,Crystal Palace,40,1,0,1,1.0,0.8303011877068848,GOAL_FT,1,,,
14659,2021-02-07 16:30:00,EPL,2020/21,Liverpool,Manchester City,40,0,0,0,1.0,0.8084627741564595,GOAL_FT,1,,,
14660,2021-02-06 20:00:00,EPL,2020/21,Manchester United,Everton,48,2,1,3,1.0,0.8143061379054387,GOAL_FT,1,,,
14661,2021-02-06 15:00:00,EPL,2020/21,Newcastle United,Southampton,40,2,1,3,1.0,0.8098147745564518,GOAL_FT,1,,,
14662,2021-02-07 19:15:00,EPL,2020/21,Sheffield United,Chelsea,42,0,1,1,1.0,0.8037781769692603,GOAL_FT,1,,,
14663,2021-02-07 12:00:00,EPL,2020/21,Tottenham,West Bromwich Albion,41,0,0,0,1.0,0.817284460237528,GOAL_FT,1,,,
14664,2021-02-07 14:00:00,EPL,2020/21,Wolverhampton Wanderers,Leicester,40,0,0,0,0.0,0.8027958579092919,GOAL_FT,0,,,
14665,2021-02-14 16:30:00,EPL,2020/21,Arsenal,Leeds,40,2,0,2,1.0,0.8483614753003367,GOAL_FT,1,,,
14666,2021-02-13 20:00:00,EPL,2020/21,Brighton,Aston Villa,40,0,0,0,0.0,0.8155959551537239,GOAL_FT,0,,,
14667,2021-02-15 20:00:00,EPL,2020/21,Chelsea,Newcastle United,40,2,0,2,0.0,0.8696724793503405,GOAL_FT,0,,,
14668,2021-02-13 15:00:00,EPL,2020/21,Crystal Palace,Burnley,40,0,2,2,1.0,0.835122120613788,GOAL_FT,1,,,
14669,2021-02-14 19:00:00,EPL,2020/21,Everton,Fulham,40,0,0,0,1.0,0.800591417500164,GOAL_FT,1,,,
14670,2021-02-13 12:30:00,EPL,2020/21,Leicester,Liverpool,40,0,0,0,1.0,0.8112613442854748,GOAL_FT,1,,,
14671,2021-02-13 17:30:00,EPL,2020/21,Manchester City,Tottenham,40,1,0,1,1.0,0.801208859730892,GOAL_FT,1,,,
14674,2021-02-15 18:00:00,EPL,2020/21,West Ham,Sheffield United,40,1,0,1,1.0,0.8332779145054459,GOAL_FT,1,,,
14676,2021-02-21 14:00:00,EPL,2020/21,Aston Villa,Leicester,40,0,2,2,1.0,0.8382242521361996,GOAL_FT,1,,,
14680,2021-02-20 17:30:00,EPL,2020/21,Liverpool,Everton,40,0,1,1,1.0,0.819440110098528,GOAL_FT,1,,,
14681,2021-02-21 19:00:00,EPL,2020/21,Manchester United,Newcastle United,40,1,1,2,1.0,0.8099640841885943,GOAL_FT,1,,,
14683,2021-02-21 12:00:00,EPL,2020/21,West Ham,Tottenham,40,1,0,1,1.0,0.8249367976278966,GOAL_FT,1,,,
14684,2021-02-19 20:00:00,EPL,2020/21,Wolverhampton Wanderers,Leeds,40,0,0,0,1.0,0.8073625124023804,GOAL_FT,1,,,
14686,2021-03-01 20:00:00,EPL,2020/21,Everton,Southampton,40,1,0,1,0.0,0.8018284622511531,GOAL_FT,0,,,
14688,2021-02-27 20:00:00,EPL,2020/21,Newcastle United,Wolverhampton Wanderers,40,0,0,0,1.0,0.8142558711781461,GOAL_FT,1,,,
14689,2021-02-27 12:30:00,EPL,2020/21,Manchester City,West Ham,42,1,1,2,1.0,0.8672153086369333,GOAL_FT,1,,,
14690,2021-02-28 12:00:00,EPL,2020/21,Leicester,Arsenal,46,1,2,3,1.0,0.8025715860716255,GOAL_FT,1,,,
14691,2021-02-27 17:30:00,EPL,2020/21,Leeds,Aston Villa,40,0,1,1,0.0,0.8221993543141638,GOAL_FT,0,,,
14693,2021-02-28 14:00:00,EPL,2020/21,Tottenham,Burnley,40,3,0,3,1.0,0.8357826718664724,GOAL_FT,1,,,
14697,2021-03-06 12:30:00,EPL,2020/21,Burnley,Arsenal,40,1,1,2,0.0,0.8337997069090369,GOAL_FT,0,,,
14698,2021-03-08 18:00:00,EPL,2020/21,Chelsea,Everton,40,0,0,0,1.0,0.8140975009602585,GOAL_FT,1,,,
14699,2021-03-07 14:00:00,EPL,2020/21,Liverpool,Fulham,40,0,0,0,1.0,0.8056026273254614,GOAL_FT,1,,,
14700,2021-03-07 16:30:00,EPL,2020/21,Manchester City,Manchester United,40,0,1,1,1.0,0.8159148565970049,GOAL_FT,1,,,
14701,2021-03-06 15:00:00,EPL,2020/21,Sheffield United,Southampton,40,0,1,1,1.0,0.8323401147821712,GOAL_FT,1,,,
14704,2021-03-08 20:00:00,EPL,2020/21,West Ham,Leeds,40,2,0,2,0.0,0.8395259940038525,GOAL_FT,0,,,
14705,2021-03-14 16:30:00,EPL,2020/21,Arsenal,Tottenham,40,0,1,1,1.0,0.8150571718722178,GOAL_FT,1,,,
14706,2021-03-13 15:00:00,EPL,2020/21,Crystal Palace,West Bromwich Albion,40,1,0,1,0.0,0.834977408393685,GOAL_FT,0,,,
14707,2021-03-13 17:30:00,EPL,2020/21,Everton,Burnley,40,1,2,3,0.0,0.8719705672112252,GOAL_FT,0,,,
14710,2021-03-14 14:00:00,EPL,2020/21,Leicester,Sheffield United,40,1,0,1,1.0,0.8209811950210364,GOAL_FT,1,,,
14713,2021-03-14 12:00:00,EPL,2020/21,Southampton,Brighton,40,1,1,2,1.0,0.8000549855528973,GOAL_FT,1,,,
14716,2021-03-03 18:00:00,EPL,2020/21,Burnley,Leicester,40,1,1,2,0.0,0.8248986732240474,GOAL_FT,0,,,
14718,2021-03-19 20:00:00,EPL,2020/21,Fulham,Leeds,40,1,1,2,1.0,0.8229475546824232,GOAL_FT,1,,,
14721,2021-03-03 18:00:00,EPL,2020/21,Sheffield United,Aston Villa,40,1,0,1,0.0,0.8275724343573297,GOAL_FT,0,,,
14722,2021-04-21 19:00:00,EPL,2020/21,Tottenham,Southampton,40,0,1,1,1.0,0.8212750789365703,GOAL_FT,1,,,
14723,2021-03-04 18:00:00,EPL,2020/21,West Bromwich Albion,Everton,41,0,0,0,1.0,0.8005703334218038,GOAL_FT,1,,,
14724,2021-03-21 15:00:00,EPL,2020/21,West Ham,Arsenal,40,3,0,3,1.0,0.8552481772871844,GOAL_FT,1,,,
14726,2021-04-04 15:30:00,EPL,2020/21,Aston Villa,Fulham,40,0,0,0,1.0,0.8119683074039976,GOAL_FT,1,,,
14727,2021-04-03 11:30:00,EPL,2020/21,Chelsea,West Bromwich Albion,48,1,2,3,1.0,0.8063054007283017,GOAL_FT,1,,,
14728,2021-04-05 17:00:00,EPL,2020/21,Everton,Crystal Palace,40,0,0,0,1.0,0.8074432191635644,GOAL_FT,1,,,
14729,2021-04-03 14:00:00,EPL,2020/21,Leeds,Sheffield United,40,1,0,1,1.0,0.8295313059059368,GOAL_FT,1,,,
14731,2021-04-04 18:30:00,EPL,2020/21,Manchester United,Brighton,40,0,1,1,1.0,0.8005618789492208,GOAL_FT,1,,,
14732,2021-04-04 13:05:00,EPL,2020/21,Newcastle United,Tottenham,40,1,2,3,1.0,0.8688012530428262,GOAL_FT,1,,,
14733,2021-04-04 11:00:00,EPL,2020/21,Southampton,Burnley,40,1,2,3,1.0,0.8467707573527743,GOAL_FT,1,,,
14734,2021-04-05 19:15:00,EPL,2020/21,Wolverhampton Wanderers,West Ham,40,0,3,3,1.0,0.8965864139408539,GOAL_FT,1,,,
14735,2021-04-12 19:15:00,EPL,2020/21,Brighton,Everton,40,0,0,0,0.0,0.8055505421984315,GOAL_FT,0,,,
14736,2021-04-11 11:00:00,EPL,2020/21,Burnley,Newcastle United,40,1,0,1,1.0,0.8587187106202339,GOAL_FT,1,,,
14737,2021-04-10 16:30:00,EPL,2020/21,Crystal Palace,Chelsea,40,0,3,3,1.0,0.8367884615870931,GOAL_FT,1,,,
14739,2021-04-10 14:00:00,EPL,2020/21,Liverpool,Aston Villa,40,0,0,0,1.0,0.8246971157499804,GOAL_FT,1,,,
14740,2021-04-10 11:30:00,EPL,2020/21,Manchester City,Leeds,40,0,0,0,1.0,0.810603648511061,GOAL_FT,1,,,
14741,2021-04-11 18:00:00,EPL,2020/21,Sheffield United,Arsenal,40,0,1,1,1.0,0.8006325368220223,GOAL_FT,1,,,
14743,2021-04-12 17:00:00,EPL,2020/21,West Bromwich Albion,Southampton,40,2,0,2,1.0,0.8791959588393626,GOAL_FT,1,,,
14746,2021-04-21 19:15:00,EPL,2020/21,Aston Villa,Manchester City,40,1,2,3,0.0,0.8614924849523489,GOAL_FT,0,,,
14748,2021-04-16 19:00:00,EPL,2020/21,Everton,Tottenham,40,1,1,2,1.0,0.8606529647474903,GOAL_FT,1,,,
14749,2021-04-19 19:00:00,EPL,2020/21,Leeds,Liverpool,40,0,1,1,1.0,0.8389958289019056,GOAL_FT,1,,,
14750,2021-04-22 19:00:00,EPL,2020/21,Leicester,West Bromwich Albion,40,3,0,3,0.0,0.8480592184268105,GOAL_FT,0,,,
14751,2021-04-18 15:00:00,EPL,2020/21,Manchester United,Burnley,49,1,1,2,1.0,0.8054933987603772,GOAL_FT,1,,,
14752,2021-04-17 11:30:00,EPL,2020/21,Newcastle United,West Ham,40,1,0,1,1.0,0.8771494837665139,GOAL_FT,1,,,
14753,2021-05-11 21:00:00,EPL,2020/21,Southampton,Crystal Palace,40,1,1,2,1.0,0.8381961547778344,GOAL_FT,1,,,
14755,2021-04-23 19:00:00,EPL,2020/21,Arsenal,Everton,40,0,0,0,1.0,0.8124822611688107,GOAL_FT,1,,,
14756,2021-04-25 18:00:00,EPL,2020/21,Aston Villa,West Bromwich Albion,40,1,1,2,1.0,0.8257620855551321,GOAL_FT,1,,,
14760,2021-04-24 11:30:00,EPL,2020/21,Liverpool,Newcastle United,40,1,0,1,1.0,0.8298637917820345,GOAL_FT,1,,,
14761,2021-03-10 18:00:00,EPL,2020/21,Manchester City,Southampton,40,2,1,3,1.0,0.8430381008986318,GOAL_FT,1,,,
14763,2021-04-24 16:30:00,EPL,2020/21,West Ham,Chelsea,42,0,1,1,0.0,0.8054945482510656,GOAL_FT,0,,,
14764,2021-04-25 11:00:00,EPL,2020/21,Wolverhampton Wanderers,Burnley,40,0,2,2,1.0,0.8360685644870857,GOAL_FT,1,,,
14765,2021-05-01 14:00:00,EPL,2020/21,Brighton,Leeds,40,1,0,1,1.0,0.8312142486136913,GOAL_FT,1,,,
14766,2021-05-03 19:15:00,EPL,2020/21,Burnley,West Ham,40,1,2,3,0.0,0.8555773395523779,GOAL_FT,0,,,
14767,2021-05-01 16:30:00,EPL,2020/21,Chelsea,Fulham,40,1,0,1,1.0,0.8298787666252669,GOAL_FT,1,,,
14769,2021-05-01 19:00:00,EPL,2020/21,Everton,Aston Villa,40,1,1,2,1.0,0.8600462375712362,GOAL_FT,1,,,
14770,2021-05-13 19:15:00,EPL,2020/21,Manchester United,Liverpool,40,1,1,2,1.0,0.8573253792800691,GOAL_FT,1,,,
14771,2021-05-02 13:00:00,EPL,2020/21,Newcastle United,Arsenal,40,0,1,1,1.0,0.8212397719276524,GOAL_FT,1,,,
14773,2021-05-02 18:15:00,EPL,2020/21,Tottenham,Sheffield United,40,1,0,1,1.0,0.8280271057713948,GOAL_FT,1,,,
14775,2021-05-09 18:00:00,EPL,2020/21,Arsenal,West Bromwich Albion,40,2,0,2,1.0,0.8395027428870504,GOAL_FT,1,,,
14776,2021-05-09 13:05:00,EPL,2020/21,Aston Villa,Manchester United,40,1,0,1,1.0,0.8076906353020924,GOAL_FT,1,,,
14777,2021-05-10 19:00:00,EPL,2020/21,Fulham,Burnley,40,0,1,1,1.0,0.8572054713386106,GOAL_FT,1,,,
14778,2021-05-08 11:30:00,EPL,2020/21,Leeds,Tottenham,40,1,1,2,1.0,0.8178824059454556,GOAL_FT,1,,,
14779,2021-05-07 19:00:00,EPL,2020/21,Leicester,Newcastle United,40,0,2,2,1.0,0.8540744824629102,GOAL_FT,1,,,
14780,2021-05-08 19:15:00,EPL,2020/21,Liverpool,Southampton,40,1,0,1,1.0,0.8396903931437475,GOAL_FT,1,,,
14781,2021-05-08 16:30:00,EPL,2020/21,Manchester City,Chelsea,43,1,0,1,1.0,0.8121325262300453,GOAL_FT,1,,,
14782,2021-05-08 14:00:00,EPL,2020/21,Sheffield United,Crystal Palace,40,0,1,1,1.0,0.8203344724592029,GOAL_FT,1,,,
14783,2021-05-09 15:30:00,EPL,2020/21,West Ham,Everton,40,0,1,1,0.0,0.8213425872252481,GOAL_FT,0,,,
14785,2021-05-15 19:00:00,EPL,2020/21,Brighton,West Ham,43,0,0,0,1.0,0.806241200223654,GOAL_FT,1,,,
14787,2021-05-16 18:00:00,EPL,2020/21,Everton,Sheffield United,40,0,1,1,0.0,0.8731000458170188,GOAL_FT,0,,,
14789,2021-05-16 15:30:00,EPL,2020/21,West Bromwich Albion,Liverpool,40,1,1,2,1.0,0.8649649082563139,GOAL_FT,1,,,
14790,2021-05-12 19:15:00,EPL,2020/21,Chelsea,Arsenal,40,0,1,1,0.0,0.8163320205834701,GOAL_FT,0,,,
14791,2021-05-14 19:00:00,EPL,2020/21,Newcastle United,Manchester City,40,1,1,2,1.0,0.8138051489221009,GOAL_FT,1,,,
14792,2021-05-15 14:00:00,EPL,2020/21,Southampton,Fulham,40,1,0,1,1.0,0.8129387725455085,GOAL_FT,1,,,
14793,2021-05-16 13:05:00,EPL,2020/21,Tottenham,Wolverhampton Wanderers,42,0,0,0,1.0,0.828685164536721,GOAL_FT,1,,,
14794,2021-05-16 11:00:00,EPL,2020/21,Crystal Palace,Aston Villa,40,1,2,3,1.0,0.8565183688064686,GOAL_FT,1,,,
14796,2021-05-19 19:15:00,EPL,2020/21,Burnley,Liverpool,40,0,0,0,1.0,0.8597802090177453,GOAL_FT,1,,,
14797,2021-05-18 19:15:00,EPL,2020/21,Chelsea,Leicester,40,0,0,0,1.0,0.8101796388484696,GOAL_FT,1,,,
14798,2021-05-19 18:00:00,EPL,2020/21,Crystal Palace,Arsenal,40,0,1,1,1.0,0.802754746537376,GOAL_FT,1,,,
14799,2021-05-19 17:00:00,EPL,2020/21,Everton,Wolverhampton Wanderers,40,0,0,0,1.0,0.8006425929005615,GOAL_FT,1,,,
14801,2021-05-19 17:00:00,EPL,2020/21,Newcastle United,Sheffield United,40,0,0,0,1.0,0.8078813484853727,GOAL_FT,1,,,
14802,2021-05-18 17:00:00,EPL,2020/21,Southampton,Leeds,40,0,0,0,1.0,0.8226986156191219,GOAL_FT,1,,,
14803,2021-05-19 17:00:00,EPL,2020/21,Tottenham,Aston Villa,40,1,1,2,1.0,0.8328898288901132,GOAL_FT,1,,,
14804,2021-05-19 19:15:00,EPL,2020/21,West Bromwich Albion,West Ham,40,1,0,1,1.0,0.8446687261925236,GOAL_FT,1,,,
14806,2021-05-23 15:00:00,EPL,2020/21,Aston Villa,Chelsea,51,2,0,2,1.0,0.8226895187769694,GOAL_FT,1,,,
14807,2021-05-23 15:00:00,EPL,2020/21,Fulham,Newcastle United,40,0,1,1,1.0,0.8239714535783864,GOAL_FT,1,,,
14808,2021-05-23 15:00:00,EPL,2020/21,Leeds,West Bromwich Albion,41,2,0,2,1.0,0.8015630022768395,GOAL_FT,1,,,
14809,2021-05-23 15:00:00,EPL,2020/21,Leicester,Tottenham,40,1,1,2,1.0,0.8371380174826873,GOAL_FT,1,,,
14810,2021-05-23 15:00:00,EPL,2020/21,Liverpool,Crystal Palace,40,1,0,1,1.0,0.8413559792240025,GOAL_FT,1,,,
14811,2021-05-23 15:00:00,EPL,2020/21,Manchester City,Everton,40,2,0,2,1.0,0.8444446803992306,GOAL_FT,1,,,
14813,2021-05-23 15:00:00,EPL,2020/21,West Ham,Southampton,40,2,0,2,1.0,0.8530216154495368,GOAL_FT,1,,,
14814,2021-05-23 15:00:00,EPL,2020/21,Wolverhampton Wanderers,Manchester United,40,1,1,2,1.0,0.811426305606126,GOAL_FT,1,,,
14817,2020-10-04 19:00:00,La_liga,2020/21,Barcelona,Sevilla,40,1,1,2,0.0,0.8240212551731095,GOAL_FT,0,,,
14819,2020-10-04 14:00:00,La_liga,2020/21,Levante,Real Madrid,40,0,1,1,1.0,0.804257678257279,GOAL_FT,1,,,
14822,2020-10-03 19:00:00,La_liga,2020/21,Valencia,Real Betis,40,0,1,1,1.0,0.8241702698862784,GOAL_FT,1,,,
14823,2020-10-03 11:00:00,La_liga,2020/21,Real Valladolid,Eibar,40,1,1,2,1.0,0.8062175039868256,GOAL_FT,1,,,
14828,2020-10-17 14:00:00,La_liga,2020/21,Celta Vigo,Atletico Madrid,40,0,1,1,1.0,0.841856162292769,GOAL_FT,1,,,
14833,2020-10-17 16:30:00,La_liga,2020/21,Real Madrid,Cadiz,40,0,1,1,0.0,0.8415729641712262,GOAL_FT,0,,,
14834,2020-10-18 14:00:00,La_liga,2020/21,Villarreal,Valencia,40,1,1,2,1.0,0.8412207471764191,GOAL_FT,1,,,
14836,2020-10-24 14:00:00,La_liga,2020/21,Barcelona,Real Madrid,40,1,1,2,1.0,0.8173231847357798,GOAL_FT,1,,,
14839,2020-10-26 20:00:00,La_liga,2020/21,Levante,Celta Vigo,51,1,1,2,0.0,0.8046421147997097,GOAL_FT,0,,,
14841,2020-10-25 20:00:00,La_liga,2020/21,Real Sociedad,SD Huesca,40,1,0,1,1.0,0.8032158431828034,GOAL_FT,1,,,
14846,2020-10-31 15:00:00,La_liga,2020/21,Athletic Club,Sevilla,40,0,1,1,1.0,0.8148058449734891,GOAL_FT,1,,,
14847,2020-11-01 13:00:00,La_liga,2020/21,Real Betis,Elche,40,2,0,2,1.0,0.8301300523872206,GOAL_FT,1,,,
14848,2020-11-01 15:00:00,La_liga,2020/21,Celta Vigo,Real Sociedad,40,0,2,2,1.0,0.83766762939351,GOAL_FT,1,,,
14849,2020-10-30 20:00:00,La_liga,2020/21,Eibar,Cadiz,40,0,2,2,0.0,0.8480329100754542,GOAL_FT,0,,,
14850,2020-11-01 17:30:00,La_liga,2020/21,Granada,Levante,40,1,1,2,0.0,0.8069971997961224,GOAL_FT,0,,,
14851,2020-10-31 17:30:00,La_liga,2020/21,Osasuna,Atletico Madrid,42,0,1,1,1.0,0.8167548968820604,GOAL_FT,1,,,
14852,2020-10-31 13:00:00,La_liga,2020/21,Real Madrid,SD Huesca,40,1,0,1,1.0,0.8052620214151883,GOAL_FT,1,,,
14853,2020-11-01 20:00:00,La_liga,2020/21,Valencia,Getafe,40,1,0,1,1.0,0.8127620864429737,GOAL_FT,1,,,
14854,2020-11-02 20:00:00,La_liga,2020/21,Villarreal,Real Valladolid,40,2,0,2,0.0,0.8253314322856721,GOAL_FT,0,,,
14855,2020-11-07 20:00:00,La_liga,2020/21,Atletico Madrid,Cadiz,40,2,0,2,1.0,0.8116462687832827,GOAL_FT,1,,,
14856,2020-11-07 15:15:00,La_liga,2020/21,Barcelona,Real Betis,40,1,0,1,1.0,0.831336167920313,GOAL_FT,1,,,
14857,2020-11-08 13:00:00,La_liga,2020/21,Getafe,Villarreal,40,1,2,3,1.0,0.8160877566127721,GOAL_FT,1,,,
14858,2020-11-07 13:00:00,La_liga,2020/21,SD Huesca,Eibar,40,0,1,1,1.0,0.8805117809062243,GOAL_FT,1,,,
14859,2020-11-08 17:30:00,La_liga,2020/21,Levante,Alaves,40,0,1,1,1.0,0.8141652487694204,GOAL_FT,1,,,
14860,2020-11-08 15:15:00,La_liga,2020/21,Real Sociedad,Granada,40,2,0,2,0.0,0.8303295471181572,GOAL_FT,0,,,
14861,2020-11-07 17:30:00,La_liga,2020/21,Sevilla,Osasuna,40,0,0,0,1.0,0.8077761905120676,GOAL_FT,1,,,
14862,2020-11-08 20:00:00,La_liga,2020/21,Valencia,Real Madrid,40,1,1,2,1.0,0.8137113589454392,GOAL_FT,1,,,
14863,2020-11-08 17:30:00,La_liga,2020/21,Real Valladolid,Athletic Club,40,1,0,1,1.0,0.8183528951633529,GOAL_FT,1,,,
14864,2020-11-06 20:00:00,La_liga,2020/21,Elche,Celta Vigo,40,1,1,2,0.0,0.8407031501978585,GOAL_FT,0,,,
14865,2020-11-22 20:00:00,La_liga,2020/21,Alaves,Valencia,40,2,0,2,1.0,0.8277444291182746,GOAL_FT,1,,,
14866,2020-11-23 20:00:00,La_liga,2020/21,Athletic Club,Real Betis,40,1,0,1,1.0,0.8426891032173023,GOAL_FT,1,,,
14868,2020-11-22 13:00:00,La_liga,2020/21,Eibar,Getafe,41,0,0,0,0.0,0.8068714677407254,GOAL_FT,0,,,
14871,2020-11-21 13:00:00,La_liga,2020/21,Levante,Elche,40,1,0,1,1.0,0.8121535020717416,GOAL_FT,1,,,
14873,2020-11-21 17:30:00,La_liga,2020/21,Sevilla,Celta Vigo,40,1,2,3,1.0,0.8386835894825357,GOAL_FT,1,,,
14875,2020-11-29 13:00:00,La_liga,2020/21,Barcelona,Osasuna,40,1,0,1,1.0,0.8418662059614425,GOAL_FT,1,,,
14877,2020-11-29 17:30:00,La_liga,2020/21,Celta Vigo,Granada,40,1,1,2,1.0,0.8498735791328038,GOAL_FT,1,,,
14878,2020-11-29 15:15:00,La_liga,2020/21,Getafe,Athletic Club,40,0,1,1,1.0,0.8001746714991534,GOAL_FT,1,,,
14880,2020-11-28 20:00:00,La_liga,2020/21,Real Madrid,Alaves,40,0,1,1,1.0,0.8386377938434191,GOAL_FT,1,,,
14881,2020-11-29 20:00:00,La_liga,2020/21,Real Sociedad,Villarreal,40,1,1,2,0.0,0.857887943233264,GOAL_FT,0,,,
14886,2020-12-06 13:00:00,La_liga,2020/21,Granada,SD Huesca,40,0,1,1,1.0,0.8117380305248438,GOAL_FT,1,,,
14887,2020-12-05 13:00:00,La_liga,2020/21,Levante,Getafe,40,2,0,2,1.0,0.8173763788499586,GOAL_FT,1,,,
14889,2020-12-05 15:15:00,La_liga,2020/21,Sevilla,Real Madrid,40,0,0,0,1.0,0.8064663416040613,GOAL_FT,1,,,
14895,2020-12-12 13:00:00,La_liga,2020/21,Valencia,Athletic Club,40,1,0,1,1.0,0.8157044770640529,GOAL_FT,1,,,
14896,2020-12-11 20:00:00,La_liga,2020/21,Real Valladolid,Osasuna,41,1,1,2,1.0,0.8063186274618074,GOAL_FT,1,,,
14897,2020-12-13 17:30:00,La_liga,2020/21,Elche,Granada,41,0,1,1,0.0,0.8080000720112482,GOAL_FT,0,,,
14898,2020-12-13 20:00:00,La_liga,2020/21,Barcelona,Levante,40,0,0,0,1.0,0.8321665212498731,GOAL_FT,1,,,
14899,2020-12-13 15:15:00,La_liga,2020/21,Real Betis,Villarreal,40,0,1,1,1.0,0.8165097546126803,GOAL_FT,1,,,
14900,2020-12-14 20:00:00,La_liga,2020/21,Celta Vigo,Cadiz,45,4,0,4,0.0,0.8124418467108903,GOAL_FT,0,,,
14904,2020-12-13 13:00:00,La_liga,2020/21,Real Sociedad,Eibar,40,1,0,1,1.0,0.8338323058661713,GOAL_FT,1,,,
14905,2020-12-16 20:00:00,La_liga,2020/21,Barcelona,Real Sociedad,40,1,1,2,1.0,0.8645399315805415,GOAL_FT,1,,,
14906,2020-12-15 21:00:00,La_liga,2020/21,Real Madrid,Athletic Club,40,0,0,0,1.0,0.8420565554202949,GOAL_FT,1,,,
14908,2020-12-19 13:00:00,La_liga,2020/21,Atletico Madrid,Elche,40,1,0,1,1.0,0.813943567584566,GOAL_FT,1,,,
14909,2020-12-19 15:15:00,La_liga,2020/21,Barcelona,Valencia,40,0,1,1,1.0,0.8180493119734755,GOAL_FT,1,,,
14911,2020-12-20 20:00:00,La_liga,2020/21,Eibar,Real Madrid,40,1,2,3,1.0,0.8175611312981828,GOAL_FT,1,,,
14913,2020-12-20 15:15:00,La_liga,2020/21,Granada,Real Betis,40,2,0,2,0.0,0.820669540294574,GOAL_FT,0,,,
14914,2020-12-19 17:30:00,La_liga,2020/21,Levante,Real Sociedad,40,1,1,2,1.0,0.8260000225590207,GOAL_FT,1,,,
14915,2020-12-19 17:30:00,La_liga,2020/21,Osasuna,Villarreal,40,0,2,2,1.0,0.8065319537838196,GOAL_FT,1,,,
14916,2020-12-19 20:00:00,La_liga,2020/21,Sevilla,Real Valladolid,40,1,0,1,1.0,0.8428433897483663,GOAL_FT,1,,,
14917,2020-12-23 21:00:00,La_liga,2020/21,Alaves,Eibar,40,1,1,2,1.0,0.8521893555164842,GOAL_FT,1,,,
14920,2020-12-22 18:45:00,La_liga,2020/21,SD Huesca,Levante,40,1,0,1,1.0,0.8364490156758745,GOAL_FT,1,,,
14923,2020-12-22 21:00:00,La_liga,2020/21,Villarreal,Athletic Club,40,0,1,1,1.0,0.8098991651716011,GOAL_FT,1,,,
14924,2020-12-22 21:00:00,La_liga,2020/21,Real Valladolid,Barcelona,40,0,2,2,1.0,0.8318159584313629,GOAL_FT,1,,,
14929,2020-12-30 18:15:00,La_liga,2020/21,Atletico Madrid,Getafe,40,1,0,1,0.0,0.8083583778170421,GOAL_FT,0,,,
14930,2020-12-29 20:30:00,La_liga,2020/21,Levante,Real Betis,40,3,1,4,1.0,0.832675516399613,GOAL_FT,1,,,
14931,2020-12-30 16:00:00,La_liga,2020/21,Granada,Valencia,40,0,1,1,1.0,0.8486805265656366,GOAL_FT,1,,,
14933,2020-12-30 18:15:00,La_liga,2020/21,Celta Vigo,SD Huesca,40,1,0,1,1.0,0.8180679473347529,GOAL_FT,1,,,
14935,2020-12-29 18:00:00,La_liga,2020/21,Sevilla,Villarreal,40,1,0,1,1.0,0.8085952450821366,GOAL_FT,1,,,
14941,2021-01-02 17:30:00,La_liga,2020/21,Getafe,Real Valladolid,40,0,1,1,0.0,0.8453409518196917,GOAL_FT,0,,,
14942,2021-01-03 20:00:00,La_liga,2020/21,SD Huesca,Barcelona,40,0,1,1,0.0,0.8508099490915852,GOAL_FT,0,,,
14947,2021-01-06 20:00:00,La_liga,2020/21,Athletic Club,Barcelona,40,1,2,3,1.0,0.8351904538507846,GOAL_FT,1,,,
14948,2021-03-10 20:00:00,La_liga,2020/21,Atletico Madrid,Athletic Club,50,2,1,3,0.0,0.8102401930703202,GOAL_FT,0,,,
14949,2021-01-08 20:00:00,La_liga,2020/21,Celta Vigo,Villarreal,40,0,4,4,0.0,0.8519370400117058,GOAL_FT,0,,,
14950,2021-01-10 15:15:00,La_liga,2020/21,Cadiz,Alaves,40,1,1,2,1.0,0.803435960432906,GOAL_FT,1,,,
14951,2021-01-09 17:30:00,La_liga,2020/21,Granada,Barcelona,40,0,2,2,1.0,0.8241351811781095,GOAL_FT,1,,,
14952,2021-01-11 20:00:00,La_liga,2020/21,SD Huesca,Real Betis,40,0,0,0,1.0,0.8110054195504895,GOAL_FT,1,,,
14955,2021-01-09 13:00:00,La_liga,2020/21,Sevilla,Real Sociedad,40,2,1,3,1.0,0.8538929397817137,GOAL_FT,1,,,
14957,2021-01-11 18:00:00,La_liga,2020/21,Elche,Getafe,40,1,1,2,1.0,0.8323663328347827,GOAL_FT,1,,,
14958,2021-01-12 18:00:00,La_liga,2020/21,Granada,Osasuna,40,1,0,1,1.0,0.8174205393958592,GOAL_FT,1,,,
14960,2021-01-19 20:30:00,La_liga,2020/21,Alaves,Sevilla,40,1,2,3,0.0,0.8188377467883784,GOAL_FT,0,,,
14961,2021-01-20 20:00:00,La_liga,2020/21,Real Betis,Celta Vigo,40,1,1,2,1.0,0.8232998685289679,GOAL_FT,1,,,
14962,2021-01-21 20:30:00,La_liga,2020/21,Eibar,Atletico Madrid,40,1,1,2,1.0,0.8107056395599703,GOAL_FT,1,,,
14963,2021-01-20 18:00:00,La_liga,2020/21,Getafe,SD Huesca,40,0,0,0,1.0,0.8290047848174666,GOAL_FT,1,,,
14964,2021-01-19 18:00:00,La_liga,2020/21,Cadiz,Levante,40,2,2,4,0.0,0.8379111303965675,GOAL_FT,0,,,
14965,2021-01-21 18:00:00,La_liga,2020/21,Valencia,Osasuna,41,0,1,1,1.0,0.8333858193505786,GOAL_FT,1,,,
14966,2021-01-19 18:00:00,La_liga,2020/21,Real Valladolid,Elche,40,0,1,1,1.0,0.8225651042533315,GOAL_FT,1,,,
14968,2021-01-23 20:00:00,La_liga,2020/21,Alaves,Real Madrid,40,0,2,2,1.0,0.8286797074690979,GOAL_FT,1,,,
14969,2021-01-25 20:00:00,La_liga,2020/21,Athletic Club,Getafe,40,1,1,2,1.0,0.8106747724930535,GOAL_FT,1,,,
14971,2021-01-23 15:15:00,La_liga,2020/21,Sevilla,Cadiz,40,2,0,2,1.0,0.8370513214096886,GOAL_FT,1,,,
14972,2021-01-24 15:15:00,La_liga,2020/21,Elche,Barcelona,40,0,1,1,1.0,0.8565193096671225,GOAL_FT,1,,,
14974,2021-01-24 17:30:00,La_liga,2020/21,Celta Vigo,Eibar,40,1,0,1,1.0,0.8042449978196939,GOAL_FT,1,,,
14977,2021-01-24 13:00:00,La_liga,2020/21,Osasuna,Granada,40,2,0,2,1.0,0.8412048965467926,GOAL_FT,1,,,
14980,2021-01-30 13:00:00,La_liga,2020/21,Eibar,Sevilla,40,0,1,1,1.0,0.8182178782779446,GOAL_FT,1,,,
14984,2021-01-30 15:15:00,La_liga,2020/21,Real Madrid,Levante,40,1,1,2,1.0,0.8270333443812211,GOAL_FT,1,,,
14985,2021-01-30 17:30:00,La_liga,2020/21,Valencia,Elche,40,1,0,1,0.0,0.8455770639817988,GOAL_FT,0,,,
14986,2021-01-29 20:00:00,La_liga,2020/21,Real Valladolid,SD Huesca,40,0,1,1,1.0,0.8481140428792631,GOAL_FT,1,,,
14991,2021-02-07 20:00:00,La_liga,2020/21,Real Betis,Barcelona,40,1,0,1,1.0,0.8108097904899172,GOAL_FT,1,,,
14992,2021-02-06 15:15:00,La_liga,2020/21,SD Huesca,Real Madrid,40,0,0,0,1.0,0.8011277336361339,GOAL_FT,1,,,
14993,2021-02-06 13:00:00,La_liga,2020/21,Levante,Granada,40,1,0,1,1.0,0.8172258135954338,GOAL_FT,1,,,
14994,2021-02-07 17:30:00,La_liga,2020/21,Osasuna,Eibar,40,1,0,1,1.0,0.8338194879040276,GOAL_FT,1,,,
14995,2021-02-07 13:00:00,La_liga,2020/21,Real Sociedad,Cadiz,40,2,0,2,1.0,0.8563490086902132,GOAL_FT,1,,,
14997,2021-02-06 17:30:00,La_liga,2020/21,Elche,Villarreal,40,0,2,2,1.0,0.8106375114661956,GOAL_FT,1,,,
14999,2021-02-12 17:30:00,La_liga,2020/21,Celta Vigo,Elche,40,0,0,0,1.0,0.8029500689266046,GOAL_FT,1,,,
15000,2021-02-13 17:30:00,La_liga,2020/21,Eibar,Real Valladolid,40,1,1,2,0.0,0.8526185584269421,GOAL_FT,0,,,
15002,2021-02-15 20:00:00,La_liga,2020/21,Cadiz,Athletic Club,40,0,3,3,1.0,0.8345933081591466,GOAL_FT,1,,,
15005,2021-02-14 15:15:00,La_liga,2020/21,Real Madrid,Valencia,41,2,0,2,0.0,0.8086926585318558,GOAL_FT,0,,,
15008,2021-02-21 20:00:00,La_liga,2020/21,Athletic Club,Villarreal,43,1,1,2,0.0,0.8132875211766896,GOAL_FT,0,,,
15009,2021-02-20 15:15:00,La_liga,2020/21,Atletico Madrid,Levante,40,0,1,1,1.0,0.813728524266924,GOAL_FT,1,,,
15010,2021-02-21 13:00:00,La_liga,2020/21,Barcelona,Cadiz,40,1,0,1,1.0,0.842119610430473,GOAL_FT,1,,,
15012,2021-02-21 17:30:00,La_liga,2020/21,SD Huesca,Granada,40,2,1,3,1.0,0.8668163032910583,GOAL_FT,1,,,
15014,2021-02-21 15:15:00,La_liga,2020/21,Real Sociedad,Alaves,40,1,0,1,1.0,0.811295312369192,GOAL_FT,1,,,
15016,2021-02-20 20:00:00,La_liga,2020/21,Real Valladolid,Real Madrid,40,0,0,0,1.0,0.8035992334084769,GOAL_FT,1,,,
15018,2021-02-27 17:30:00,La_liga,2020/21,Alaves,Osasuna,40,0,0,0,1.0,0.8184966012710131,GOAL_FT,1,,,
15021,2021-02-27 20:00:00,La_liga,2020/21,Getafe,Valencia,40,1,0,1,1.0,0.8001336343575589,GOAL_FT,1,,,
15023,2021-02-28 17:30:00,La_liga,2020/21,Granada,Elche,40,1,1,2,1.0,0.8029738652026954,GOAL_FT,1,,,
15024,2021-02-26 20:00:00,La_liga,2020/21,Levante,Athletic Club,40,1,0,1,1.0,0.8068819809290146,GOAL_FT,1,,,
15025,2021-03-01 20:00:00,La_liga,2020/21,Real Madrid,Real Sociedad,40,0,0,0,1.0,0.8228994670793844,GOAL_FT,1,,,
15027,2021-02-28 20:00:00,La_liga,2020/21,Villarreal,Atletico Madrid,40,0,0,0,1.0,0.8317673097694555,GOAL_FT,1,,,
15030,2021-03-08 20:00:00,La_liga,2020/21,Real Betis,Alaves,40,0,2,2,1.0,0.8353313961446218,GOAL_FT,1,,,
15031,2021-03-06 17:30:00,La_liga,2020/21,Cadiz,Eibar,40,1,0,1,0.0,0.810819552386809,GOAL_FT,0,,,
15032,2021-03-07 13:00:00,La_liga,2020/21,SD Huesca,Celta Vigo,40,2,2,4,1.0,0.8508526211970012,GOAL_FT,1,,,
15033,2021-03-06 20:00:00,La_liga,2020/21,Osasuna,Barcelona,40,0,1,1,1.0,0.8014553373535964,GOAL_FT,1,,,
15034,2021-03-07 17:30:00,La_liga,2020/21,Real Sociedad,Levante,40,1,0,1,0.0,0.8620149508718143,GOAL_FT,0,,,
15035,2021-03-05 20:00:00,La_liga,2020/21,Valencia,Villarreal,40,0,1,1,1.0,0.8422685451210323,GOAL_FT,1,,,
15036,2021-03-06 13:00:00,La_liga,2020/21,Real Valladolid,Getafe,40,2,1,3,0.0,0.8273620795089729,GOAL_FT,0,,,
15038,2021-03-13 13:00:00,La_liga,2020/21,Alaves,Cadiz,40,1,0,1,1.0,0.8325808505502875,GOAL_FT,1,,,
15039,2021-03-15 20:00:00,La_liga,2020/21,Barcelona,SD Huesca,41,2,0,2,1.0,0.8260795757764209,GOAL_FT,1,,,
15041,2021-03-14 17:30:00,La_liga,2020/21,Eibar,Villarreal,40,0,2,2,1.0,0.8076326820488149,GOAL_FT,1,,,
15047,2021-03-14 20:00:00,La_liga,2020/21,Sevilla,Real Betis,40,1,0,1,0.0,0.8101211552806511,GOAL_FT,0,,,
15048,2021-03-20 13:00:00,La_liga,2020/21,Athletic Club,Eibar,40,1,1,2,0.0,0.8261072556682019,GOAL_FT,0,,,
15050,2021-03-19 20:00:00,La_liga,2020/21,Real Betis,Levante,40,0,0,0,1.0,0.8027750252516794,GOAL_FT,1,,,
15051,2021-03-20 15:15:00,La_liga,2020/21,Celta Vigo,Real Madrid,40,1,2,3,1.0,0.8502419478126563,GOAL_FT,1,,,
15052,2021-03-21 13:00:00,La_liga,2020/21,Getafe,Elche,40,0,1,1,1.0,0.80762978279793,GOAL_FT,1,,,
15054,2021-03-21 20:00:00,La_liga,2020/21,Real Sociedad,Barcelona,40,0,1,1,1.0,0.8601636695787593,GOAL_FT,1,,,
15055,2021-03-21 15:15:00,La_liga,2020/21,Valencia,Granada,40,1,0,1,1.0,0.824517069434892,GOAL_FT,1,,,
15058,2021-04-04 12:00:00,La_liga,2020/21,Alaves,Celta Vigo,40,0,3,3,1.0,0.8298867602855066,GOAL_FT,1,,,
15060,2021-04-04 16:30:00,La_liga,2020/21,Cadiz,Valencia,40,1,1,2,1.0,0.8075589018684917,GOAL_FT,1,,,
15061,2021-04-03 12:00:00,La_liga,2020/21,Granada,Villarreal,40,0,2,2,1.0,0.809612105384819,GOAL_FT,1,,,
15064,2021-04-03 14:15:00,La_liga,2020/21,Real Madrid,Eibar,40,1,0,1,1.0,0.8307947806689726,GOAL_FT,1,,,
15066,2021-04-04 19:00:00,La_liga,2020/21,Sevilla,Atletico Madrid,40,0,0,0,1.0,0.8149404175370477,GOAL_FT,1,,,
15067,2021-04-04 14:15:00,La_liga,2020/21,Elche,Real Betis,40,1,1,2,0.0,0.8362670469039624,GOAL_FT,0,,,
15070,2021-04-12 19:00:00,La_liga,2020/21,Celta Vigo,Sevilla,40,2,2,4,1.0,0.8352107386480262,GOAL_FT,1,,,
15072,2021-04-10 12:00:00,La_liga,2020/21,Getafe,Cadiz,40,0,0,0,1.0,0.8202608584407352,GOAL_FT,1,,,
15073,2021-04-09 19:00:00,La_liga,2020/21,SD Huesca,Elche,40,2,0,2,1.0,0.8299788122133588,GOAL_FT,1,,,
15074,2021-04-10 19:00:00,La_liga,2020/21,Real Madrid,Barcelona,40,2,0,2,1.0,0.8390840151562715,GOAL_FT,1,,,
15075,2021-04-11 14:15:00,La_liga,2020/21,Valencia,Real Sociedad,40,0,1,1,1.0,0.8160746857465385,GOAL_FT,1,,,
15076,2021-04-11 16:30:00,La_liga,2020/21,Real Valladolid,Granada,41,1,0,1,1.0,0.8121898770178804,GOAL_FT,1,,,
15078,2021-04-21 19:00:00,La_liga,2020/21,Alaves,Villarreal,40,1,0,1,1.0,0.8054613608817083,GOAL_FT,1,,,
15080,2021-04-22 20:00:00,La_liga,2020/21,Barcelona,Getafe,40,2,0,2,1.0,0.8285393160867266,GOAL_FT,1,,,
15082,2021-04-21 20:00:00,La_liga,2020/21,Cadiz,Real Madrid,40,0,3,3,0.0,0.8969154655782103,GOAL_FT,0,,,
15085,2021-04-21 17:00:00,La_liga,2020/21,Osasuna,Valencia,40,2,1,3,1.0,0.863190531576923,GOAL_FT,1,,,
15086,2021-04-22 19:00:00,La_liga,2020/21,Real Sociedad,Celta Vigo,40,2,1,3,0.0,0.8635547951359775,GOAL_FT,0,,,
15088,2021-04-25 19:00:00,La_liga,2020/21,Athletic Club,Atletico Madrid,40,1,0,1,1.0,0.8254959319923812,GOAL_FT,1,,,
15093,2021-04-25 16:30:00,La_liga,2020/21,Sevilla,Granada,40,1,0,1,1.0,0.8057041441503598,GOAL_FT,1,,,
15095,2021-04-24 14:15:00,La_liga,2020/21,Real Valladolid,Cadiz,40,1,0,1,1.0,0.823551435654484,GOAL_FT,1,,,
15096,2021-04-25 14:15:00,La_liga,2020/21,Villarreal,Barcelona,40,1,2,3,0.0,0.8534424734260351,GOAL_FT,0,,,
15100,2021-04-18 14:15:00,La_liga,2020/21,Atletico Madrid,Eibar,41,1,0,1,1.0,0.8333301127825319,GOAL_FT,1,,,
15101,2021-04-29 17:00:00,La_liga,2020/21,Barcelona,Granada,40,1,0,1,1.0,0.8133294419440906,GOAL_FT,1,,,
15103,2021-04-18 19:00:00,La_liga,2020/21,Getafe,Real Madrid,40,0,0,0,0.0,0.8301721969632548,GOAL_FT,0,,,
15105,2021-04-18 19:00:00,La_liga,2020/21,Levante,Villarreal,40,1,1,2,1.0,0.8321505708857747,GOAL_FT,1,,,
15107,2021-04-18 12:00:00,La_liga,2020/21,Real Sociedad,Sevilla,40,1,2,3,0.0,0.8792799741293524,GOAL_FT,0,,,
15109,2021-05-02 19:00:00,La_liga,2020/21,Valencia,Barcelona,56,1,1,2,1.0,0.8571649365898893,GOAL_FT,1,,,
15114,2021-05-01 12:00:00,La_liga,2020/21,Eibar,Alaves,40,1,0,1,1.0,0.8340641962296504,GOAL_FT,1,,,
15115,2021-05-02 16:30:00,La_liga,2020/21,Granada,Cadiz,40,0,1,1,0.0,0.8879028070978445,GOAL_FT,0,,,
15117,2021-05-01 19:00:00,La_liga,2020/21,Real Madrid,Osasuna,40,0,0,0,1.0,0.8017596443203736,GOAL_FT,1,,,
15118,2021-05-08 12:00:00,La_liga,2020/21,Alaves,Levante,40,1,1,2,1.0,0.8041053714904346,GOAL_FT,1,,,
15119,2021-05-08 19:00:00,La_liga,2020/21,Athletic Club,Osasuna,40,1,1,2,1.0,0.8175824935218552,GOAL_FT,1,,,
15121,2021-05-10 19:00:00,La_liga,2020/21,Real Betis,Granada,40,1,0,1,1.0,0.8056790496388289,GOAL_FT,1,,,
15126,2021-05-09 14:15:00,La_liga,2020/21,Valencia,Real Valladolid,45,1,0,1,1.0,0.8014613015613882,GOAL_FT,1,,,
15127,2021-05-09 16:30:00,La_liga,2020/21,Villarreal,Celta Vigo,40,1,2,3,1.0,0.8494622502022291,GOAL_FT,1,,,
15128,2021-05-12 20:00:00,La_liga,2020/21,Atletico Madrid,Real Sociedad,40,2,0,2,1.0,0.8289704154538098,GOAL_FT,1,,,
15129,2021-05-12 18:00:00,La_liga,2020/21,Celta Vigo,Getafe,43,1,0,1,0.0,0.8003976254600136,GOAL_FT,0,,,
15131,2021-05-13 20:00:00,La_liga,2020/21,Granada,Real Madrid,40,0,1,1,1.0,0.8067248591123459,GOAL_FT,1,,,
15132,2021-05-12 18:00:00,La_liga,2020/21,SD Huesca,Athletic Club,40,0,0,0,1.0,0.8014745746124111,GOAL_FT,1,,,
15133,2021-05-11 20:00:00,La_liga,2020/21,Levante,Barcelona,40,0,2,2,1.0,0.8479174379918374,GOAL_FT,1,,,
15134,2021-05-11 17:00:00,La_liga,2020/21,Osasuna,Cadiz,40,1,0,1,1.0,0.8221551886284184,GOAL_FT,1,,,
15136,2021-05-13 17:00:00,La_liga,2020/21,Real Valladolid,Villarreal,40,0,0,0,1.0,0.8083297143436492,GOAL_FT,1,,,
15137,2021-05-11 18:00:00,La_liga,2020/21,Elche,Alaves,40,0,1,1,1.0,0.8015035293724521,GOAL_FT,1,,,
15138,2021-05-16 16:30:00,La_liga,2020/21,Alaves,Granada,40,2,1,3,1.0,0.8459529418296227,GOAL_FT,1,,,
15140,2021-05-16 16:30:00,La_liga,2020/21,Atletico Madrid,Osasuna,40,0,0,0,1.0,0.8464268264001569,GOAL_FT,1,,,
15141,2021-05-16 16:30:00,La_liga,2020/21,Barcelona,Celta Vigo,40,1,1,2,1.0,0.805816227901577,GOAL_FT,1,,,
15144,2021-05-16 16:30:00,La_liga,2020/21,Cadiz,Elche,40,1,0,1,1.0,0.8282066612535925,GOAL_FT,1,,,
15145,2021-05-16 16:30:00,La_liga,2020/21,Real Sociedad,Real Valladolid,40,4,0,4,1.0,0.8549132681852155,GOAL_FT,1,,,
15146,2021-05-16 16:30:00,La_liga,2020/21,Valencia,Eibar,40,3,1,4,1.0,0.8798111090726848,GOAL_FT,1,,,
15147,2021-05-16 16:30:00,La_liga,2020/21,Villarreal,Sevilla,40,1,0,1,1.0,0.8590715816560235,GOAL_FT,1,,,
15148,2021-05-22 16:00:00,La_liga,2020/21,Celta Vigo,Real Betis,40,1,0,1,1.0,0.83474407715368,GOAL_FT,1,,,
15150,2021-05-23 16:30:00,La_liga,2020/21,Granada,Getafe,40,0,0,0,0.0,0.801610185398317,GOAL_FT,0,,,
15152,2021-05-21 15:00:00,La_liga,2020/21,Levante,Cadiz,40,1,2,3,1.0,0.8317940902382016,GOAL_FT,1,,,
15156,2021-05-22 16:00:00,La_liga,2020/21,Real Valladolid,Atletico Madrid,40,1,0,1,1.0,0.8060851034438159,GOAL_FT,1,,,
15159,2020-10-03 13:30:00,Bundesliga,2020/21,FC Cologne,Borussia M.Gladbach,40,0,2,2,1.0,0.8042268172566321,GOAL_FT,1,,,
15161,2020-10-03 13:30:00,Bundesliga,2020/21,VfB Stuttgart,Bayer Leverkusen,40,0,1,1,1.0,0.8020761085147647,GOAL_FT,1,,,
15162,2020-10-03 13:30:00,Bundesliga,2020/21,Borussia Dortmund,Freiburg,40,1,0,1,1.0,0.8518291899024367,GOAL_FT,1,,,
15163,2020-10-03 13:30:00,Bundesliga,2020/21,Eintracht Frankfurt,Hoffenheim,40,0,1,1,1.0,0.8011758330057893,GOAL_FT,1,,,
15165,2020-10-04 13:30:00,Bundesliga,2020/21,Wolfsburg,Augsburg,40,0,0,0,0.0,0.8162804563524397,GOAL_FT,0,,,
15166,2020-10-04 16:00:00,Bundesliga,2020/21,Bayern Munich,Hertha Berlin,40,1,0,1,1.0,0.8639049654559204,GOAL_FT,1,,,
15167,2020-10-17 13:30:00,Bundesliga,2020/21,Hoffenheim,Borussia Dortmund,40,0,0,0,1.0,0.8025755285292493,GOAL_FT,1,,,
15168,2020-10-17 13:30:00,Bundesliga,2020/21,Freiburg,Werder Bremen,40,1,1,2,0.0,0.8470406080355591,GOAL_FT,0,,,
15169,2020-10-17 13:30:00,Bundesliga,2020/21,Hertha Berlin,VfB Stuttgart,40,0,1,1,1.0,0.8042155918789116,GOAL_FT,1,,,
15172,2020-10-17 16:30:00,Bundesliga,2020/21,Arminia Bielefeld,Bayern Munich,40,0,2,2,1.0,0.832980005901967,GOAL_FT,1,,,
15173,2020-10-17 18:30:00,Bundesliga,2020/21,Borussia M.Gladbach,Wolfsburg,40,0,0,0,1.0,0.8290533448072845,GOAL_FT,1,,,
15176,2020-10-23 18:30:00,Bundesliga,2020/21,VfB Stuttgart,FC Cologne,40,1,1,2,0.0,0.811189583192933,GOAL_FT,0,,,
15177,2020-10-24 13:30:00,Bundesliga,2020/21,Union Berlin,Freiburg,40,1,1,2,0.0,0.8344727457559226,GOAL_FT,0,,,
15178,2020-10-24 13:30:00,Bundesliga,2020/21,Mainz 05,Borussia M.Gladbach,40,2,1,3,1.0,0.8569690398435499,GOAL_FT,1,,,
15179,2020-10-24 13:30:00,Bundesliga,2020/21,RasenBallsport Leipzig,Hertha Berlin,40,1,1,2,1.0,0.8269456681111781,GOAL_FT,1,,,
15180,2020-10-24 13:30:00,Bundesliga,2020/21,Bayern Munich,Eintracht Frankfurt,40,2,0,2,1.0,0.8434872065561,GOAL_FT,1,,,
15182,2020-10-25 14:30:00,Bundesliga,2020/21,Wolfsburg,Arminia Bielefeld,40,2,0,2,1.0,0.809797971607011,GOAL_FT,1,,,
15185,2020-10-30 19:30:00,Bundesliga,2020/21,Schalke 04,VfB Stuttgart,40,1,0,1,1.0,0.8135270571541068,GOAL_FT,1,,,
15187,2020-10-31 14:30:00,Bundesliga,2020/21,Augsburg,Mainz 05,40,1,0,1,1.0,0.8002144273728955,GOAL_FT,1,,,
15188,2020-10-31 14:30:00,Bundesliga,2020/21,Arminia Bielefeld,Borussia Dortmund,40,0,0,0,1.0,0.8091209315044179,GOAL_FT,1,,,
15191,2020-11-01 14:30:00,Bundesliga,2020/21,Freiburg,Bayer Leverkusen,40,1,1,2,1.0,0.8150100441249871,GOAL_FT,1,,,
15192,2020-11-01 17:00:00,Bundesliga,2020/21,Hertha Berlin,Wolfsburg,40,1,1,2,0.0,0.8281994900578914,GOAL_FT,0,,,
15193,2020-11-02 19:30:00,Bundesliga,2020/21,Hoffenheim,Union Berlin,40,0,0,0,1.0,0.8120561511724657,GOAL_FT,1,,,
15195,2020-11-07 14:30:00,Bundesliga,2020/21,VfB Stuttgart,Eintracht Frankfurt,40,2,0,2,1.0,0.8607297283164507,GOAL_FT,1,,,
15197,2020-11-07 14:30:00,Bundesliga,2020/21,Union Berlin,Arminia Bielefeld,40,2,0,2,1.0,0.8134578714543468,GOAL_FT,1,,,
15198,2020-11-07 14:30:00,Bundesliga,2020/21,Mainz 05,Schalke 04,40,1,1,2,1.0,0.838104199797061,GOAL_FT,1,,,
15199,2020-11-07 14:30:00,Bundesliga,2020/21,Augsburg,Hertha Berlin,43,0,1,1,1.0,0.8171067364685267,GOAL_FT,1,,,
15200,2020-11-07 17:30:00,Bundesliga,2020/21,Borussia Dortmund,Bayern Munich,40,0,0,0,1.0,0.8264839104777073,GOAL_FT,1,,,
15201,2020-11-08 14:30:00,Bundesliga,2020/21,Wolfsburg,Hoffenheim,40,2,0,2,1.0,0.8280393245240588,GOAL_FT,1,,,
15202,2020-11-08 17:00:00,Bundesliga,2020/21,Bayer Leverkusen,Borussia M.Gladbach,40,2,2,4,1.0,0.868829902628525,GOAL_FT,1,,,
15203,2020-11-21 14:30:00,Bundesliga,2020/21,Bayern Munich,Werder Bremen,44,0,1,1,1.0,0.8093742065725368,GOAL_FT,1,,,
15205,2020-11-21 14:30:00,Bundesliga,2020/21,Hoffenheim,VfB Stuttgart,40,1,2,3,1.0,0.8543383477603353,GOAL_FT,1,,,
15206,2020-11-21 14:30:00,Bundesliga,2020/21,Schalke 04,Wolfsburg,40,0,2,2,0.0,0.8459812282110106,GOAL_FT,0,,,
15209,2020-11-21 19:30:00,Bundesliga,2020/21,Hertha Berlin,Borussia Dortmund,40,1,0,1,1.0,0.8093990352070694,GOAL_FT,1,,,
15210,2020-11-22 14:30:00,Bundesliga,2020/21,Freiburg,Mainz 05,40,0,3,3,1.0,0.8866943755209762,GOAL_FT,1,,,
15211,2020-11-22 17:00:00,Bundesliga,2020/21,FC Cologne,Union Berlin,40,1,1,2,1.0,0.8237553487858336,GOAL_FT,1,,,
15213,2020-11-28 14:30:00,Bundesliga,2020/21,RasenBallsport Leipzig,Arminia Bielefeld,40,1,0,1,1.0,0.8313032901785918,GOAL_FT,1,,,
15214,2020-11-28 17:30:00,Bundesliga,2020/21,Borussia M.Gladbach,Schalke 04,40,2,1,3,1.0,0.882489769323893,GOAL_FT,1,,,
15215,2020-11-29 14:30:00,Bundesliga,2020/21,Bayer Leverkusen,Hertha Berlin,40,0,0,0,0.0,0.8217475917809781,GOAL_FT,0,,,
15216,2020-11-27 19:30:00,Bundesliga,2020/21,Wolfsburg,Werder Bremen,40,3,2,5,1.0,0.8335853767601398,GOAL_FT,1,,,
15217,2020-11-28 14:30:00,Bundesliga,2020/21,Union Berlin,Eintracht Frankfurt,40,2,2,4,1.0,0.8707053236295093,GOAL_FT,1,,,
15218,2020-11-29 17:00:00,Bundesliga,2020/21,Mainz 05,Hoffenheim,40,1,0,1,1.0,0.8118742445563758,GOAL_FT,1,,,
15220,2020-11-28 14:30:00,Bundesliga,2020/21,VfB Stuttgart,Bayern Munich,40,1,1,2,1.0,0.8502808147639764,GOAL_FT,1,,,
15221,2020-12-05 17:30:00,Bundesliga,2020/21,Bayern Munich,RasenBallsport Leipzig,40,2,2,4,1.0,0.85146884427722,GOAL_FT,1,,,
15222,2020-12-07 19:30:00,Bundesliga,2020/21,Hoffenheim,Augsburg,40,1,1,2,1.0,0.8168140187366953,GOAL_FT,1,,,
15223,2020-12-05 14:30:00,Bundesliga,2020/21,Freiburg,Borussia M.Gladbach,40,1,1,2,1.0,0.884946153976836,GOAL_FT,1,,,
15224,2020-12-05 14:30:00,Bundesliga,2020/21,Eintracht Frankfurt,Borussia Dortmund,40,1,0,1,1.0,0.8229033721099875,GOAL_FT,1,,,
15226,2020-12-06 17:00:00,Bundesliga,2020/21,Schalke 04,Bayer Leverkusen,40,0,0,0,1.0,0.8262179862570891,GOAL_FT,1,,,
15227,2020-12-05 14:30:00,Bundesliga,2020/21,FC Cologne,Wolfsburg,40,1,1,2,1.0,0.8041005727733076,GOAL_FT,1,,,
15228,2020-12-06 14:30:00,Bundesliga,2020/21,Werder Bremen,VfB Stuttgart,40,0,1,1,1.0,0.8054526134954634,GOAL_FT,1,,,
15229,2020-12-05 14:30:00,Bundesliga,2020/21,Arminia Bielefeld,Mainz 05,40,2,0,2,1.0,0.8212023986194485,GOAL_FT,1,,,
15230,2020-12-12 14:30:00,Bundesliga,2020/21,Borussia Dortmund,VfB Stuttgart,40,1,1,2,1.0,0.8306727516350136,GOAL_FT,1,,,
15231,2020-12-12 14:30:00,Bundesliga,2020/21,RasenBallsport Leipzig,Werder Bremen,40,2,0,2,0.0,0.850736646180151,GOAL_FT,0,,,
15233,2020-12-13 17:00:00,Bundesliga,2020/21,Bayer Leverkusen,Hoffenheim,40,2,0,2,1.0,0.8159571592789894,GOAL_FT,1,,,
15235,2020-12-12 14:30:00,Bundesliga,2020/21,Freiburg,Arminia Bielefeld,40,0,0,0,1.0,0.8040875831295827,GOAL_FT,1,,,
15237,2020-12-12 14:30:00,Bundesliga,2020/21,Mainz 05,FC Cologne,40,0,0,0,1.0,0.8007926505055387,GOAL_FT,1,,,
15241,2020-12-16 19:30:00,Bundesliga,2020/21,FC Cologne,Bayer Leverkusen,40,0,2,2,1.0,0.8035897430145541,GOAL_FT,1,,,
15242,2020-12-15 19:30:00,Bundesliga,2020/21,Werder Bremen,Borussia Dortmund,40,1,1,2,1.0,0.8148742114124671,GOAL_FT,1,,,
15244,2020-12-15 19:30:00,Bundesliga,2020/21,VfB Stuttgart,Union Berlin,40,0,1,1,1.0,0.8180389372502687,GOAL_FT,1,,,
15245,2020-12-16 19:30:00,Bundesliga,2020/21,Bayern Munich,Wolfsburg,45,1,1,2,1.0,0.8073036650622143,GOAL_FT,1,,,
15247,2020-12-15 17:30:00,Bundesliga,2020/21,Eintracht Frankfurt,Borussia M.Gladbach,40,3,1,4,1.0,0.849168355052035,GOAL_FT,1,,,
15248,2020-12-19 14:30:00,Bundesliga,2020/21,RasenBallsport Leipzig,FC Cologne,40,0,0,0,0.0,0.8045773461439227,GOAL_FT,0,,,
15249,2020-12-19 14:30:00,Bundesliga,2020/21,Borussia M.Gladbach,Hoffenheim,40,1,0,1,1.0,0.8584524732974352,GOAL_FT,1,,,
15250,2020-12-19 17:30:00,Bundesliga,2020/21,Bayer Leverkusen,Bayern Munich,42,1,1,2,1.0,0.8169134685386376,GOAL_FT,1,,,
15253,2020-12-18 19:30:00,Bundesliga,2020/21,Union Berlin,Borussia Dortmund,40,0,0,0,1.0,0.8035419333479757,GOAL_FT,1,,,
15256,2020-12-19 14:30:00,Bundesliga,2020/21,Augsburg,Eintracht Frankfurt,40,0,0,0,1.0,0.8531046237620502,GOAL_FT,1,,,
15257,2021-01-03 17:00:00,Bundesliga,2020/21,Bayern Munich,Mainz 05,40,0,1,1,1.0,0.8353142828117881,GOAL_FT,1,,,
15258,2021-01-03 14:30:00,Bundesliga,2020/21,Borussia Dortmund,Wolfsburg,40,0,0,0,1.0,0.8036982702858325,GOAL_FT,1,,,
15259,2021-01-02 14:30:00,Bundesliga,2020/21,Hoffenheim,Freiburg,40,0,2,2,1.0,0.8246757853822476,GOAL_FT,1,,,
15260,2021-01-02 14:30:00,Bundesliga,2020/21,Eintracht Frankfurt,Bayer Leverkusen,40,1,1,2,1.0,0.823837237150109,GOAL_FT,1,,,
15261,2021-01-02 17:30:00,Bundesliga,2020/21,Hertha Berlin,Schalke 04,40,1,0,1,1.0,0.8222332072971628,GOAL_FT,1,,,
15263,2021-01-02 14:30:00,Bundesliga,2020/21,Werder Bremen,Union Berlin,40,0,2,2,0.0,0.8027633582383127,GOAL_FT,0,,,
15264,2021-01-02 14:30:00,Bundesliga,2020/21,Arminia Bielefeld,Borussia M.Gladbach,40,0,0,0,1.0,0.8288071313598687,GOAL_FT,1,,,
15267,2021-01-08 19:30:00,Bundesliga,2020/21,Borussia M.Gladbach,Bayern Munich,40,1,2,3,1.0,0.8288919332691375,GOAL_FT,1,,,
15269,2021-01-09 14:30:00,Bundesliga,2020/21,Freiburg,FC Cologne,40,2,0,2,1.0,0.8285593225605489,GOAL_FT,1,,,
15270,2021-01-09 14:30:00,Bundesliga,2020/21,Union Berlin,Wolfsburg,40,1,1,2,1.0,0.8074441862980145,GOAL_FT,1,,,
15271,2021-01-09 14:30:00,Bundesliga,2020/21,Schalke 04,Hoffenheim,40,0,0,0,1.0,0.8256036168550291,GOAL_FT,1,,,
15273,2021-01-10 14:30:00,Bundesliga,2020/21,Augsburg,VfB Stuttgart,40,0,2,2,1.0,0.8556873946649304,GOAL_FT,1,,,
15275,2021-01-17 14:30:00,Bundesliga,2020/21,Bayern Munich,Freiburg,40,1,0,1,1.0,0.8296132075489661,GOAL_FT,1,,,
15276,2021-01-16 14:30:00,Bundesliga,2020/21,Borussia Dortmund,Mainz 05,40,0,0,0,1.0,0.805809314578585,GOAL_FT,1,,,
15278,2021-01-16 14:30:00,Bundesliga,2020/21,Wolfsburg,RasenBallsport Leipzig,40,2,1,3,1.0,0.8159034053124589,GOAL_FT,1,,,
15279,2021-01-17 17:00:00,Bundesliga,2020/21,Eintracht Frankfurt,Schalke 04,40,1,1,2,1.0,0.8063626618088704,GOAL_FT,1,,,
15280,2021-01-15 19:30:00,Bundesliga,2020/21,Union Berlin,Bayer Leverkusen,40,0,0,0,1.0,0.8176167689309642,GOAL_FT,1,,,
15283,2021-01-16 17:30:00,Bundesliga,2020/21,VfB Stuttgart,Borussia M.Gladbach,40,0,1,1,1.0,0.815243019517316,GOAL_FT,1,,,
15285,2021-01-19 17:30:00,Bundesliga,2020/21,Borussia M.Gladbach,Werder Bremen,40,0,0,0,1.0,0.8150124007328132,GOAL_FT,1,,,
15286,2021-01-19 19:30:00,Bundesliga,2020/21,Bayer Leverkusen,Borussia Dortmund,40,1,0,1,1.0,0.8306882306161179,GOAL_FT,1,,,
15287,2021-01-20 19:30:00,Bundesliga,2020/21,Freiburg,Eintracht Frankfurt,40,1,1,2,1.0,0.8423119152256768,GOAL_FT,1,,,
15288,2021-01-19 19:30:00,Bundesliga,2020/21,Hertha Berlin,Hoffenheim,40,0,1,1,1.0,0.8145733591574417,GOAL_FT,1,,,
15289,2021-01-20 17:30:00,Bundesliga,2020/21,Schalke 04,FC Cologne,40,0,1,1,1.0,0.8414946493000431,GOAL_FT,1,,,
15291,2021-01-20 19:30:00,Bundesliga,2020/21,Augsburg,Bayern Munich,40,0,1,1,0.0,0.8061690332192636,GOAL_FT,0,,,
15292,2021-01-20 19:30:00,Bundesliga,2020/21,Arminia Bielefeld,VfB Stuttgart,40,1,0,1,1.0,0.8176216684071609,GOAL_FT,1,,,
15293,2021-01-22 19:30:00,Bundesliga,2020/21,Borussia M.Gladbach,Borussia Dortmund,40,2,2,4,1.0,0.8836121665809571,GOAL_FT,1,,,
15294,2021-01-23 14:30:00,Bundesliga,2020/21,Bayer Leverkusen,Wolfsburg,40,0,1,1,0.0,0.8057412195986051,GOAL_FT,0,,,
15295,2021-01-24 17:00:00,Bundesliga,2020/21,Hoffenheim,FC Cologne,40,2,0,2,1.0,0.8477737376548207,GOAL_FT,1,,,
15296,2021-01-23 14:30:00,Bundesliga,2020/21,Freiburg,VfB Stuttgart,40,2,1,3,0.0,0.8736354660525883,GOAL_FT,0,,,
15297,2021-01-23 17:30:00,Bundesliga,2020/21,Hertha Berlin,Werder Bremen,40,0,2,2,1.0,0.8172924628702923,GOAL_FT,1,,,
15298,2021-01-24 14:30:00,Bundesliga,2020/21,Schalke 04,Bayern Munich,40,0,1,1,1.0,0.8555840796248371,GOAL_FT,1,,,
15299,2021-01-23 14:30:00,Bundesliga,2020/21,Mainz 05,RasenBallsport Leipzig,40,2,2,4,1.0,0.8612116432677149,GOAL_FT,1,,,
15300,2021-01-23 14:30:00,Bundesliga,2020/21,Augsburg,Union Berlin,40,1,1,2,1.0,0.8057921677330362,GOAL_FT,1,,,
15301,2021-01-23 14:30:00,Bundesliga,2020/21,Arminia Bielefeld,Eintracht Frankfurt,40,1,3,4,1.0,0.8641670820575316,GOAL_FT,1,,,
15302,2021-01-30 14:30:00,Bundesliga,2020/21,Bayern Munich,Hoffenheim,40,1,0,1,1.0,0.8147685853560676,GOAL_FT,1,,,
15303,2021-01-30 14:30:00,Bundesliga,2020/21,Borussia Dortmund,Augsburg,40,1,1,2,1.0,0.8232407391020397,GOAL_FT,1,,,
15305,2021-01-31 17:00:00,Bundesliga,2020/21,Wolfsburg,Freiburg,40,2,0,2,1.0,0.8187286951815221,GOAL_FT,1,,,
15306,2021-01-30 14:30:00,Bundesliga,2020/21,Eintracht Frankfurt,Hertha Berlin,40,0,0,0,1.0,0.8050512629535261,GOAL_FT,1,,,
15308,2021-01-31 14:30:00,Bundesliga,2020/21,FC Cologne,Arminia Bielefeld,40,2,0,2,1.0,0.8202637037508378,GOAL_FT,1,,,
15312,2021-02-06 14:30:00,Bundesliga,2020/21,Bayer Leverkusen,VfB Stuttgart,40,2,0,2,1.0,0.8498169160201969,GOAL_FT,1,,,
15315,2021-02-05 19:30:00,Bundesliga,2020/21,Hertha Berlin,Bayern Munich,40,0,1,1,0.0,0.8122016277661744,GOAL_FT,0,,,
15316,2021-02-06 14:30:00,Bundesliga,2020/21,Schalke 04,RasenBallsport Leipzig,47,0,1,1,1.0,0.8047739087844551,GOAL_FT,1,,,
15318,2021-02-06 14:30:00,Bundesliga,2020/21,Augsburg,Wolfsburg,40,0,1,1,1.0,0.8141402226747316,GOAL_FT,1,,,
15319,2021-03-10 19:30:00,Bundesliga,2020/21,Arminia Bielefeld,Werder Bremen,40,0,0,0,1.0,0.8106718104225704,GOAL_FT,1,,,
15320,2021-02-15 19:30:00,Bundesliga,2020/21,Bayern Munich,Arminia Bielefeld,40,0,2,2,1.0,0.8309150366175616,GOAL_FT,1,,,
15321,2021-02-13 14:30:00,Bundesliga,2020/21,Borussia Dortmund,Hoffenheim,40,1,1,2,1.0,0.8171914334869628,GOAL_FT,1,,,
15322,2021-02-12 19:30:00,Bundesliga,2020/21,RasenBallsport Leipzig,Augsburg,40,1,0,1,1.0,0.8345718613951253,GOAL_FT,1,,,
15323,2021-02-13 14:30:00,Bundesliga,2020/21,Bayer Leverkusen,Mainz 05,40,1,0,1,1.0,0.8607889118762774,GOAL_FT,1,,,
15324,2021-02-14 17:00:00,Bundesliga,2020/21,Wolfsburg,Borussia M.Gladbach,40,0,0,0,0.0,0.8019040778583574,GOAL_FT,0,,,
15327,2021-02-13 14:30:00,Bundesliga,2020/21,Werder Bremen,Freiburg,40,0,0,0,0.0,0.8024144712775569,GOAL_FT,0,,,
15328,2021-02-13 14:30:00,Bundesliga,2020/21,VfB Stuttgart,Hertha Berlin,40,0,0,0,1.0,0.827432987079227,GOAL_FT,1,,,
15329,2021-02-20 14:30:00,Bundesliga,2020/21,Borussia M.Gladbach,Mainz 05,40,1,1,2,1.0,0.8107964804143138,GOAL_FT,1,,,
15330,2021-02-21 17:00:00,Bundesliga,2020/21,Hoffenheim,Werder Bremen,43,2,0,2,1.0,0.8121130818176799,GOAL_FT,1,,,
15332,2021-02-20 14:30:00,Bundesliga,2020/21,Eintracht Frankfurt,Bayern Munich,40,2,0,2,1.0,0.8349001883475814,GOAL_FT,1,,,
15334,2021-02-20 17:30:00,Bundesliga,2020/21,Schalke 04,Borussia Dortmund,44,0,2,2,1.0,0.8041754577993061,GOAL_FT,1,,,
15337,2021-02-19 19:30:00,Bundesliga,2020/21,Arminia Bielefeld,Wolfsburg,46,0,2,2,1.0,0.8079248151624655,GOAL_FT,1,,,
15338,2021-02-27 14:30:00,Bundesliga,2020/21,Bayern Munich,FC Cologne,40,2,0,2,1.0,0.8110564840183713,GOAL_FT,1,,,
15339,2021-02-27 14:30:00,Bundesliga,2020/21,Borussia Dortmund,Arminia Bielefeld,40,0,0,0,1.0,0.8113173610292888,GOAL_FT,1,,,
15340,2021-02-27 17:30:00,Bundesliga,2020/21,RasenBallsport Leipzig,Borussia M.Gladbach,40,0,2,2,1.0,0.8468282384812972,GOAL_FT,1,,,
15343,2021-02-28 12:30:00,Bundesliga,2020/21,Union Berlin,Hoffenheim,40,1,0,1,1.0,0.8080898014400332,GOAL_FT,1,,,
15345,2021-02-26 19:30:00,Bundesliga,2020/21,Werder Bremen,Eintracht Frankfurt,40,0,1,1,1.0,0.8245140231978386,GOAL_FT,1,,,
15346,2021-02-27 14:30:00,Bundesliga,2020/21,VfB Stuttgart,Schalke 04,40,3,1,4,1.0,0.8879910732040502,GOAL_FT,1,,,
15348,2021-03-05 19:30:00,Bundesliga,2020/21,Schalke 04,Mainz 05,41,0,0,0,0.0,0.8045841171475012,GOAL_FT,0,,,
15349,2021-03-07 14:30:00,Bundesliga,2020/21,FC Cologne,Werder Bremen,40,0,0,0,1.0,0.8007316553028894,GOAL_FT,1,,,
15351,2021-03-06 17:30:00,Bundesliga,2020/21,Bayern Munich,Borussia Dortmund,40,1,2,3,1.0,0.85073225111203,GOAL_FT,1,,,
15353,2021-03-06 14:30:00,Bundesliga,2020/21,Hoffenheim,Wolfsburg,40,2,1,3,0.0,0.8503724664172987,GOAL_FT,0,,,
15354,2021-03-06 14:30:00,Bundesliga,2020/21,Freiburg,RasenBallsport Leipzig,40,0,1,1,1.0,0.8240729418083409,GOAL_FT,1,,,
15356,2021-03-13 17:30:00,Bundesliga,2020/21,Borussia Dortmund,Hertha Berlin,40,0,0,0,1.0,0.8025276337588026,GOAL_FT,1,,,
15358,2021-03-14 12:30:00,Bundesliga,2020/21,Bayer Leverkusen,Arminia Bielefeld,40,0,1,1,1.0,0.83015303728002,GOAL_FT,1,,,
15360,2021-03-13 14:30:00,Bundesliga,2020/21,Union Berlin,FC Cologne,46,0,1,1,1.0,0.8238281167716673,GOAL_FT,1,,,
15362,2021-03-12 19:30:00,Bundesliga,2020/21,Augsburg,Borussia M.Gladbach,40,0,0,0,1.0,0.8526946832591105,GOAL_FT,1,,,
15363,2021-03-13 14:30:00,Bundesliga,2020/21,Werder Bremen,Bayern Munich,40,0,2,2,1.0,0.8393139900514983,GOAL_FT,1,,,
15365,2021-03-20 14:30:00,Bundesliga,2020/21,Bayern Munich,VfB Stuttgart,40,4,0,4,0.0,0.8636527344115553,GOAL_FT,0,,,
15366,2021-03-21 12:30:00,Bundesliga,2020/21,Hoffenheim,Mainz 05,40,1,2,3,0.0,0.8771339801517567,GOAL_FT,0,,,
15367,2021-03-21 17:00:00,Bundesliga,2020/21,Freiburg,Augsburg,40,0,0,0,1.0,0.8102405609122381,GOAL_FT,1,,,
15368,2021-03-20 14:30:00,Bundesliga,2020/21,Eintracht Frankfurt,Union Berlin,40,3,1,4,1.0,0.8919086041125897,GOAL_FT,1,,,
15369,2021-03-21 14:30:00,Bundesliga,2020/21,Hertha Berlin,Bayer Leverkusen,40,3,0,3,0.0,0.8633260335204882,GOAL_FT,0,,,
15370,2021-03-20 17:30:00,Bundesliga,2020/21,Schalke 04,Borussia M.Gladbach,40,0,1,1,1.0,0.850903073840265,GOAL_FT,1,,,
15371,2021-03-20 14:30:00,Bundesliga,2020/21,FC Cologne,Borussia Dortmund,40,1,1,2,1.0,0.8298882689146455,GOAL_FT,1,,,
15372,2021-03-20 14:30:00,Bundesliga,2020/21,Werder Bremen,Wolfsburg,41,0,1,1,1.0,0.8201536045848846,GOAL_FT,1,,,
15373,2021-03-19 19:30:00,Bundesliga,2020/21,Arminia Bielefeld,RasenBallsport Leipzig,40,0,0,0,1.0,0.8056701598488513,GOAL_FT,1,,,
15374,2021-04-03 13:30:00,Bundesliga,2020/21,Borussia Dortmund,Eintracht Frankfurt,43,1,0,1,1.0,0.827684815108701,GOAL_FT,1,,,
15376,2021-04-03 18:30:00,Bundesliga,2020/21,Borussia M.Gladbach,Freiburg,40,0,1,1,1.0,0.8109524616830728,GOAL_FT,1,,,
15379,2021-04-04 16:00:00,Bundesliga,2020/21,Union Berlin,Hertha Berlin,40,1,1,2,0.0,0.8219134076944662,GOAL_FT,0,,,
15382,2021-04-03 13:30:00,Bundesliga,2020/21,Augsburg,Hoffenheim,40,2,0,2,1.0,0.8150589029188262,GOAL_FT,1,,,
15385,2021-04-10 13:30:00,Bundesliga,2020/21,Eintracht Frankfurt,Wolfsburg,40,2,1,3,1.0,0.819209599949921,GOAL_FT,1,,,
15386,2021-04-10 13:30:00,Bundesliga,2020/21,Hertha Berlin,Borussia M.Gladbach,40,1,2,3,1.0,0.8651957081345226,GOAL_FT,1,,,
15388,2021-04-11 16:00:00,Bundesliga,2020/21,FC Cologne,Mainz 05,40,0,1,1,1.0,0.84025319947742,GOAL_FT,1,,,
15389,2021-04-10 13:30:00,Bundesliga,2020/21,Werder Bremen,RasenBallsport Leipzig,40,0,3,3,1.0,0.852441094835129,GOAL_FT,1,,,
15391,2021-04-10 16:30:00,Bundesliga,2020/21,VfB Stuttgart,Borussia Dortmund,40,1,0,1,1.0,0.8035978488898372,GOAL_FT,1,,,
15392,2021-04-18 13:30:00,Bundesliga,2020/21,Borussia Dortmund,Werder Bremen,40,3,1,4,1.0,0.8761908010397682,GOAL_FT,1,,,
15394,2021-04-17 13:30:00,Bundesliga,2020/21,Borussia M.Gladbach,Eintracht Frankfurt,40,1,0,1,1.0,0.8268956298844458,GOAL_FT,1,,,
15395,2021-04-17 16:30:00,Bundesliga,2020/21,Bayer Leverkusen,FC Cologne,50,2,0,2,1.0,0.8024133839121541,GOAL_FT,1,,,
15396,2021-04-17 13:30:00,Bundesliga,2020/21,Wolfsburg,Bayern Munich,40,1,3,4,1.0,0.8481584576781873,GOAL_FT,1,,,
15397,2021-04-17 13:30:00,Bundesliga,2020/21,Freiburg,Schalke 04,40,2,0,2,1.0,0.8023438337330178,GOAL_FT,1,,,
15398,2021-04-17 13:30:00,Bundesliga,2020/21,Union Berlin,VfB Stuttgart,42,2,0,2,1.0,0.8129683370882689,GOAL_FT,1,,,
15399,2021-05-03 18:00:00,Bundesliga,2020/21,Mainz 05,Hertha Berlin,40,1,1,2,0.0,0.8817168243170239,GOAL_FT,0,,,
15401,2021-04-20 18:30:00,Bundesliga,2020/21,Bayern Munich,Bayer Leverkusen,40,2,0,2,0.0,0.8263226869603585,GOAL_FT,0,,,
15402,2021-04-21 18:30:00,Bundesliga,2020/21,Borussia Dortmund,Union Berlin,40,1,0,1,1.0,0.863609079559858,GOAL_FT,1,,,
15403,2021-04-21 18:30:00,Bundesliga,2020/21,Hoffenheim,Borussia M.Gladbach,40,0,1,1,1.0,0.8345375066966959,GOAL_FT,1,,,
15404,2021-04-20 18:30:00,Bundesliga,2020/21,Eintracht Frankfurt,Augsburg,40,1,0,1,1.0,0.8149026976860884,GOAL_FT,1,,,
15405,2021-05-06 16:30:00,Bundesliga,2020/21,Hertha Berlin,Freiburg,40,2,0,2,1.0,0.8042915734053445,GOAL_FT,1,,,
15406,2021-04-20 16:30:00,Bundesliga,2020/21,FC Cologne,RasenBallsport Leipzig,40,0,0,0,1.0,0.8333576467575308,GOAL_FT,1,,,
15407,2021-04-21 18:30:00,Bundesliga,2020/21,Werder Bremen,Mainz 05,40,0,1,1,0.0,0.8083253156936514,GOAL_FT,0,,,
15408,2021-04-20 18:30:00,Bundesliga,2020/21,Arminia Bielefeld,Schalke 04,40,0,0,0,1.0,0.8081141888579921,GOAL_FT,1,,,
15409,2021-04-21 18:30:00,Bundesliga,2020/21,VfB Stuttgart,Wolfsburg,40,0,2,2,1.0,0.8663304581311644,GOAL_FT,1,,,
15411,2021-04-25 16:00:00,Bundesliga,2020/21,Borussia M.Gladbach,Arminia Bielefeld,40,3,0,3,1.0,0.8428920806699818,GOAL_FT,1,,,
15412,2021-04-24 16:30:00,Bundesliga,2020/21,Bayer Leverkusen,Eintracht Frankfurt,40,0,0,0,1.0,0.8195839475700671,GOAL_FT,1,,,
15413,2021-04-24 13:30:00,Bundesliga,2020/21,Wolfsburg,Borussia Dortmund,40,0,1,1,1.0,0.8171873113490172,GOAL_FT,1,,,
15414,2021-04-24 13:30:00,Bundesliga,2020/21,Freiburg,Hoffenheim,40,0,1,1,1.0,0.8381499445556403,GOAL_FT,1,,,
15416,2021-05-12 16:00:00,Bundesliga,2020/21,Schalke 04,Hertha Berlin,40,1,1,2,1.0,0.8184497518535848,GOAL_FT,1,,,
15417,2021-04-24 13:30:00,Bundesliga,2020/21,Mainz 05,Bayern Munich,40,2,0,2,1.0,0.8422436458356181,GOAL_FT,1,,,
15418,2021-04-23 18:30:00,Bundesliga,2020/21,Augsburg,FC Cologne,40,0,3,3,1.0,0.8379272247985355,GOAL_FT,1,,,
15419,2021-05-08 16:30:00,Bundesliga,2020/21,Bayern Munich,Borussia M.Gladbach,40,3,0,3,1.0,0.840327388812254,GOAL_FT,1,,,
15420,2021-05-08 13:30:00,Bundesliga,2020/21,Borussia Dortmund,RasenBallsport Leipzig,40,1,0,1,1.0,0.8340258271095962,GOAL_FT,1,,,
15421,2021-05-08 13:30:00,Bundesliga,2020/21,Hoffenheim,Schalke 04,43,0,2,2,1.0,0.8009273144484529,GOAL_FT,1,,,
15422,2021-05-08 13:30:00,Bundesliga,2020/21,Wolfsburg,Union Berlin,40,1,0,1,1.0,0.8054735567394492,GOAL_FT,1,,,
15425,2021-05-09 11:30:00,Bundesliga,2020/21,FC Cologne,Freiburg,40,0,2,2,1.0,0.8421175110469735,GOAL_FT,1,,,
15427,2021-05-07 18:30:00,Bundesliga,2020/21,VfB Stuttgart,Augsburg,40,1,0,1,1.0,0.8130281342602101,GOAL_FT,1,,,
15428,2021-05-16 18:30:00,Bundesliga,2020/21,RasenBallsport Leipzig,Wolfsburg,40,0,1,1,1.0,0.8350154692097079,GOAL_FT,1,,,
15431,2021-05-15 13:30:00,Bundesliga,2020/21,Freiburg,Bayern Munich,40,1,1,2,1.0,0.8161719578701689,GOAL_FT,1,,,
15433,2021-05-15 13:30:00,Bundesliga,2020/21,Schalke 04,Eintracht Frankfurt,40,1,1,2,1.0,0.8597658061321277,GOAL_FT,1,,,
15434,2021-05-16 16:00:00,Bundesliga,2020/21,Mainz 05,Borussia Dortmund,41,0,2,2,1.0,0.8187601521581863,GOAL_FT,1,,,
15436,2021-05-15 13:30:00,Bundesliga,2020/21,Arminia Bielefeld,Hoffenheim,40,1,1,2,0.0,0.8297335903591647,GOAL_FT,0,,,
15437,2021-05-22 13:30:00,Bundesliga,2020/21,Bayern Munich,Augsburg,40,2,0,2,1.0,0.8853815286016947,GOAL_FT,1,,,
15439,2021-05-22 13:30:00,Bundesliga,2020/21,Hoffenheim,Hertha Berlin,42,0,1,1,1.0,0.8302271028679837,GOAL_FT,1,,,
15440,2021-05-22 13:30:00,Bundesliga,2020/21,Wolfsburg,Mainz 05,43,0,1,1,1.0,0.8187446727324851,GOAL_FT,1,,,
15442,2021-05-22 13:30:00,Bundesliga,2020/21,Union Berlin,RasenBallsport Leipzig,40,0,0,0,1.0,0.8013733475633187,GOAL_FT,1,,,
15444,2021-05-22 13:30:00,Bundesliga,2020/21,Werder Bremen,Borussia M.Gladbach,40,0,1,1,1.0,0.8203318160869306,GOAL_FT,1,,,
15446,2020-10-02 18:45:00,Serie_A,2020/21,Fiorentina,Sampdoria,40,0,0,0,1.0,0.8490583753864165,GOAL_FT,1,,,
15447,2020-10-03 13:00:00,Serie_A,2020/21,Sassuolo,Crotone,48,1,1,2,1.0,0.8059660538381838,GOAL_FT,1,,,
15448,2020-11-04 18:00:00,Serie_A,2020/21,Genoa,Torino,40,0,1,1,1.0,0.8080563081732832,GOAL_FT,1,,,
15449,2020-10-03 18:45:00,Serie_A,2020/21,Udinese,Roma,40,0,0,0,1.0,0.8279676828497745,GOAL_FT,1,,,
15450,2020-10-04 10:30:00,Serie_A,2020/21,Atalanta,Cagliari,40,3,1,4,1.0,0.8662905577658209,GOAL_FT,1,,,
15451,2020-10-04 13:00:00,Serie_A,2020/21,Benevento,Bologna,40,0,0,0,1.0,0.8032161204938176,GOAL_FT,1,,,
15454,2020-10-04 16:00:00,Serie_A,2020/21,AC Milan,Spezia,42,0,0,0,1.0,0.8051424635321213,GOAL_FT,1,,,
15455,2021-04-07 18:45:00,Serie_A,2020/21,Juventus,Napoli,40,1,0,1,1.0,0.8366984776056898,GOAL_FT,1,,,
15456,2020-10-17 13:00:00,Serie_A,2020/21,Napoli,Atalanta,40,3,0,3,1.0,0.8583772010972894,GOAL_FT,1,,,
15457,2020-10-17 16:00:00,Serie_A,2020/21,Inter,AC Milan,40,1,2,3,0.0,0.8621233555381566,GOAL_FT,0,,,
15458,2020-10-17 16:00:00,Serie_A,2020/21,Sampdoria,Lazio,40,2,0,2,1.0,0.8124160100270327,GOAL_FT,1,,,
15459,2020-10-17 18:45:00,Serie_A,2020/21,Crotone,Juventus,40,1,1,2,0.0,0.8358161622758706,GOAL_FT,0,,,
15460,2020-10-18 10:30:00,Serie_A,2020/21,Bologna,Sassuolo,40,2,1,3,1.0,0.8507431474446987,GOAL_FT,1,,,
15461,2020-10-18 13:00:00,Serie_A,2020/21,Spezia,Fiorentina,40,1,2,3,1.0,0.8384807961734961,GOAL_FT,1,,,
15462,2020-10-18 13:00:00,Serie_A,2020/21,Torino,Cagliari,40,1,2,3,1.0,0.8263340858650531,GOAL_FT,1,,,
15463,2020-10-18 16:00:00,Serie_A,2020/21,Udinese,Parma Calcio 1913,40,1,1,2,1.0,0.8279057666769681,GOAL_FT,1,,,
15464,2020-10-18 18:45:00,Serie_A,2020/21,Roma,Benevento,40,2,1,3,1.0,0.8347435051002431,GOAL_FT,1,,,
15465,2020-10-19 18:45:00,Serie_A,2020/21,Verona,Genoa,40,0,0,0,0.0,0.8014958913087057,GOAL_FT,0,,,
15466,2020-10-24 13:00:00,Serie_A,2020/21,Atalanta,Sampdoria,40,0,1,1,1.0,0.8406852496663673,GOAL_FT,1,,,
15467,2020-10-25 14:00:00,Serie_A,2020/21,Benevento,Napoli,43,1,0,1,1.0,0.8077819113224276,GOAL_FT,1,,,
15468,2020-10-25 11:30:00,Serie_A,2020/21,Cagliari,Crotone,40,2,1,3,1.0,0.8611454587127739,GOAL_FT,1,,,
15469,2020-10-25 17:00:00,Serie_A,2020/21,Fiorentina,Udinese,40,2,0,2,1.0,0.8321962578733069,GOAL_FT,1,,,
15471,2020-10-25 19:45:00,Serie_A,2020/21,Juventus,Verona,40,0,0,0,1.0,0.8182878273837982,GOAL_FT,1,,,
15472,2020-10-24 18:45:00,Serie_A,2020/21,Lazio,Bologna,40,0,0,0,1.0,0.8197764323096445,GOAL_FT,1,,,
15473,2020-10-26 19:45:00,Serie_A,2020/21,AC Milan,Roma,40,1,1,2,1.0,0.80084630552294,GOAL_FT,1,,,
15474,2020-10-25 14:00:00,Serie_A,2020/21,Parma Calcio 1913,Spezia,40,1,2,3,1.0,0.853269765137178,GOAL_FT,1,,,
15475,2020-10-23 18:45:00,Serie_A,2020/21,Sassuolo,Torino,40,0,1,1,1.0,0.8326898270240308,GOAL_FT,1,,,
15476,2020-10-31 19:45:00,Serie_A,2020/21,Bologna,Cagliari,40,0,1,1,1.0,0.836333470395049,GOAL_FT,1,,,
15477,2020-10-31 14:00:00,Serie_A,2020/21,Crotone,Atalanta,40,1,2,3,0.0,0.8595820367304393,GOAL_FT,0,,,
15479,2020-11-01 17:00:00,Serie_A,2020/21,Napoli,Sassuolo,40,0,0,0,1.0,0.8178696004710608,GOAL_FT,1,,,
15480,2020-11-01 17:00:00,Serie_A,2020/21,Roma,Fiorentina,40,1,0,1,1.0,0.8485938635383656,GOAL_FT,1,,,
15481,2020-11-01 19:45:00,Serie_A,2020/21,Sampdoria,Genoa,40,1,1,2,0.0,0.8311058940593288,GOAL_FT,0,,,
15482,2020-11-01 14:00:00,Serie_A,2020/21,Spezia,Juventus,40,1,1,2,1.0,0.8182090056504756,GOAL_FT,1,,,
15483,2020-11-01 14:00:00,Serie_A,2020/21,Torino,Lazio,40,2,1,3,1.0,0.829797101601168,GOAL_FT,1,,,
15484,2020-11-01 11:30:00,Serie_A,2020/21,Udinese,AC Milan,40,0,1,1,1.0,0.8096261183881113,GOAL_FT,1,,,
15485,2020-11-02 19:45:00,Serie_A,2020/21,Verona,Benevento,40,1,0,1,1.0,0.8763631154074203,GOAL_FT,1,,,
15488,2020-11-08 17:00:00,Serie_A,2020/21,Bologna,Napoli,40,0,1,1,0.0,0.809955638801763,GOAL_FT,0,,,
15490,2020-11-08 14:00:00,Serie_A,2020/21,Genoa,Roma,46,0,1,1,1.0,0.8256738777596103,GOAL_FT,1,,,
15491,2020-11-08 11:30:00,Serie_A,2020/21,Lazio,Juventus,40,0,1,1,1.0,0.8070618554812687,GOAL_FT,1,,,
15492,2020-11-08 19:45:00,Serie_A,2020/21,AC Milan,Verona,40,0,2,2,1.0,0.8527054611399502,GOAL_FT,1,,,
15496,2020-11-21 14:00:00,Serie_A,2020/21,Crotone,Lazio,40,0,1,1,1.0,0.8180337378452572,GOAL_FT,1,,,
15499,2020-11-21 19:45:00,Serie_A,2020/21,Juventus,Cagliari,40,1,0,1,1.0,0.805531329232405,GOAL_FT,1,,,
15500,2020-11-22 19:45:00,Serie_A,2020/21,Napoli,AC Milan,40,0,1,1,1.0,0.8310480345299929,GOAL_FT,1,,,
15501,2020-11-22 14:00:00,Serie_A,2020/21,Roma,Parma Calcio 1913,40,3,0,3,0.0,0.8494663905125784,GOAL_FT,0,,,
15505,2020-11-22 14:00:00,Serie_A,2020/21,Verona,Sassuolo,41,0,1,1,1.0,0.8040753466411023,GOAL_FT,1,,,
15507,2020-11-28 17:00:00,Serie_A,2020/21,Benevento,Juventus,40,0,1,1,1.0,0.8022244426331286,GOAL_FT,1,,,
15508,2020-11-29 14:00:00,Serie_A,2020/21,Bologna,Crotone,46,1,0,1,0.0,0.8740903158743552,GOAL_FT,0,,,
15509,2020-11-29 17:00:00,Serie_A,2020/21,Cagliari,Spezia,40,0,1,1,1.0,0.8275428676061097,GOAL_FT,1,,,
15510,2020-11-30 19:45:00,Serie_A,2020/21,Genoa,Parma Calcio 1913,40,0,1,1,1.0,0.8116998818993624,GOAL_FT,1,,,
15512,2020-11-29 14:00:00,Serie_A,2020/21,AC Milan,Fiorentina,40,2,0,2,0.0,0.8788024106081936,GOAL_FT,0,,,
15514,2020-11-28 14:00:00,Serie_A,2020/21,Sassuolo,Inter,40,0,1,1,1.0,0.8323427189287605,GOAL_FT,1,,,
15515,2020-11-30 17:30:00,Serie_A,2020/21,Torino,Sampdoria,40,1,0,1,1.0,0.8288603287710369,GOAL_FT,1,,,
15516,2020-12-06 17:00:00,Serie_A,2020/21,Crotone,Napoli,40,0,1,1,1.0,0.8049811136173691,GOAL_FT,1,,,
15518,2020-12-05 19:45:00,Serie_A,2020/21,Inter,Bologna,40,1,0,1,1.0,0.8213613567885035,GOAL_FT,1,,,
15519,2020-12-05 17:00:00,Serie_A,2020/21,Juventus,Torino,40,0,1,1,1.0,0.8213539146774714,GOAL_FT,1,,,
15522,2020-12-06 19:45:00,Serie_A,2020/21,Sampdoria,AC Milan,40,0,0,0,1.0,0.8248044514147735,GOAL_FT,1,,,
15523,2020-12-05 14:00:00,Serie_A,2020/21,Spezia,Lazio,40,0,2,2,1.0,0.8274643448794625,GOAL_FT,1,,,
15524,2021-01-20 16:00:00,Serie_A,2020/21,Udinese,Atalanta,40,1,0,1,1.0,0.8165833908668297,GOAL_FT,1,,,
15525,2020-12-06 11:30:00,Serie_A,2020/21,Verona,Cagliari,40,1,0,1,1.0,0.8318528837506461,GOAL_FT,1,,,
15526,2020-12-13 14:00:00,Serie_A,2020/21,Atalanta,Fiorentina,40,0,0,0,1.0,0.8203232590685949,GOAL_FT,1,,,
15527,2020-12-13 14:00:00,Serie_A,2020/21,Bologna,Roma,40,0,3,3,1.0,0.8631535911407532,GOAL_FT,1,,,
15528,2020-12-13 11:30:00,Serie_A,2020/21,Cagliari,Inter,41,1,0,1,1.0,0.8017455490002833,GOAL_FT,1,,,
15532,2020-12-13 19:45:00,Serie_A,2020/21,AC Milan,Parma Calcio 1913,40,0,1,1,1.0,0.8329865518193753,GOAL_FT,1,,,
15533,2020-12-13 14:00:00,Serie_A,2020/21,Napoli,Sampdoria,40,0,1,1,1.0,0.804806408279215,GOAL_FT,1,,,
15534,2020-12-11 19:45:00,Serie_A,2020/21,Sassuolo,Benevento,40,1,0,1,0.0,0.8484267531961999,GOAL_FT,0,,,
15536,2020-12-15 19:45:00,Serie_A,2020/21,Benevento,Lazio,40,0,1,1,1.0,0.830466122815986,GOAL_FT,1,,,
15537,2020-12-16 19:45:00,Serie_A,2020/21,Fiorentina,Sassuolo,40,1,1,2,0.0,0.8604677372561944,GOAL_FT,0,,,
15538,2020-12-16 19:45:00,Serie_A,2020/21,Genoa,AC Milan,40,0,0,0,1.0,0.8321618877492527,GOAL_FT,1,,,
15539,2020-12-16 19:45:00,Serie_A,2020/21,Inter,Napoli,40,0,0,0,1.0,0.8158164485937662,GOAL_FT,1,,,
15540,2020-12-16 17:30:00,Serie_A,2020/21,Juventus,Atalanta,40,1,0,1,1.0,0.8175105964334661,GOAL_FT,1,,,
15542,2020-12-17 19:45:00,Serie_A,2020/21,Roma,Torino,42,2,0,2,1.0,0.8312396449371774,GOAL_FT,1,,,
15543,2020-12-16 19:45:00,Serie_A,2020/21,Spezia,Bologna,40,1,0,1,1.0,0.8069443551948148,GOAL_FT,1,,,
15545,2020-12-16 19:45:00,Serie_A,2020/21,Verona,Sampdoria,40,0,1,1,1.0,0.805736151689174,GOAL_FT,1,,,
15548,2020-12-20 14:00:00,Serie_A,2020/21,Cagliari,Udinese,40,1,0,1,1.0,0.8030479150253533,GOAL_FT,1,,,
15551,2020-12-20 19:45:00,Serie_A,2020/21,Lazio,Napoli,40,1,0,1,1.0,0.8176904405501556,GOAL_FT,1,,,
15552,2020-12-19 19:45:00,Serie_A,2020/21,Parma Calcio 1913,Juventus,40,0,2,2,1.0,0.8253077712377027,GOAL_FT,1,,,
15553,2020-12-19 17:00:00,Serie_A,2020/21,Sampdoria,Crotone,40,2,0,2,1.0,0.8425389678799114,GOAL_FT,1,,,
15554,2020-12-20 14:00:00,Serie_A,2020/21,Sassuolo,AC Milan,40,0,2,2,1.0,0.8445572806416297,GOAL_FT,1,,,
15555,2020-12-20 11:30:00,Serie_A,2020/21,Torino,Bologna,40,0,0,0,1.0,0.8057306342943874,GOAL_FT,1,,,
15556,2020-12-23 19:45:00,Serie_A,2020/21,Bologna,Atalanta,41,0,2,2,1.0,0.8090008149107406,GOAL_FT,1,,,
15557,2020-12-22 17:30:00,Serie_A,2020/21,Crotone,Parma Calcio 1913,40,1,0,1,1.0,0.8020351373376263,GOAL_FT,1,,,
15559,2020-12-23 19:45:00,Serie_A,2020/21,AC Milan,Lazio,40,2,1,3,1.0,0.8334732807071908,GOAL_FT,1,,,
15560,2020-12-23 19:45:00,Serie_A,2020/21,Napoli,Torino,40,0,0,0,1.0,0.8099893204350779,GOAL_FT,1,,,
15562,2020-12-23 19:45:00,Serie_A,2020/21,Sampdoria,Sassuolo,40,0,1,1,1.0,0.8316560898149443,GOAL_FT,1,,,
15564,2020-12-23 19:45:00,Serie_A,2020/21,Udinese,Benevento,40,0,1,1,1.0,0.8236999524195423,GOAL_FT,1,,,
15566,2021-01-03 14:00:00,Serie_A,2020/21,Atalanta,Sassuolo,40,1,0,1,1.0,0.8519148675121203,GOAL_FT,1,,,
15567,2021-01-03 17:00:00,Serie_A,2020/21,Benevento,AC Milan,40,0,1,1,1.0,0.810938621325394,GOAL_FT,1,,,
15568,2021-01-03 14:00:00,Serie_A,2020/21,Cagliari,Napoli,40,0,1,1,1.0,0.8544093512859667,GOAL_FT,1,,,
15570,2021-01-03 14:00:00,Serie_A,2020/21,Genoa,Lazio,40,0,1,1,1.0,0.8223296792240871,GOAL_FT,1,,,
15571,2021-01-03 11:30:00,Serie_A,2020/21,Inter,Crotone,40,1,2,3,1.0,0.874012831168452,GOAL_FT,1,,,
15572,2021-01-03 19:45:00,Serie_A,2020/21,Juventus,Udinese,40,1,0,1,1.0,0.8025481575509265,GOAL_FT,1,,,
15577,2021-01-06 14:00:00,Serie_A,2020/21,Bologna,Udinese,40,2,1,3,1.0,0.8692402110197494,GOAL_FT,1,,,
15578,2021-01-06 11:30:00,Serie_A,2020/21,Cagliari,Benevento,40,1,1,2,1.0,0.8351624601741798,GOAL_FT,1,,,
15579,2021-01-06 14:00:00,Serie_A,2020/21,Crotone,Roma,40,0,3,3,1.0,0.8358663000710396,GOAL_FT,1,,,
15580,2021-01-06 14:00:00,Serie_A,2020/21,Lazio,Fiorentina,40,1,0,1,1.0,0.8170725535280996,GOAL_FT,1,,,
15581,2021-01-06 19:45:00,Serie_A,2020/21,AC Milan,Juventus,40,1,1,2,1.0,0.8596516161059385,GOAL_FT,1,,,
15582,2021-01-06 17:00:00,Serie_A,2020/21,Napoli,Spezia,40,0,0,0,1.0,0.847503710696234,GOAL_FT,1,,,
15583,2021-01-06 14:00:00,Serie_A,2020/21,Sampdoria,Inter,40,2,0,2,1.0,0.8604391443313277,GOAL_FT,1,,,
15584,2021-01-06 14:00:00,Serie_A,2020/21,Sassuolo,Genoa,40,0,0,0,1.0,0.8475489725802503,GOAL_FT,1,,,
15586,2021-01-09 14:00:00,Serie_A,2020/21,Benevento,Atalanta,40,0,1,1,1.0,0.8013121305375679,GOAL_FT,1,,,
15587,2021-01-10 17:00:00,Serie_A,2020/21,Fiorentina,Cagliari,40,0,0,0,1.0,0.8286349814913125,GOAL_FT,1,,,
15590,2021-01-09 19:45:00,Serie_A,2020/21,AC Milan,Torino,40,2,0,2,0.0,0.8200440647419087,GOAL_FT,0,,,
15591,2021-01-10 14:00:00,Serie_A,2020/21,Parma Calcio 1913,Lazio,40,0,0,0,1.0,0.8306387163484588,GOAL_FT,1,,,
15593,2021-01-11 19:45:00,Serie_A,2020/21,Spezia,Sampdoria,40,1,1,2,1.0,0.811081535714878,GOAL_FT,1,,,
15594,2021-01-10 14:00:00,Serie_A,2020/21,Udinese,Napoli,40,1,1,2,1.0,0.8297657200741948,GOAL_FT,1,,,
15595,2021-01-10 14:00:00,Serie_A,2020/21,Verona,Crotone,40,2,0,2,1.0,0.8416920777807885,GOAL_FT,1,,,
15596,2021-01-17 17:00:00,Serie_A,2020/21,Atalanta,Genoa,40,0,0,0,0.0,0.8320250197892392,GOAL_FT,0,,,
15597,2021-01-16 14:00:00,Serie_A,2020/21,Bologna,Verona,40,1,0,1,0.0,0.8024270894438591,GOAL_FT,0,,,
15598,2021-01-18 19:45:00,Serie_A,2020/21,Cagliari,AC Milan,40,0,1,1,1.0,0.823436516841134,GOAL_FT,1,,,
15599,2021-01-17 14:00:00,Serie_A,2020/21,Crotone,Benevento,40,1,0,1,1.0,0.8838299188700224,GOAL_FT,1,,,
15600,2021-01-17 19:45:00,Serie_A,2020/21,Inter,Juventus,40,1,0,1,1.0,0.8242990199643726,GOAL_FT,1,,,
15602,2021-01-17 11:30:00,Serie_A,2020/21,Napoli,Fiorentina,40,3,0,3,1.0,0.867076892481208,GOAL_FT,1,,,
15603,2021-01-16 19:45:00,Serie_A,2020/21,Sampdoria,Udinese,40,0,0,0,1.0,0.8142633973835116,GOAL_FT,1,,,
15606,2021-01-22 19:45:00,Serie_A,2020/21,Benevento,Torino,40,1,0,1,1.0,0.8165749819152152,GOAL_FT,1,,,
15607,2021-01-23 19:45:00,Serie_A,2020/21,Fiorentina,Crotone,40,2,0,2,1.0,0.8095137217315509,GOAL_FT,1,,,
15608,2021-01-24 14:00:00,Serie_A,2020/21,Genoa,Cagliari,40,1,0,1,0.0,0.8262731932976444,GOAL_FT,0,,,
15609,2021-01-24 11:30:00,Serie_A,2020/21,Juventus,Bologna,40,1,0,1,1.0,0.8293747669865817,GOAL_FT,1,,,
15610,2021-01-24 17:00:00,Serie_A,2020/21,Lazio,Sassuolo,40,1,1,2,1.0,0.8389545441487422,GOAL_FT,1,,,
15611,2021-01-23 17:00:00,Serie_A,2020/21,AC Milan,Atalanta,40,0,1,1,1.0,0.8466771523742869,GOAL_FT,1,,,
15612,2021-01-24 19:45:00,Serie_A,2020/21,Parma Calcio 1913,Sampdoria,40,0,2,2,0.0,0.8494279411691362,GOAL_FT,0,,,
15613,2021-01-23 14:00:00,Serie_A,2020/21,Roma,Spezia,40,1,1,2,1.0,0.8087190353407119,GOAL_FT,1,,,
15615,2021-01-24 14:00:00,Serie_A,2020/21,Verona,Napoli,40,1,1,2,1.0,0.8648652289012495,GOAL_FT,1,,,
15617,2021-01-30 17:00:00,Serie_A,2020/21,Sampdoria,Juventus,40,0,1,1,1.0,0.8076409088017045,GOAL_FT,1,,,
15619,2021-01-30 14:00:00,Serie_A,2020/21,Bologna,AC Milan,40,0,1,1,1.0,0.8803718086176076,GOAL_FT,1,,,
15621,2021-01-31 14:00:00,Serie_A,2020/21,Cagliari,Sassuolo,40,0,0,0,1.0,0.8252218206026184,GOAL_FT,1,,,
15623,2021-01-31 19:45:00,Serie_A,2020/21,Roma,Verona,40,3,0,3,1.0,0.8110937551300261,GOAL_FT,1,,,
15625,2021-01-29 19:45:00,Serie_A,2020/21,Torino,Fiorentina,40,0,0,0,1.0,0.8001871165673098,GOAL_FT,1,,,
15626,2021-02-07 17:00:00,Serie_A,2020/21,Parma Calcio 1913,Bologna,40,0,2,2,1.0,0.813973516836014,GOAL_FT,1,,,
15628,2021-02-07 14:00:00,Serie_A,2020/21,AC Milan,Crotone,40,1,0,1,1.0,0.8206076797425086,GOAL_FT,1,,,
15629,2021-02-05 19:45:00,Serie_A,2020/21,Fiorentina,Inter,40,0,1,1,1.0,0.810756790596789,GOAL_FT,1,,,
15630,2021-02-06 19:45:00,Serie_A,2020/21,Genoa,Napoli,40,2,0,2,1.0,0.8231654588860295,GOAL_FT,1,,,
15633,2021-02-06 14:00:00,Serie_A,2020/21,Sassuolo,Spezia,40,1,1,2,1.0,0.8163416099106056,GOAL_FT,1,,,
15634,2021-02-06 14:00:00,Serie_A,2020/21,Atalanta,Torino,40,3,0,3,1.0,0.8484384851785274,GOAL_FT,1,,,
15635,2021-02-07 14:00:00,Serie_A,2020/21,Udinese,Verona,40,0,0,0,1.0,0.8557025597001721,GOAL_FT,1,,,
15637,2021-02-12 19:45:00,Serie_A,2020/21,Bologna,Benevento,40,1,0,1,1.0,0.8134684962173326,GOAL_FT,1,,,
15638,2021-02-14 14:00:00,Serie_A,2020/21,Sampdoria,Fiorentina,40,1,1,2,1.0,0.8285570569146897,GOAL_FT,1,,,
15640,2021-02-13 17:00:00,Serie_A,2020/21,Napoli,Juventus,40,1,0,1,0.0,0.8110604924610386,GOAL_FT,0,,,
15641,2021-02-14 19:45:00,Serie_A,2020/21,Inter,Lazio,40,1,0,1,1.0,0.8002127189359114,GOAL_FT,1,,,
15643,2021-02-15 19:45:00,Serie_A,2020/21,Verona,Parma Calcio 1913,40,0,1,1,1.0,0.826803261975684,GOAL_FT,1,,,
15644,2021-02-14 17:00:00,Serie_A,2020/21,Crotone,Sassuolo,40,1,1,2,1.0,0.8475862291035415,GOAL_FT,1,,,
15645,2021-02-14 11:30:00,Serie_A,2020/21,Roma,Udinese,40,2,0,2,1.0,0.8446067735315335,GOAL_FT,1,,,
15646,2021-02-20 19:45:00,Serie_A,2020/21,Sassuolo,Bologna,40,0,1,1,1.0,0.8194384817724234,GOAL_FT,1,,,
15647,2021-02-22 19:45:00,Serie_A,2020/21,Juventus,Crotone,40,1,0,1,1.0,0.8731381057285815,GOAL_FT,1,,,
15648,2021-02-21 14:00:00,Serie_A,2020/21,AC Milan,Inter,40,0,1,1,1.0,0.8366239546076284,GOAL_FT,1,,,
15651,2021-02-20 14:00:00,Serie_A,2020/21,Lazio,Sampdoria,40,1,0,1,0.0,0.82067594842331,GOAL_FT,0,,,
15653,2021-02-19 19:45:00,Serie_A,2020/21,Cagliari,Torino,40,0,0,0,1.0,0.8200019998477448,GOAL_FT,1,,,
15654,2021-02-21 11:30:00,Serie_A,2020/21,Parma Calcio 1913,Udinese,40,2,0,2,1.0,0.8382571895979342,GOAL_FT,1,,,
15655,2021-02-20 17:00:00,Serie_A,2020/21,Genoa,Verona,47,1,1,2,1.0,0.801534510745407,GOAL_FT,1,,,
15656,2021-02-28 11:30:00,Serie_A,2020/21,Sampdoria,Atalanta,40,0,1,1,1.0,0.8202387531808001,GOAL_FT,1,,,
15657,2021-02-28 17:00:00,Serie_A,2020/21,Napoli,Benevento,40,1,0,1,1.0,0.8072392447845569,GOAL_FT,1,,,
15660,2021-02-28 14:00:00,Serie_A,2020/21,Inter,Genoa,40,1,0,1,1.0,0.8166310677916647,GOAL_FT,1,,,
15662,2021-02-27 17:00:00,Serie_A,2020/21,Bologna,Lazio,40,1,0,1,1.0,0.8097322228376285,GOAL_FT,1,,,
15663,2021-02-28 19:45:00,Serie_A,2020/21,Roma,AC Milan,40,0,0,0,1.0,0.8554237251382136,GOAL_FT,1,,,
15664,2021-02-27 14:00:00,Serie_A,2020/21,Spezia,Parma Calcio 1913,40,0,2,2,1.0,0.8033702093414578,GOAL_FT,1,,,
15665,2021-03-17 14:00:00,Serie_A,2020/21,Torino,Sassuolo,40,0,2,2,1.0,0.8157866090516066,GOAL_FT,1,,,
15666,2021-03-04 19:45:00,Serie_A,2020/21,Parma Calcio 1913,Inter,40,0,0,0,1.0,0.8157595704758976,GOAL_FT,1,,,
15667,2021-03-03 17:30:00,Serie_A,2020/21,Sassuolo,Napoli,40,0,1,1,1.0,0.8023612609463409,GOAL_FT,1,,,
15670,2021-03-02 19:45:00,Serie_A,2020/21,Juventus,Spezia,40,0,0,0,1.0,0.8224011384676564,GOAL_FT,1,,,
15673,2021-03-03 19:45:00,Serie_A,2020/21,Benevento,Verona,40,0,1,1,1.0,0.8038756871585047,GOAL_FT,1,,,
15674,2021-03-03 19:45:00,Serie_A,2020/21,Cagliari,Bologna,40,1,0,1,0.0,0.8015147196246893,GOAL_FT,0,,,
15675,2021-03-03 19:45:00,Serie_A,2020/21,Atalanta,Crotone,40,1,1,2,1.0,0.8159504766267203,GOAL_FT,1,,,
15680,2021-03-07 11:30:00,Serie_A,2020/21,Roma,Genoa,40,1,0,1,0.0,0.8021673970699367,GOAL_FT,0,,,
15681,2021-03-06 19:45:00,Serie_A,2020/21,Juventus,Lazio,40,1,1,2,1.0,0.8120389160248792,GOAL_FT,1,,,
15682,2021-03-07 14:00:00,Serie_A,2020/21,Verona,AC Milan,40,0,1,1,1.0,0.8058587769130955,GOAL_FT,1,,,
15683,2021-03-07 14:00:00,Serie_A,2020/21,Fiorentina,Parma Calcio 1913,40,1,1,2,1.0,0.8232554997075844,GOAL_FT,1,,,
15684,2021-03-06 17:00:00,Serie_A,2020/21,Udinese,Sassuolo,41,1,0,1,1.0,0.814571745055856,GOAL_FT,1,,,
15685,2021-03-07 14:00:00,Serie_A,2020/21,Crotone,Torino,40,1,0,1,1.0,0.8176425019309214,GOAL_FT,1,,,
15686,2021-03-12 14:00:00,Serie_A,2020/21,Lazio,Crotone,40,2,1,3,1.0,0.8407891696212577,GOAL_FT,1,,,
15687,2021-03-13 17:00:00,Serie_A,2020/21,Benevento,Fiorentina,40,0,2,2,1.0,0.8196025075797503,GOAL_FT,1,,,
15688,2021-03-14 14:00:00,Serie_A,2020/21,Torino,Inter,40,0,0,0,1.0,0.8165068392732074,GOAL_FT,1,,,
15689,2021-03-14 17:00:00,Serie_A,2020/21,Cagliari,Juventus,40,0,3,3,1.0,0.8295267047759021,GOAL_FT,1,,,
15690,2021-03-14 19:45:00,Serie_A,2020/21,AC Milan,Napoli,40,0,0,0,1.0,0.8135273233078272,GOAL_FT,1,,,
15691,2021-03-14 14:00:00,Serie_A,2020/21,Parma Calcio 1913,Roma,40,1,0,1,1.0,0.808322572676298,GOAL_FT,1,,,
15692,2021-03-14 11:30:00,Serie_A,2020/21,Bologna,Sampdoria,40,2,1,3,1.0,0.8578132570657918,GOAL_FT,1,,,
15694,2021-03-13 19:45:00,Serie_A,2020/21,Genoa,Udinese,40,1,1,2,0.0,0.8398047949255723,GOAL_FT,0,,,
15695,2021-03-13 14:00:00,Serie_A,2020/21,Sassuolo,Verona,40,1,0,1,1.0,0.8103620414773133,GOAL_FT,1,,,
15696,2021-03-21 11:30:00,Serie_A,2020/21,Verona,Atalanta,40,0,1,1,1.0,0.8215832448185557,GOAL_FT,1,,,
15697,2021-03-20 14:00:00,Serie_A,2020/21,Crotone,Bologna,40,2,0,2,1.0,0.8663672831405848,GOAL_FT,1,,,
15698,2021-03-20 17:00:00,Serie_A,2020/21,Spezia,Cagliari,40,0,0,0,1.0,0.8028699329658391,GOAL_FT,1,,,
15699,2021-03-19 19:45:00,Serie_A,2020/21,Parma Calcio 1913,Genoa,40,1,0,1,1.0,0.809013087930271,GOAL_FT,1,,,
15700,2021-03-21 14:00:00,Serie_A,2020/21,Udinese,Lazio,40,0,1,1,0.0,0.8290149136891163,GOAL_FT,0,,,
15701,2021-03-21 17:00:00,Serie_A,2020/21,Fiorentina,AC Milan,40,1,1,2,1.0,0.8282617308515419,GOAL_FT,1,,,
15702,2021-03-21 19:45:00,Serie_A,2020/21,Roma,Napoli,40,0,2,2,0.0,0.8278724268817487,GOAL_FT,0,,,
15703,2021-04-07 18:45:00,Serie_A,2020/21,Inter,Sassuolo,40,1,0,1,1.0,0.8209222322294153,GOAL_FT,1,,,
15704,2021-03-21 14:00:00,Serie_A,2020/21,Juventus,Benevento,40,0,0,0,1.0,0.817222216189312,GOAL_FT,1,,,
15706,2021-04-03 13:00:00,Serie_A,2020/21,Napoli,Crotone,40,3,1,4,1.0,0.9027989817378339,GOAL_FT,1,,,
15707,2021-04-03 13:00:00,Serie_A,2020/21,Genoa,Fiorentina,40,1,1,2,0.0,0.802540094824402,GOAL_FT,0,,,
15708,2021-04-03 18:45:00,Serie_A,2020/21,Bologna,Inter,40,0,1,1,0.0,0.8252700555013672,GOAL_FT,0,,,
15709,2021-04-03 16:00:00,Serie_A,2020/21,Torino,Juventus,40,1,1,2,1.0,0.819119794110547,GOAL_FT,1,,,
15710,2021-04-03 13:00:00,Serie_A,2020/21,Benevento,Parma Calcio 1913,40,1,0,1,1.0,0.8012404853044881,GOAL_FT,1,,,
15711,2021-04-03 13:00:00,Serie_A,2020/21,Sassuolo,Roma,40,0,1,1,1.0,0.8275790800645973,GOAL_FT,1,,,
15713,2021-04-03 13:00:00,Serie_A,2020/21,Lazio,Spezia,41,0,0,0,1.0,0.8067018047488628,GOAL_FT,1,,,
15714,2021-04-03 13:00:00,Serie_A,2020/21,Atalanta,Udinese,40,1,0,1,1.0,0.8153597702671604,GOAL_FT,1,,,
15716,2021-04-11 18:45:00,Serie_A,2020/21,Fiorentina,Atalanta,40,0,2,2,1.0,0.8341779372165635,GOAL_FT,1,,,
15717,2021-04-11 16:00:00,Serie_A,2020/21,Roma,Bologna,43,1,0,1,0.0,0.8276057746466348,GOAL_FT,0,,,
15720,2021-04-11 13:00:00,Serie_A,2020/21,Juventus,Genoa,40,2,0,2,1.0,0.8424718579420142,GOAL_FT,1,,,
15723,2021-04-11 13:00:00,Serie_A,2020/21,Sampdoria,Napoli,40,0,1,1,1.0,0.8150215383804366,GOAL_FT,1,,,
15725,2021-04-10 18:45:00,Serie_A,2020/21,Udinese,Torino,40,0,0,0,1.0,0.8112872053879828,GOAL_FT,1,,,
15726,2021-04-18 13:00:00,Serie_A,2020/21,Lazio,Benevento,40,2,0,2,1.0,0.8824072588426167,GOAL_FT,1,,,
15728,2021-04-18 10:30:00,Serie_A,2020/21,AC Milan,Genoa,40,1,1,2,1.0,0.8159166293407029,GOAL_FT,1,,,
15729,2021-04-18 18:45:00,Serie_A,2020/21,Napoli,Inter,40,0,0,0,1.0,0.8178726652958017,GOAL_FT,1,,,
15730,2021-04-18 13:00:00,Serie_A,2020/21,Atalanta,Juventus,40,0,0,0,1.0,0.8253577806830441,GOAL_FT,1,,,
15731,2021-04-17 18:45:00,Serie_A,2020/21,Cagliari,Parma Calcio 1913,40,1,2,3,1.0,0.8641579454041407,GOAL_FT,1,,,
15732,2021-04-18 16:00:00,Serie_A,2020/21,Torino,Roma,40,0,1,1,1.0,0.8584659423906313,GOAL_FT,1,,,
15733,2021-04-18 13:00:00,Serie_A,2020/21,Bologna,Spezia,40,2,1,3,1.0,0.8641246896043117,GOAL_FT,1,,,
15734,2021-04-17 13:00:00,Serie_A,2020/21,Crotone,Udinese,40,0,1,1,1.0,0.8203080719282229,GOAL_FT,1,,,
15735,2021-04-17 13:00:00,Serie_A,2020/21,Sampdoria,Verona,40,0,1,1,1.0,0.8134993755684422,GOAL_FT,1,,,
15736,2021-04-22 16:30:00,Serie_A,2020/21,Roma,Atalanta,40,0,1,1,1.0,0.8191468505664996,GOAL_FT,1,,,
15737,2021-04-21 18:45:00,Serie_A,2020/21,Genoa,Benevento,40,2,2,4,0.0,0.8478528030808274,GOAL_FT,0,,,
15740,2021-04-21 18:45:00,Serie_A,2020/21,Spezia,Inter,40,1,1,2,0.0,0.8389113109668089,GOAL_FT,0,,,
15741,2021-04-22 18:45:00,Serie_A,2020/21,Napoli,Lazio,40,2,0,2,1.0,0.8092750396364965,GOAL_FT,1,,,
15742,2021-04-21 18:45:00,Serie_A,2020/21,Juventus,Parma Calcio 1913,40,0,1,1,1.0,0.8052248015721537,GOAL_FT,1,,,
15744,2021-04-21 16:30:00,Serie_A,2020/21,AC Milan,Sassuolo,40,1,0,1,1.0,0.8077412684670083,GOAL_FT,1,,,
15746,2021-04-25 18:45:00,Serie_A,2020/21,Atalanta,Bologna,40,1,0,1,1.0,0.846330912895054,GOAL_FT,1,,,
15747,2021-04-24 16:00:00,Serie_A,2020/21,Parma Calcio 1913,Crotone,40,1,1,2,1.0,0.8299822557939696,GOAL_FT,1,,,
15748,2021-04-25 13:00:00,Serie_A,2020/21,Fiorentina,Juventus,42,1,0,1,1.0,0.8056768272202648,GOAL_FT,1,,,
15749,2021-04-26 18:45:00,Serie_A,2020/21,Lazio,AC Milan,40,1,0,1,1.0,0.8331815482064014,GOAL_FT,1,,,
15750,2021-04-26 16:30:00,Serie_A,2020/21,Torino,Napoli,40,0,2,2,0.0,0.8528680117693153,GOAL_FT,0,,,
15751,2021-04-25 16:00:00,Serie_A,2020/21,Cagliari,Roma,40,1,1,2,1.0,0.8514015798649353,GOAL_FT,1,,,
15754,2021-04-25 10:30:00,Serie_A,2020/21,Benevento,Udinese,40,1,2,3,1.0,0.8441955340724561,GOAL_FT,1,,,
15755,2021-04-25 13:00:00,Serie_A,2020/21,Inter,Verona,40,0,0,0,1.0,0.8005693657548456,GOAL_FT,1,,,
15757,2021-05-01 18:45:00,Serie_A,2020/21,AC Milan,Benevento,40,1,0,1,1.0,0.818391633180805,GOAL_FT,1,,,
15758,2021-05-02 13:00:00,Serie_A,2020/21,Napoli,Cagliari,40,1,0,1,1.0,0.8160264657426503,GOAL_FT,1,,,
15759,2021-05-02 13:00:00,Serie_A,2020/21,Bologna,Fiorentina,40,1,1,2,1.0,0.8373353048994474,GOAL_FT,1,,,
15760,2021-05-02 10:30:00,Serie_A,2020/21,Lazio,Genoa,40,1,0,1,1.0,0.8108981717281307,GOAL_FT,1,,,
15761,2021-05-01 16:00:00,Serie_A,2020/21,Crotone,Inter,40,0,0,0,1.0,0.8279771107366328,GOAL_FT,1,,,
15762,2021-05-02 16:00:00,Serie_A,2020/21,Udinese,Juventus,40,1,0,1,1.0,0.8270687974217568,GOAL_FT,1,,,
15764,2021-05-02 18:45:00,Serie_A,2020/21,Sampdoria,Roma,40,0,0,0,1.0,0.8024068849132645,GOAL_FT,1,,,
15765,2021-05-01 13:00:00,Serie_A,2020/21,Verona,Spezia,46,1,0,1,1.0,0.8228247703641708,GOAL_FT,1,,,
15766,2021-05-09 13:00:00,Serie_A,2020/21,Parma Calcio 1913,Atalanta,40,0,1,1,1.0,0.8098231510411806,GOAL_FT,1,,,
15767,2021-05-08 13:00:00,Serie_A,2020/21,Udinese,Bologna,40,1,0,1,1.0,0.8163617438434637,GOAL_FT,1,,,
15768,2021-05-09 13:00:00,Serie_A,2020/21,Benevento,Cagliari,40,1,1,2,1.0,0.8103535361003912,GOAL_FT,1,,,
15770,2021-05-08 18:45:00,Serie_A,2020/21,Fiorentina,Lazio,40,1,0,1,1.0,0.8334471789998921,GOAL_FT,1,,,
15772,2021-05-08 13:00:00,Serie_A,2020/21,Spezia,Napoli,40,0,2,2,1.0,0.8031375036149285,GOAL_FT,1,,,
15773,2021-05-08 16:00:00,Serie_A,2020/21,Inter,Sampdoria,40,3,1,4,1.0,0.8566766355254605,GOAL_FT,1,,,
15774,2021-05-09 10:30:00,Serie_A,2020/21,Genoa,Sassuolo,40,0,1,1,1.0,0.8090055467486683,GOAL_FT,1,,,
15775,2021-05-09 13:00:00,Serie_A,2020/21,Verona,Torino,40,0,0,0,1.0,0.8030503115170089,GOAL_FT,1,,,
15778,2021-05-12 18:45:00,Serie_A,2020/21,Bologna,Genoa,40,0,1,1,1.0,0.8500051145517123,GOAL_FT,1,,,
15779,2021-05-12 18:45:00,Serie_A,2020/21,Sassuolo,Juventus,40,0,1,1,1.0,0.8390844889388291,GOAL_FT,1,,,
15780,2021-05-12 18:45:00,Serie_A,2020/21,Torino,AC Milan,40,0,2,2,1.0,0.8465254469236194,GOAL_FT,1,,,
15781,2021-05-12 18:45:00,Serie_A,2020/21,Lazio,Parma Calcio 1913,40,0,0,0,1.0,0.8193864401049251,GOAL_FT,1,,,
15782,2021-05-12 18:45:00,Serie_A,2020/21,Inter,Roma,40,2,1,3,1.0,0.8494591500070283,GOAL_FT,1,,,
15783,2021-05-12 18:45:00,Serie_A,2020/21,Sampdoria,Spezia,40,1,1,2,1.0,0.8673034065068556,GOAL_FT,1,,,
15784,2021-05-11 18:45:00,Serie_A,2020/21,Napoli,Udinese,40,2,1,3,1.0,0.8487181088413837,GOAL_FT,1,,,
15785,2021-05-13 18:45:00,Serie_A,2020/21,Crotone,Verona,40,1,0,1,1.0,0.82186306848538,GOAL_FT,1,,,
15786,2021-05-15 13:00:00,Serie_A,2020/21,Genoa,Atalanta,40,0,2,2,1.0,0.8237622955249375,GOAL_FT,1,,,
15787,2021-05-17 18:45:00,Serie_A,2020/21,Verona,Bologna,40,1,1,2,1.0,0.8617874594005476,GOAL_FT,1,,,
15789,2021-05-16 13:00:00,Serie_A,2020/21,Benevento,Crotone,44,1,0,1,1.0,0.8062729661722874,GOAL_FT,1,,,
15790,2021-05-15 16:00:00,Serie_A,2020/21,Juventus,Inter,40,1,1,2,1.0,0.8563069763052201,GOAL_FT,1,,,
15791,2021-05-15 18:45:00,Serie_A,2020/21,Roma,Lazio,41,1,0,1,1.0,0.8173316623117745,GOAL_FT,1,,,
15794,2021-05-16 16:00:00,Serie_A,2020/21,Parma Calcio 1913,Sassuolo,40,1,1,2,1.0,0.8065139594098831,GOAL_FT,1,,,
15795,2021-05-15 13:00:00,Serie_A,2020/21,Spezia,Torino,41,2,0,2,1.0,0.8405426707992307,GOAL_FT,1,,,
15797,2021-05-22 18:45:00,Serie_A,2020/21,Crotone,Fiorentina,40,0,0,0,0.0,0.8265665585705493,GOAL_FT,0,,,
15799,2021-05-23 18:45:00,Serie_A,2020/21,Bologna,Juventus,40,0,2,2,1.0,0.8279543922417645,GOAL_FT,1,,,
15801,2021-05-23 18:45:00,Serie_A,2020/21,Atalanta,AC Milan,42,0,1,1,1.0,0.8044333826871011,GOAL_FT,1,,,
15802,2021-05-22 18:45:00,Serie_A,2020/21,Sampdoria,Parma Calcio 1913,40,1,0,1,1.0,0.8079828992943509,GOAL_FT,1,,,
15803,2021-05-23 18:45:00,Serie_A,2020/21,Spezia,Roma,40,2,0,2,1.0,0.879798863988973,GOAL_FT,1,,,
15806,2020-10-02 19:00:00,Ligue_1,2020/21,Paris Saint Germain,Angers,40,2,0,2,1.0,0.8417638552012533,GOAL_FT,1,,,
15808,2020-10-03 19:00:00,Ligue_1,2020/21,Nice,Nantes,40,1,0,1,1.0,0.811279537695974,GOAL_FT,1,,,
15809,2020-10-04 11:00:00,Ligue_1,2020/21,Montpellier,Nimes,40,0,0,0,1.0,0.8159491352831907,GOAL_FT,1,,,
15810,2020-10-04 13:00:00,Ligue_1,2020/21,Metz,Lorient,40,0,1,1,1.0,0.8272786373655807,GOAL_FT,1,,,
15811,2020-10-04 13:00:00,Ligue_1,2020/21,Bordeaux,Dijon,40,2,0,2,1.0,0.8056356965103703,GOAL_FT,1,,,
15812,2020-10-04 13:00:00,Ligue_1,2020/21,Brest,Monaco,40,1,0,1,0.0,0.8102759202325156,GOAL_FT,0,,,
15814,2020-10-04 15:00:00,Ligue_1,2020/21,Rennes,Reims,40,2,1,3,1.0,0.8831889441145299,GOAL_FT,1,,,
15815,2020-10-04 19:00:00,Ligue_1,2020/21,Lyon,Marseille,40,1,1,2,0.0,0.8222302232152205,GOAL_FT,0,,,
15816,2020-10-18 13:00:00,Ligue_1,2020/21,Angers,Metz,40,1,1,2,0.0,0.886638342665267,GOAL_FT,0,,,
15818,2020-10-18 19:00:00,Ligue_1,2020/21,Lille,Lens,40,1,0,1,1.0,0.8077952593753719,GOAL_FT,1,,,
15821,2020-10-18 13:00:00,Ligue_1,2020/21,Nantes,Brest,40,2,0,2,1.0,0.8194212066513736,GOAL_FT,1,,,
15822,2020-10-16 19:00:00,Ligue_1,2020/21,Nimes,Paris Saint Germain,40,0,1,1,1.0,0.8523653433445328,GOAL_FT,1,,,
15824,2020-10-18 15:00:00,Ligue_1,2020/21,Saint-Etienne,Nice,40,0,2,2,1.0,0.8075119261005976,GOAL_FT,1,,,
15825,2020-10-18 11:00:00,Ligue_1,2020/21,Strasbourg,Lyon,40,0,2,2,1.0,0.836492300966121,GOAL_FT,1,,,
15827,2020-10-25 20:00:00,Ligue_1,2020/21,Lyon,Monaco,40,3,0,3,1.0,0.900465052152674,GOAL_FT,1,,,
15829,2020-10-25 14:00:00,Ligue_1,2020/21,Montpellier,Reims,40,0,3,3,1.0,0.8521402472156618,GOAL_FT,1,,,
15831,2020-10-24 19:00:00,Ligue_1,2020/21,Paris Saint Germain,Dijon,40,2,0,2,1.0,0.873460780478759,GOAL_FT,1,,,
15832,2020-10-23 19:00:00,Ligue_1,2020/21,Rennes,Angers,40,1,1,2,1.0,0.8002444124820509,GOAL_FT,1,,,
15833,2020-10-25 14:00:00,Ligue_1,2020/21,Brest,Strasbourg,40,0,2,2,1.0,0.8423870431121973,GOAL_FT,1,,,
15836,2020-11-01 14:00:00,Ligue_1,2020/21,Angers,Nice,40,0,2,2,1.0,0.811342996520028,GOAL_FT,1,,,
15838,2020-11-01 16:00:00,Ligue_1,2020/21,Monaco,Bordeaux,40,3,0,3,1.0,0.834649116543632,GOAL_FT,1,,,
15839,2020-10-31 20:00:00,Ligue_1,2020/21,Nantes,Paris Saint Germain,41,0,0,0,1.0,0.8118755356686634,GOAL_FT,1,,,
15841,2020-11-01 14:00:00,Ligue_1,2020/21,Reims,Strasbourg,40,1,1,2,1.0,0.8286396243653207,GOAL_FT,1,,,
15844,2020-11-01 20:00:00,Ligue_1,2020/21,Lille,Lyon,40,1,0,1,1.0,0.8096706843271836,GOAL_FT,1,,,
15846,2020-11-07 20:00:00,Ligue_1,2020/21,Paris Saint Germain,Rennes,40,2,0,2,1.0,0.8194071873683926,GOAL_FT,1,,,
15849,2020-11-08 16:00:00,Ligue_1,2020/21,Nice,Monaco,40,0,1,1,1.0,0.8146507269390918,GOAL_FT,1,,,
15850,2020-11-08 14:00:00,Ligue_1,2020/21,Nimes,Angers,40,0,2,2,1.0,0.8218718949965104,GOAL_FT,1,,,
15851,2020-11-08 14:00:00,Ligue_1,2020/21,Metz,Dijon,40,1,1,2,0.0,0.865578496287866,GOAL_FT,0,,,
15852,2020-11-08 12:00:00,Ligue_1,2020/21,Brest,Lille,40,2,0,2,1.0,0.8323645524255046,GOAL_FT,1,,,
15854,2020-11-08 14:00:00,Ligue_1,2020/21,Lorient,Nantes,40,0,0,0,1.0,0.826332231866578,GOAL_FT,1,,,
15855,2020-11-08 20:00:00,Ligue_1,2020/21,Lyon,Saint-Etienne,40,0,0,0,1.0,0.8419401267078528,GOAL_FT,1,,,
15857,2020-11-21 16:00:00,Ligue_1,2020/21,Brest,Saint-Etienne,40,4,1,5,0.0,0.8476305027244324,GOAL_FT,0,,,
15859,2020-11-22 20:00:00,Ligue_1,2020/21,Lille,Lorient,40,1,0,1,1.0,0.81666118337998,GOAL_FT,1,,,
15860,2021-02-17 20:00:00,Ligue_1,2020/21,Marseille,Nice,41,2,0,2,1.0,0.8029202889834467,GOAL_FT,1,,,
15861,2020-11-20 20:00:00,Ligue_1,2020/21,Monaco,Paris Saint Germain,40,0,2,2,1.0,0.8587047391219484,GOAL_FT,1,,,
15862,2020-11-22 14:00:00,Ligue_1,2020/21,Montpellier,Strasbourg,40,3,2,5,1.0,0.8845053657580919,GOAL_FT,1,,,
15863,2020-11-22 12:00:00,Ligue_1,2020/21,Nantes,Metz,40,1,0,1,1.0,0.8256136981413179,GOAL_FT,1,,,
15866,2020-11-27 20:00:00,Ligue_1,2020/21,Strasbourg,Rennes,40,1,0,1,1.0,0.8012619478959029,GOAL_FT,1,,,
15867,2020-11-29 14:00:00,Ligue_1,2020/21,Lens,Angers,40,1,1,2,1.0,0.8508370353046166,GOAL_FT,1,,,
15869,2020-11-29 14:00:00,Ligue_1,2020/21,Monaco,Nimes,40,1,0,1,1.0,0.8174006146130814,GOAL_FT,1,,,
15870,2020-11-29 14:00:00,Ligue_1,2020/21,Metz,Brest,40,0,1,1,1.0,0.8177279333280936,GOAL_FT,1,,,
15871,2020-11-28 16:00:00,Ligue_1,2020/21,Marseille,Nantes,40,2,0,2,1.0,0.835044669297366,GOAL_FT,1,,,
15872,2020-11-29 12:00:00,Ligue_1,2020/21,Lyon,Reims,40,1,0,1,1.0,0.8187350153216576,GOAL_FT,1,,,
15873,2020-11-29 16:00:00,Ligue_1,2020/21,Nice,Dijon,40,0,2,2,1.0,0.8110271519652335,GOAL_FT,1,,,
15874,2020-11-28 20:00:00,Ligue_1,2020/21,Paris Saint Germain,Bordeaux,40,2,0,2,1.0,0.8462851682276725,GOAL_FT,1,,,
15876,2020-12-06 14:00:00,Ligue_1,2020/21,Angers,Lorient,40,1,0,1,1.0,0.813247409945722,GOAL_FT,1,,,
15877,2020-12-06 14:00:00,Ligue_1,2020/21,Bordeaux,Brest,40,0,0,0,1.0,0.8108570305683402,GOAL_FT,1,,,
15880,2020-12-06 20:00:00,Ligue_1,2020/21,Metz,Lyon,40,0,1,1,1.0,0.848558797479584,GOAL_FT,1,,,
15881,2020-12-05 20:00:00,Ligue_1,2020/21,Montpellier,Paris Saint Germain,40,1,1,2,1.0,0.8874773850836031,GOAL_FT,1,,,
15882,2020-12-06 14:00:00,Ligue_1,2020/21,Nantes,Strasbourg,40,0,2,2,1.0,0.8531414572585002,GOAL_FT,1,,,
15883,2020-12-04 20:00:00,Ligue_1,2020/21,Nimes,Marseille,40,0,0,0,1.0,0.8055887389933031,GOAL_FT,1,,,
15886,2020-12-13 14:00:00,Ligue_1,2020/21,Brest,Reims,40,1,0,1,1.0,0.8272901005879132,GOAL_FT,1,,,
15887,2020-12-12 20:00:00,Ligue_1,2020/21,Lens,Montpellier,40,0,2,2,1.0,0.8170261101823827,GOAL_FT,1,,,
15889,2020-12-13 14:00:00,Ligue_1,2020/21,Lorient,Nimes,40,2,0,2,1.0,0.8125151856150362,GOAL_FT,1,,,
15890,2020-12-12 16:00:00,Ligue_1,2020/21,Marseille,Monaco,40,2,0,2,1.0,0.8187529569568421,GOAL_FT,1,,,
15891,2020-12-13 14:00:00,Ligue_1,2020/21,Nantes,Dijon,40,1,0,1,1.0,0.8365030117799638,GOAL_FT,1,,,
15892,2020-12-13 12:00:00,Ligue_1,2020/21,Nice,Rennes,40,0,1,1,0.0,0.8230927082103467,GOAL_FT,0,,,
15894,2020-12-13 14:00:00,Ligue_1,2020/21,Strasbourg,Metz,40,0,1,1,1.0,0.836214910465037,GOAL_FT,1,,,
15897,2020-12-16 20:00:00,Ligue_1,2020/21,Rennes,Marseille,40,0,1,1,1.0,0.819586235224782,GOAL_FT,1,,,
15898,2020-12-16 20:00:00,Ligue_1,2020/21,Bordeaux,Saint-Etienne,40,1,1,2,1.0,0.8375057031966889,GOAL_FT,1,,,
15901,2020-12-16 20:00:00,Ligue_1,2020/21,Monaco,Lens,40,0,3,3,0.0,0.8558845745109,GOAL_FT,0,,,
15903,2020-12-16 18:00:00,Ligue_1,2020/21,Nimes,Nice,40,0,0,0,1.0,0.8112790492998492,GOAL_FT,1,,,
15905,2020-12-16 18:00:00,Ligue_1,2020/21,Reims,Nantes,40,0,1,1,1.0,0.8022056144121626,GOAL_FT,1,,,
15908,2020-12-20 16:00:00,Ligue_1,2020/21,Lorient,Rennes,40,0,1,1,1.0,0.811691885779986,GOAL_FT,1,,,
15909,2020-12-19 18:00:00,Ligue_1,2020/21,Marseille,Reims,41,0,0,0,1.0,0.8061892948709686,GOAL_FT,1,,,
15910,2020-12-19 16:00:00,Ligue_1,2020/21,Metz,Lens,40,1,0,1,1.0,0.8180601372812067,GOAL_FT,1,,,
15912,2020-12-19 20:00:00,Ligue_1,2020/21,Nice,Lyon,40,0,2,2,1.0,0.8559642528571889,GOAL_FT,1,,,
15913,2020-12-20 14:00:00,Ligue_1,2020/21,Strasbourg,Bordeaux,40,0,1,1,1.0,0.8085618685074,GOAL_FT,1,,,
15914,2020-12-20 14:00:00,Ligue_1,2020/21,Saint-Etienne,Nimes,40,1,1,2,1.0,0.8878063940551253,GOAL_FT,1,,,
15916,2020-12-23 18:00:00,Ligue_1,2020/21,Nice,Lorient,40,2,0,2,1.0,0.8377747419854801,GOAL_FT,1,,,
15917,2020-12-23 20:00:00,Ligue_1,2020/21,Montpellier,Lille,40,0,1,1,1.0,0.8103425301502041,GOAL_FT,1,,,
15919,2020-12-23 18:00:00,Ligue_1,2020/21,Bordeaux,Reims,40,0,2,2,1.0,0.8015974772270378,GOAL_FT,1,,,
15920,2020-12-23 18:00:00,Ligue_1,2020/21,Lens,Brest,40,2,0,2,1.0,0.8260885125455224,GOAL_FT,1,,,
15921,2020-12-23 20:00:00,Ligue_1,2020/21,Lyon,Nantes,40,2,0,2,1.0,0.8548106806829612,GOAL_FT,1,,,
15922,2020-12-23 20:00:00,Ligue_1,2020/21,Monaco,Saint-Etienne,40,1,2,3,1.0,0.809268860396742,GOAL_FT,1,,,
15924,2020-12-23 20:00:00,Ligue_1,2020/21,Paris Saint Germain,Strasbourg,40,1,0,1,1.0,0.821526845934708,GOAL_FT,1,,,
15925,2020-12-23 18:00:00,Ligue_1,2020/21,Nimes,Dijon,40,1,0,1,1.0,0.8109260518467913,GOAL_FT,1,,,
15926,2021-01-06 20:00:00,Ligue_1,2020/21,Lille,Angers,41,1,2,3,0.0,0.8067016057808541,GOAL_FT,0,,,
15927,2021-01-06 18:00:00,Ligue_1,2020/21,Lorient,Monaco,40,1,1,2,1.0,0.8238491116043156,GOAL_FT,1,,,
15928,2021-01-06 20:00:00,Ligue_1,2020/21,Lyon,Lens,40,1,0,1,1.0,0.8192098125507618,GOAL_FT,1,,,
15929,2021-01-06 20:00:00,Ligue_1,2020/21,Marseille,Montpellier,40,1,0,1,1.0,0.8728558878472717,GOAL_FT,1,,,
15930,2021-01-06 18:00:00,Ligue_1,2020/21,Metz,Bordeaux,40,0,0,0,0.0,0.8061181850908625,GOAL_FT,0,,,
15933,2021-01-06 20:00:00,Ligue_1,2020/21,Saint-Etienne,Paris Saint Germain,40,1,1,2,0.0,0.8005948804254496,GOAL_FT,0,,,
15934,2021-01-06 18:00:00,Ligue_1,2020/21,Strasbourg,Nimes,40,2,0,2,1.0,0.837571982173653,GOAL_FT,1,,,
15935,2021-01-06 18:00:00,Ligue_1,2020/21,Brest,Nice,40,2,0,2,0.0,0.8091124821120876,GOAL_FT,0,,,
15936,2021-01-09 20:00:00,Ligue_1,2020/21,Bordeaux,Lorient,40,1,1,2,1.0,0.8412022759561524,GOAL_FT,1,,,
15937,2021-01-09 20:00:00,Ligue_1,2020/21,Dijon,Marseille,40,0,0,0,0.0,0.8126611416183428,GOAL_FT,0,,,
15939,2021-01-09 20:00:00,Ligue_1,2020/21,Metz,Nice,40,0,1,1,1.0,0.8090815642612639,GOAL_FT,1,,,
15940,2021-01-09 20:00:00,Ligue_1,2020/21,Monaco,Angers,40,1,0,1,1.0,0.8482766534210899,GOAL_FT,1,,,
15943,2021-01-09 20:00:00,Ligue_1,2020/21,Paris Saint Germain,Brest,40,1,0,1,1.0,0.8019705276556284,GOAL_FT,1,,,
15944,2021-01-09 20:00:00,Ligue_1,2020/21,Reims,Saint-Etienne,40,2,0,2,1.0,0.8501022099794969,GOAL_FT,1,,,
15947,2021-01-17 12:00:00,Ligue_1,2020/21,Brest,Rennes,40,1,1,2,1.0,0.8171059975592079,GOAL_FT,1,,,
15949,2021-01-27 20:00:00,Ligue_1,2020/21,Lorient,Dijon,40,1,1,2,1.0,0.8477660803891947,GOAL_FT,1,,,
15950,2021-01-17 20:00:00,Ligue_1,2020/21,Lyon,Metz,40,0,0,0,1.0,0.8076181606803087,GOAL_FT,1,,,
15951,2021-01-16 16:00:00,Ligue_1,2020/21,Marseille,Nimes,40,0,0,0,1.0,0.8328559497458902,GOAL_FT,1,,,
15952,2021-01-15 20:00:00,Ligue_1,2020/21,Montpellier,Monaco,40,0,2,2,1.0,0.840455773539803,GOAL_FT,1,,,
15953,2021-01-17 14:00:00,Ligue_1,2020/21,Nantes,Lens,40,1,0,1,1.0,0.8420432758414936,GOAL_FT,1,,,
15955,2021-01-17 14:00:00,Ligue_1,2020/21,Strasbourg,Saint-Etienne,40,1,0,1,0.0,0.8269772328775048,GOAL_FT,0,,,
15956,2021-01-24 12:00:00,Ligue_1,2020/21,Bordeaux,Angers,40,2,1,3,0.0,0.8159409672957918,GOAL_FT,0,,,
15959,2021-01-24 14:00:00,Ligue_1,2020/21,Metz,Nantes,40,1,0,1,1.0,0.8170164770492608,GOAL_FT,1,,,
15962,2021-01-22 20:00:00,Ligue_1,2020/21,Paris Saint Germain,Montpellier,40,1,0,1,1.0,0.849546608371377,GOAL_FT,1,,,
15963,2021-01-24 14:00:00,Ligue_1,2020/21,Reims,Brest,40,1,0,1,0.0,0.8419905091934629,GOAL_FT,0,,,
15965,2021-01-24 20:00:00,Ligue_1,2020/21,Saint-Etienne,Lyon,40,0,2,2,1.0,0.8361001720518095,GOAL_FT,1,,,
15966,2021-01-31 14:00:00,Ligue_1,2020/21,Angers,Nimes,40,2,1,3,1.0,0.8616229526041959,GOAL_FT,1,,,
15967,2021-01-31 16:00:00,Ligue_1,2020/21,Lille,Dijon,40,1,0,1,0.0,0.8241099129730053,GOAL_FT,0,,,
15968,2021-01-31 14:00:00,Ligue_1,2020/21,Brest,Metz,40,1,1,2,1.0,0.8252290898616815,GOAL_FT,1,,,
15969,2021-01-31 14:00:00,Ligue_1,2020/21,Lorient,Paris Saint Germain,40,1,0,1,1.0,0.8054969221829168,GOAL_FT,1,,,
15971,2021-03-10 20:00:00,Ligue_1,2020/21,Marseille,Rennes,40,0,0,0,1.0,0.8026097445460971,GOAL_FT,1,,,
15977,2021-02-03 20:00:00,Ligue_1,2020/21,Dijon,Lyon,40,0,1,1,0.0,0.85148548501026,GOAL_FT,0,,,
15978,2021-02-03 20:00:00,Ligue_1,2020/21,Lens,Marseille,40,0,1,1,1.0,0.8099334928477732,GOAL_FT,1,,,
15980,2021-02-03 20:00:00,Ligue_1,2020/21,Monaco,Nice,40,1,0,1,1.0,0.8172339373368285,GOAL_FT,1,,,
15981,2021-02-03 20:00:00,Ligue_1,2020/21,Paris Saint Germain,Nimes,40,2,0,2,1.0,0.8732913950041118,GOAL_FT,1,,,
15984,2021-02-03 20:00:00,Ligue_1,2020/21,Saint-Etienne,Nantes,40,0,1,1,1.0,0.8330647319360294,GOAL_FT,1,,,
15986,2021-02-07 14:00:00,Ligue_1,2020/21,Montpellier,Dijon,40,0,1,1,1.0,0.8037411703501212,GOAL_FT,1,,,
15988,2021-02-07 14:00:00,Ligue_1,2020/21,Nice,Angers,40,1,0,1,1.0,0.8059253687499512,GOAL_FT,1,,,
15989,2021-02-07 14:00:00,Ligue_1,2020/21,Nimes,Monaco,40,2,2,4,1.0,0.8898297979280106,GOAL_FT,1,,,
15991,2021-02-07 12:00:00,Ligue_1,2020/21,Brest,Bordeaux,40,0,0,0,1.0,0.8160369772929879,GOAL_FT,1,,,
15994,2021-02-06 18:00:00,Ligue_1,2020/21,Lyon,Strasbourg,40,2,0,2,1.0,0.8372500626412513,GOAL_FT,1,,,
15995,2021-02-07 20:00:00,Ligue_1,2020/21,Marseille,Paris Saint Germain,40,0,2,2,0.0,0.8047944313015797,GOAL_FT,0,,,
15996,2021-02-14 14:00:00,Ligue_1,2020/21,Angers,Nantes,40,1,2,3,1.0,0.8424557277747967,GOAL_FT,1,,,
16000,2021-02-13 20:00:00,Ligue_1,2020/21,Lyon,Montpellier,40,0,1,1,1.0,0.8469527410072487,GOAL_FT,1,,,
16001,2021-02-14 14:00:00,Ligue_1,2020/21,Metz,Strasbourg,40,1,1,2,1.0,0.842232138107971,GOAL_FT,1,,,
16002,2021-02-14 12:00:00,Ligue_1,2020/21,Monaco,Lorient,40,0,1,1,1.0,0.8310629935377675,GOAL_FT,1,,,
16003,2021-02-13 16:00:00,Ligue_1,2020/21,Paris Saint Germain,Nice,40,1,0,1,1.0,0.8431597984670343,GOAL_FT,1,,,
16004,2021-02-13 18:00:00,Ligue_1,2020/21,Reims,Lens,40,1,0,1,1.0,0.8237202181458063,GOAL_FT,1,,,
16006,2021-02-19 20:00:00,Ligue_1,2020/21,Brest,Lyon,40,0,2,2,1.0,0.8319726289734206,GOAL_FT,1,,,
16008,2021-02-21 16:00:00,Ligue_1,2020/21,Lorient,Lille,40,1,1,2,1.0,0.8264533497919834,GOAL_FT,1,,,
16009,2021-02-21 12:00:00,Ligue_1,2020/21,Montpellier,Rennes,40,2,0,2,1.0,0.8397019651080305,GOAL_FT,1,,,
16011,2021-02-21 14:00:00,Ligue_1,2020/21,Nice,Metz,40,0,2,2,1.0,0.8263263722130617,GOAL_FT,1,,,
16016,2021-02-28 14:00:00,Ligue_1,2020/21,Angers,Lens,40,2,1,3,1.0,0.8583243374484208,GOAL_FT,1,,,
16017,2021-02-27 12:00:00,Ligue_1,2020/21,Bordeaux,Metz,40,1,0,1,1.0,0.8119232046143462,GOAL_FT,1,,,
16018,2021-02-27 16:00:00,Ligue_1,2020/21,Dijon,Paris Saint Germain,40,0,2,2,1.0,0.81150419466955,GOAL_FT,1,,,
16019,2021-02-28 16:00:00,Ligue_1,2020/21,Lille,Strasbourg,40,0,1,1,1.0,0.8188628725305102,GOAL_FT,1,,,
16020,2021-02-28 14:00:00,Ligue_1,2020/21,Lorient,Saint-Etienne,40,0,1,1,1.0,0.819487114229006,GOAL_FT,1,,,
16024,2021-02-26 20:00:00,Ligue_1,2020/21,Rennes,Nice,40,1,1,2,1.0,0.8334620124327351,GOAL_FT,1,,,
16025,2021-02-28 20:00:00,Ligue_1,2020/21,Marseille,Lyon,40,0,1,1,1.0,0.8242983269644845,GOAL_FT,1,,,
16026,2021-03-03 20:00:00,Ligue_1,2020/21,Bordeaux,Paris Saint Germain,40,0,1,1,0.0,0.813314863736006,GOAL_FT,0,,,
16027,2021-03-03 18:00:00,Ligue_1,2020/21,Brest,Dijon,40,3,1,4,0.0,0.8473180547646864,GOAL_FT,0,,,
16030,2021-03-03 18:00:00,Ligue_1,2020/21,Metz,Angers,40,0,0,0,1.0,0.8083651725574696,GOAL_FT,1,,,
16031,2021-03-03 20:00:00,Ligue_1,2020/21,Montpellier,Lorient,40,1,1,2,0.0,0.8196678448853365,GOAL_FT,0,,,
16032,2021-03-03 20:00:00,Ligue_1,2020/21,Nantes,Reims,40,1,1,2,1.0,0.8311875512213972,GOAL_FT,1,,,
16033,2021-03-03 18:00:00,Ligue_1,2020/21,Nice,Nimes,40,1,0,1,1.0,0.8167510774403504,GOAL_FT,1,,,
16034,2021-03-03 18:00:00,Ligue_1,2020/21,Saint-Etienne,Lens,40,1,2,3,1.0,0.8466851236617268,GOAL_FT,1,,,
16037,2021-03-14 14:00:00,Ligue_1,2020/21,Dijon,Bordeaux,40,0,1,1,1.0,0.8333087121841904,GOAL_FT,1,,,
16038,2021-03-14 14:00:00,Ligue_1,2020/21,Lens,Metz,40,2,1,3,1.0,0.8321900436008278,GOAL_FT,1,,,
16041,2021-03-14 14:00:00,Ligue_1,2020/21,Lorient,Nice,40,0,0,0,1.0,0.8164153701877401,GOAL_FT,1,,,
16042,2021-03-14 14:00:00,Ligue_1,2020/21,Rennes,Strasbourg,40,1,0,1,0.0,0.8101450753532398,GOAL_FT,0,,,
16044,2021-03-14 20:00:00,Ligue_1,2020/21,Paris Saint Germain,Nantes,40,0,0,0,1.0,0.8046539233597316,GOAL_FT,1,,,
16046,2021-03-20 20:00:00,Ligue_1,2020/21,Nice,Marseille,40,1,0,1,1.0,0.804516900798868,GOAL_FT,1,,,
16047,2021-03-21 14:00:00,Ligue_1,2020/21,Nantes,Lorient,40,1,0,1,1.0,0.8193808222099467,GOAL_FT,1,,,
16048,2021-03-21 14:00:00,Ligue_1,2020/21,Montpellier,Bordeaux,40,1,1,2,1.0,0.8630554821356631,GOAL_FT,1,,,
16049,2021-03-20 12:00:00,Ligue_1,2020/21,Metz,Rennes,40,0,2,2,1.0,0.8277153861032853,GOAL_FT,1,,,
16050,2021-03-21 16:00:00,Ligue_1,2020/21,Lille,Nimes,40,1,1,2,1.0,0.8272030516330566,GOAL_FT,1,,,
16052,2021-03-21 14:00:00,Ligue_1,2020/21,Brest,Angers,40,0,0,0,0.0,0.8203844441532102,GOAL_FT,0,,,
16053,2021-03-21 12:00:00,Ligue_1,2020/21,Strasbourg,Lens,40,1,2,3,0.0,0.8453011817987128,GOAL_FT,0,,,
16054,2021-03-19 16:05:00,Ligue_1,2020/21,Saint-Etienne,Monaco,40,0,1,1,1.0,0.8140791789885866,GOAL_FT,1,,,
16055,2021-03-21 20:00:00,Ligue_1,2020/21,Lyon,Paris Saint Germain,40,0,2,2,1.0,0.8009893579087164,GOAL_FT,1,,,
16059,2021-04-04 13:00:00,Ligue_1,2020/21,Bordeaux,Strasbourg,40,1,3,4,1.0,0.861831812937299,GOAL_FT,1,,,
16063,2021-04-03 11:00:00,Ligue_1,2020/21,Monaco,Metz,51,2,0,2,1.0,0.8141868458634276,GOAL_FT,1,,,
16064,2021-04-04 13:00:00,Ligue_1,2020/21,Nantes,Nice,40,1,2,3,0.0,0.876597194454083,GOAL_FT,0,,,
16065,2021-04-04 15:05:00,Ligue_1,2020/21,Nimes,Saint-Etienne,49,0,1,1,1.0,0.8013217545602578,GOAL_FT,1,,,
16066,2021-04-11 13:00:00,Ligue_1,2020/21,Brest,Nimes,40,1,1,2,0.0,0.8317594758394159,GOAL_FT,0,,,
16067,2021-04-11 13:00:00,Ligue_1,2020/21,Lens,Lorient,40,2,1,3,1.0,0.8810797812922447,GOAL_FT,1,,,
16068,2021-04-11 19:00:00,Ligue_1,2020/21,Lyon,Angers,40,2,0,2,1.0,0.8517597443098578,GOAL_FT,1,,,
16069,2021-04-09 19:00:00,Ligue_1,2020/21,Metz,Lille,40,0,0,0,1.0,0.8042581804400328,GOAL_FT,1,,,
16070,2021-04-11 15:05:00,Ligue_1,2020/21,Monaco,Dijon,48,1,0,1,1.0,0.8296055193251481,GOAL_FT,1,,,
16071,2021-04-10 19:00:00,Ligue_1,2020/21,Montpellier,Marseille,42,1,1,2,1.0,0.8143826514837117,GOAL_FT,1,,,
16074,2021-04-11 13:00:00,Ligue_1,2020/21,Saint-Etienne,Bordeaux,40,2,1,3,1.0,0.837480566176392,GOAL_FT,1,,,
16075,2021-04-10 15:00:00,Ligue_1,2020/21,Strasbourg,Paris Saint Germain,40,0,2,2,1.0,0.8135305655205479,GOAL_FT,1,,,
16076,2021-04-18 13:00:00,Ligue_1,2020/21,Reims,Metz,40,0,0,0,0.0,0.8092481797563646,GOAL_FT,0,,,
16079,2021-04-18 19:00:00,Ligue_1,2020/21,Nantes,Lyon,40,0,2,2,1.0,0.8500608653677474,GOAL_FT,1,,,
16081,2021-04-17 15:00:00,Ligue_1,2020/21,Marseille,Lorient,40,0,1,1,1.0,0.8013437945366826,GOAL_FT,1,,,
16082,2021-04-16 19:00:00,Ligue_1,2020/21,Lille,Montpellier,40,0,1,1,1.0,0.8273520098127634,GOAL_FT,1,,,
16086,2021-04-25 13:00:00,Ligue_1,2020/21,Lorient,Bordeaux,40,2,0,2,1.0,0.8155958112244427,GOAL_FT,1,,,
16089,2021-04-25 11:00:00,Ligue_1,2020/21,Nice,Montpellier,40,3,1,4,0.0,0.8958205091014362,GOAL_FT,0,,,
16090,2021-04-23 19:00:00,Ligue_1,2020/21,Reims,Marseille,40,1,1,2,1.0,0.8452094098581451,GOAL_FT,1,,,
16091,2021-04-25 13:00:00,Ligue_1,2020/21,Rennes,Dijon,40,1,1,2,1.0,0.8414995422407175,GOAL_FT,1,,,
16096,2021-05-02 13:00:00,Ligue_1,2020/21,Brest,Nantes,40,0,2,2,1.0,0.8053050126253407,GOAL_FT,1,,,
16097,2021-05-02 13:00:00,Ligue_1,2020/21,Dijon,Metz,40,0,1,1,1.0,0.8239359171954236,GOAL_FT,1,,,
16099,2021-05-02 13:00:00,Ligue_1,2020/21,Lorient,Angers,42,0,0,0,1.0,0.8090598332513729,GOAL_FT,1,,,
16101,2021-05-02 19:00:00,Ligue_1,2020/21,Monaco,Lyon,40,1,0,1,1.0,0.8264473789819017,GOAL_FT,1,,,
16102,2021-05-02 15:05:00,Ligue_1,2020/21,Montpellier,Saint-Etienne,40,1,1,2,1.0,0.8557367254106673,GOAL_FT,1,,,
16103,2021-05-02 13:00:00,Ligue_1,2020/21,Nimes,Reims,40,0,1,1,1.0,0.8005246709788341,GOAL_FT,1,,,
16104,2021-05-01 15:00:00,Ligue_1,2020/21,Paris Saint Germain,Lens,40,1,0,1,1.0,0.8375764520731421,GOAL_FT,1,,,
16107,2021-05-07 19:00:00,Ligue_1,2020/21,Lens,Lille,40,0,2,2,1.0,0.8076904866574957,GOAL_FT,1,,,
16108,2021-05-08 15:00:00,Ligue_1,2020/21,Lyon,Lorient,40,0,0,0,1.0,0.8435007241801618,GOAL_FT,1,,,
16110,2021-05-08 11:00:00,Ligue_1,2020/21,Nantes,Bordeaux,40,1,0,1,1.0,0.8021062630687953,GOAL_FT,1,,,
16111,2021-05-09 13:00:00,Ligue_1,2020/21,Nice,Brest,40,1,1,2,1.0,0.8585486133511983,GOAL_FT,1,,,
16113,2021-05-09 19:00:00,Ligue_1,2020/21,Rennes,Paris Saint Germain,40,0,0,0,1.0,0.8148424731368501,GOAL_FT,1,,,
16114,2021-05-09 11:00:00,Ligue_1,2020/21,Saint-Etienne,Marseille,42,1,0,1,0.0,0.8223448956172561,GOAL_FT,0,,,
16116,2021-05-16 19:00:00,Ligue_1,2020/21,Bordeaux,Lens,40,1,0,1,1.0,0.8269500276521305,GOAL_FT,1,,,
16117,2021-05-16 19:00:00,Ligue_1,2020/21,Dijon,Nantes,40,0,2,2,1.0,0.8331446122419061,GOAL_FT,1,,,
16120,2021-05-16 19:00:00,Ligue_1,2020/21,Marseille,Angers,40,1,0,1,1.0,0.8281875753633031,GOAL_FT,1,,,
16121,2021-05-16 19:00:00,Ligue_1,2020/21,Monaco,Rennes,40,2,0,2,1.0,0.8089418812399353,GOAL_FT,1,,,
16123,2021-05-16 19:00:00,Ligue_1,2020/21,Nice,Strasbourg,40,0,1,1,1.0,0.8156209735393214,GOAL_FT,1,,,
16124,2021-05-16 19:00:00,Ligue_1,2020/21,Nimes,Lyon,40,1,3,4,1.0,0.8549003293300871,GOAL_FT,1,,,
16125,2021-05-16 19:00:00,Ligue_1,2020/21,Paris Saint Germain,Reims,40,2,0,2,1.0,0.8774563388718757,GOAL_FT,1,,,
16126,2021-05-23 19:00:00,Ligue_1,2020/21,Angers,Lille,47,0,2,2,1.0,0.8062659904598779,GOAL_FT,1,,,
16128,2021-05-23 19:00:00,Ligue_1,2020/21,Lens,Monaco,40,0,0,0,0.0,0.8072631189254993,GOAL_FT,0,,,
16129,2021-05-23 19:00:00,Ligue_1,2020/21,Lyon,Nice,40,2,1,3,1.0,0.8611577404168556,GOAL_FT,1,,,
16131,2021-05-23 19:00:00,Ligue_1,2020/21,Nantes,Montpellier,40,1,1,2,1.0,0.8352776818161873,GOAL_FT,1,,,
16132,2021-05-23 19:00:00,Ligue_1,2020/21,Reims,Bordeaux,40,1,0,1,1.0,0.8098090754377338,GOAL_FT,1,,,
16133,2021-05-23 19:00:00,Ligue_1,2020/21,Rennes,Nimes,40,1,0,1,1.0,0.8189196438718815,GOAL_FT,1,,,
16134,2021-05-23 19:00:00,Ligue_1,2020/21,Saint-Etienne,Dijon,40,0,1,1,0.0,0.8322265693068063,GOAL_FT,0,,,
16136,2021-07-23 19:00:00,RFPL,2021/22,FC Rostov,Dinamo Moscow,40,0,2,2,0.0,0.8443951034806644,GOAL_FT,0,,,
16137,2021-07-24 16:30:00,RFPL,2021/22,Khimki,Zenit St. Petersburg,40,1,1,2,1.0,0.862228979299612,GOAL_FT,1,,,
16141,2021-07-25 16:00:00,RFPL,2021/22,Krylya Sovetov Samara,FK Akhmat,40,0,2,2,1.0,0.8231127733026825,GOAL_FT,1,,,
16142,2021-07-25 17:00:00,RFPL,2021/22,CSKA Moscow,FC Ufa,40,0,0,0,1.0,0.8445812331215224,GOAL_FT,1,,,
16144,2021-07-30 16:00:00,RFPL,2021/22,Krylya Sovetov Samara,Spartak Moscow,40,0,0,0,1.0,0.8273408915992687,GOAL_FT,1,,,
16145,2021-07-30 16:00:00,RFPL,2021/22,Arsenal Tula,Rubin Kazan,40,0,3,3,0.0,0.8584665043870838,GOAL_FT,0,,,
16146,2021-07-31 14:30:00,RFPL,2021/22,FC Ufa,Dinamo Moscow,40,0,2,2,1.0,0.8559804947958668,GOAL_FT,1,,,
16147,2021-07-31 17:00:00,RFPL,2021/22,CSKA Moscow,Lokomotiv Moscow,40,1,1,2,1.0,0.8044075616221115,GOAL_FT,1,,,
16149,2021-08-01 17:00:00,RFPL,2021/22,FC Rostov,Zenit St. Petersburg,40,0,2,2,1.0,0.900596363582947,GOAL_FT,1,,,
16150,2021-08-01 17:00:00,RFPL,2021/22,FC Krasnodar,Khimki,40,0,0,0,1.0,0.8048146014139779,GOAL_FT,1,,,
16151,2021-08-02 17:00:00,RFPL,2021/22,FK Akhmat,PFC Sochi,40,0,0,0,1.0,0.8067624081292725,GOAL_FT,1,,,
16153,2021-08-07 14:00:00,RFPL,2021/22,Zenit St. Petersburg,FC Krasnodar,40,2,1,3,1.0,0.8122918682926554,GOAL_FT,1,,,
16154,2021-08-07 14:30:00,RFPL,2021/22,Arsenal Tula,Krylya Sovetov Samara,40,1,0,1,1.0,0.8212252776170039,GOAL_FT,1,,,
16155,2021-08-07 17:00:00,RFPL,2021/22,Spartak Moscow,Nizhny Novgorod,40,0,2,2,1.0,0.8412559591024071,GOAL_FT,1,,,
16161,2021-08-14 14:30:00,RFPL,2021/22,Nizhny Novgorod,FC Ufa,40,0,0,0,1.0,0.8350504473031997,GOAL_FT,1,,,
16162,2021-08-14 17:00:00,RFPL,2021/22,FC Rostov,CSKA Moscow,40,0,2,2,1.0,0.8174655722284396,GOAL_FT,1,,,
16163,2021-08-14 17:00:00,RFPL,2021/22,FK Akhmat,Dinamo Moscow,40,1,0,1,1.0,0.8312644118096564,GOAL_FT,1,,,
16166,2021-08-15 17:00:00,RFPL,2021/22,FC Krasnodar,Arsenal Tula,40,3,1,4,1.0,0.8630431342270255,GOAL_FT,1,,,
16168,2021-08-21 15:00:00,RFPL,2021/22,Ural,Dinamo Moscow,40,0,1,1,0.0,0.8052301547579361,GOAL_FT,0,,,
16173,2021-08-22 17:00:00,RFPL,2021/22,Khimki,Rubin Kazan,40,1,1,2,0.0,0.831680919584646,GOAL_FT,0,,,
16174,2021-08-22 13:00:00,RFPL,2021/22,Lokomotiv Moscow,FC Krasnodar,40,2,0,2,1.0,0.833001528994384,GOAL_FT,1,,,
16175,2021-08-21 17:00:00,RFPL,2021/22,Krylya Sovetov Samara,PFC Sochi,40,1,0,1,0.0,0.8393623832615003,GOAL_FT,0,,,
16176,2021-08-27 16:00:00,RFPL,2021/22,Dinamo Moscow,Lokomotiv Moscow,40,1,1,2,0.0,0.8560333393737171,GOAL_FT,0,,,
16177,2021-08-27 15:30:00,RFPL,2021/22,Khimki,Nizhny Novgorod,40,0,1,1,1.0,0.8048979210676921,GOAL_FT,1,,,
16178,2021-08-26 17:30:00,RFPL,2021/22,FK Akhmat,Arsenal Tula,40,1,1,2,1.0,0.8156828965348532,GOAL_FT,1,,,
16180,2021-08-26 13:30:00,RFPL,2021/22,FC Ufa,Krylya Sovetov Samara,40,0,2,2,1.0,0.8456387421428725,GOAL_FT,1,,,
16182,2021-08-27 17:30:00,RFPL,2021/22,FC Krasnodar,Rubin Kazan,40,2,0,2,0.0,0.8326262661566977,GOAL_FT,0,,,
16184,2021-09-11 13:30:00,RFPL,2021/22,Zenit St. Petersburg,FK Akhmat,40,2,0,2,1.0,0.8250377093344079,GOAL_FT,1,,,
16185,2021-09-11 16:00:00,RFPL,2021/22,Spartak Moscow,Khimki,40,1,0,1,1.0,0.8008678001003813,GOAL_FT,1,,,
16188,2021-09-11 11:00:00,RFPL,2021/22,Lokomotiv Moscow,Krylya Sovetov Samara,40,0,0,0,1.0,0.8131457941990229,GOAL_FT,1,,,
16189,2021-09-12 13:30:00,RFPL,2021/22,PFC Sochi,FC Ufa,40,2,0,2,1.0,0.8377482076594955,GOAL_FT,1,,,
16190,2021-09-13 15:30:00,RFPL,2021/22,Rubin Kazan,Ural,40,1,0,1,1.0,0.8193641329538458,GOAL_FT,1,,,
16192,2021-09-18 13:30:00,RFPL,2021/22,Krylya Sovetov Samara,FC Rostov,40,0,1,1,1.0,0.8142666297199657,GOAL_FT,1,,,
16194,2021-09-18 16:00:00,RFPL,2021/22,FK Akhmat,FC Krasnodar,40,0,1,1,1.0,0.8099427001084206,GOAL_FT,1,,,
16195,2021-09-19 16:00:00,RFPL,2021/22,PFC Sochi,Dinamo Moscow,40,0,1,1,0.0,0.8226705328835174,GOAL_FT,0,,,
16196,2021-09-20 15:30:00,RFPL,2021/22,Rubin Kazan,Zenit St. Petersburg,40,0,2,2,1.0,0.8329986002090715,GOAL_FT,1,,,
16197,2021-09-19 13:30:00,RFPL,2021/22,Nizhny Novgorod,Arsenal Tula,40,1,1,2,1.0,0.8094970706149148,GOAL_FT,1,,,
16198,2021-09-18 11:00:00,RFPL,2021/22,FC Ufa,Khimki,43,0,1,1,1.0,0.8081654046342541,GOAL_FT,1,,,
16200,2021-09-25 13:30:00,RFPL,2021/22,Zenit St. Petersburg,Krylya Sovetov Samara,40,1,1,2,1.0,0.830683609473061,GOAL_FT,1,,,
16201,2021-09-25 16:00:00,RFPL,2021/22,Spartak Moscow,FC Ufa,40,2,0,2,0.0,0.8127697320720999,GOAL_FT,0,,,
16202,2021-09-26 13:30:00,RFPL,2021/22,FC Rostov,FK Akhmat,40,0,1,1,1.0,0.8020700062906295,GOAL_FT,1,,,
16203,2021-09-26 16:00:00,RFPL,2021/22,FC Krasnodar,PFC Sochi,40,2,0,2,1.0,0.8646794388352352,GOAL_FT,1,,,
16204,2021-09-26 11:00:00,RFPL,2021/22,Dinamo Moscow,Rubin Kazan,40,1,0,1,1.0,0.8246463345867804,GOAL_FT,1,,,
16205,2021-09-27 16:00:00,RFPL,2021/22,Nizhny Novgorod,CSKA Moscow,40,0,1,1,1.0,0.8086207929345897,GOAL_FT,1,,,
16206,2021-09-25 11:00:00,RFPL,2021/22,Khimki,Lokomotiv Moscow,40,0,0,0,0.0,0.8008407090155996,GOAL_FT,0,,,
16207,2021-09-27 14:00:00,RFPL,2021/22,Ural,Arsenal Tula,40,2,0,2,0.0,0.8066350671210089,GOAL_FT,0,,,
16208,2021-10-03 13:30:00,RFPL,2021/22,Zenit St. Petersburg,PFC Sochi,40,0,0,0,1.0,0.8008581849900879,GOAL_FT,1,,,
16209,2021-10-02 16:00:00,RFPL,2021/22,CSKA Moscow,FC Krasnodar,41,0,0,0,0.0,0.816091874025985,GOAL_FT,0,,,
16210,2021-10-02 13:30:00,RFPL,2021/22,Dinamo Moscow,Krylya Sovetov Samara,40,0,1,1,0.0,0.8122221598080756,GOAL_FT,0,,,
16215,2021-10-03 11:00:00,RFPL,2021/22,FC Ufa,Ural,40,0,1,1,0.0,0.8064703992968714,GOAL_FT,0,,,
16216,2021-10-16 16:00:00,RFPL,2021/22,Spartak Moscow,Dinamo Moscow,40,0,1,1,1.0,0.8030014944246173,GOAL_FT,1,,,
16217,2021-10-17 16:00:00,RFPL,2021/22,FC Krasnodar,FC Ufa,40,0,1,1,1.0,0.8298966449904173,GOAL_FT,1,,,
16218,2021-10-17 13:30:00,RFPL,2021/22,Krylya Sovetov Samara,Nizhny Novgorod,40,1,0,1,1.0,0.8163792460624377,GOAL_FT,1,,,
16219,2021-10-16 16:00:00,RFPL,2021/22,PFC Sochi,FC Rostov,40,3,0,3,1.0,0.8237617397937297,GOAL_FT,1,,,
16220,2021-10-16 13:30:00,RFPL,2021/22,Rubin Kazan,Lokomotiv Moscow,40,1,0,1,1.0,0.8231228516216357,GOAL_FT,1,,,
16224,2021-10-24 16:00:00,RFPL,2021/22,Zenit St. Petersburg,Spartak Moscow,40,3,0,3,1.0,0.8404711715195023,GOAL_FT,1,,,
16225,2021-10-23 16:00:00,RFPL,2021/22,CSKA Moscow,Krylya Sovetov Samara,40,0,1,1,1.0,0.8126298154498315,GOAL_FT,1,,,
16227,2021-10-22 16:00:00,RFPL,2021/22,Dinamo Moscow,Khimki,40,2,0,2,1.0,0.8161194014074563,GOAL_FT,1,,,
16229,2021-10-24 13:30:00,RFPL,2021/22,FK Akhmat,Ural,40,0,0,0,1.0,0.8081430005606177,GOAL_FT,1,,,
16230,2021-10-23 11:00:00,RFPL,2021/22,Nizhny Novgorod,FC Krasnodar,40,0,1,1,1.0,0.802653379903942,GOAL_FT,1,,,
16231,2021-10-24 11:00:00,RFPL,2021/22,FC Ufa,Rubin Kazan,40,1,0,1,1.0,0.8083936343451438,GOAL_FT,1,,,
16232,2021-10-29 16:00:00,RFPL,2021/22,Zenit St. Petersburg,Dinamo Moscow,40,1,0,1,1.0,0.8291782437693621,GOAL_FT,1,,,
16233,2021-10-30 13:30:00,RFPL,2021/22,Spartak Moscow,FC Rostov,40,0,0,0,1.0,0.8022955677135962,GOAL_FT,1,,,
16234,2021-10-31 13:30:00,RFPL,2021/22,Arsenal Tula,PFC Sochi,40,0,1,1,1.0,0.8000804730628396,GOAL_FT,1,,,
16235,2021-10-30 16:00:00,RFPL,2021/22,Nizhny Novgorod,Lokomotiv Moscow,40,1,1,2,1.0,0.8400065003291868,GOAL_FT,1,,,
16237,2021-10-31 16:00:00,RFPL,2021/22,Khimki,Ural,40,0,0,0,0.0,0.8282497968895576,GOAL_FT,0,,,
16238,2021-10-30 16:00:00,RFPL,2021/22,FC Krasnodar,Krylya Sovetov Samara,42,0,1,1,0.0,0.8063861204415097,GOAL_FT,0,,,
16239,2021-10-30 11:00:00,RFPL,2021/22,Rubin Kazan,CSKA Moscow,40,0,0,0,1.0,0.8076424698721469,GOAL_FT,1,,,
16241,2021-11-07 13:30:00,RFPL,2021/22,FC Rostov,Rubin Kazan,40,0,1,1,1.0,0.8073103394156553,GOAL_FT,1,,,
16242,2021-11-06 13:30:00,RFPL,2021/22,Krylya Sovetov Samara,Khimki,40,2,0,2,1.0,0.8442641006068579,GOAL_FT,1,,,
16244,2021-11-07 16:00:00,RFPL,2021/22,FK Akhmat,Nizhny Novgorod,40,1,0,1,1.0,0.8520540138666872,GOAL_FT,1,,,
16245,2021-11-06 16:00:00,RFPL,2021/22,PFC Sochi,CSKA Moscow,40,3,0,3,1.0,0.8520915475659627,GOAL_FT,1,,,
16248,2021-11-19 16:00:00,RFPL,2021/22,Zenit St. Petersburg,Nizhny Novgorod,40,2,1,3,1.0,0.8911620541984142,GOAL_FT,1,,,
16249,2021-11-21 11:00:00,RFPL,2021/22,FC Rostov,FC Ufa,40,1,1,2,1.0,0.8512467197412968,GOAL_FT,1,,,
16250,2021-11-20 16:00:00,RFPL,2021/22,FC Krasnodar,Spartak Moscow,40,1,0,1,1.0,0.8140550130983241,GOAL_FT,1,,,
16251,2021-11-20 11:00:00,RFPL,2021/22,Krylya Sovetov Samara,Ural,40,0,0,0,1.0,0.8082478324662578,GOAL_FT,1,,,
16252,2021-11-21 11:00:00,RFPL,2021/22,CSKA Moscow,Khimki,40,0,0,0,0.0,0.8121218186098496,GOAL_FT,0,,,
16253,2021-11-21 13:30:00,RFPL,2021/22,Dinamo Moscow,Arsenal Tula,40,4,0,4,1.0,0.8332871542869642,GOAL_FT,1,,,
16255,2021-11-21 16:00:00,RFPL,2021/22,PFC Sochi,Rubin Kazan,40,1,1,2,1.0,0.8395828209840792,GOAL_FT,1,,,
16257,2021-11-27 13:30:00,RFPL,2021/22,FK Akhmat,FC Rostov,40,1,0,1,1.0,0.8386203965186956,GOAL_FT,1,,,
16258,2021-11-28 13:30:00,RFPL,2021/22,Rubin Kazan,Dinamo Moscow,40,1,1,2,1.0,0.8088700871374933,GOAL_FT,1,,,
16259,2021-11-29 16:00:00,RFPL,2021/22,Arsenal Tula,Lokomotiv Moscow,40,2,0,2,1.0,0.8019716675171137,GOAL_FT,1,,,
16262,2021-11-27 11:00:00,RFPL,2021/22,Ural,PFC Sochi,40,1,0,1,1.0,0.8596190530857278,GOAL_FT,1,,,
16263,2021-11-27 16:00:00,RFPL,2021/22,Khimki,FC Krasnodar,40,0,1,1,1.0,0.8176093719552107,GOAL_FT,1,,,
16264,2021-12-03 16:00:00,RFPL,2021/22,Zenit St. Petersburg,FC Rostov,40,1,2,3,1.0,0.842005574714891,GOAL_FT,1,,,
16265,2021-12-04 14:00:00,RFPL,2021/22,Spartak Moscow,FK Akhmat,41,1,0,1,1.0,0.8020067221775431,GOAL_FT,1,,,
16266,2021-12-04 11:00:00,RFPL,2021/22,Krylya Sovetov Samara,CSKA Moscow,40,0,0,0,1.0,0.8217266810556996,GOAL_FT,1,,,
16268,2021-12-04 16:00:00,RFPL,2021/22,Lokomotiv Moscow,Ural,41,0,1,1,0.0,0.8431862039502676,GOAL_FT,0,,,
16269,2021-12-05 16:00:00,RFPL,2021/22,PFC Sochi,FC Krasnodar,40,1,1,2,1.0,0.8512029285967464,GOAL_FT,1,,,
16270,2021-12-05 13:30:00,RFPL,2021/22,Nizhny Novgorod,Rubin Kazan,40,2,1,3,0.0,0.8665308603979481,GOAL_FT,0,,,
16271,2021-12-05 11:00:00,RFPL,2021/22,Khimki,Arsenal Tula,40,1,0,1,1.0,0.813546993676788,GOAL_FT,1,,,
16272,2021-12-11 16:00:00,RFPL,2021/22,FC Rostov,Ural,40,1,3,4,1.0,0.868243913832388,GOAL_FT,1,,,
16274,2021-12-11 11:00:00,RFPL,2021/22,Krylya Sovetov Samara,Rubin Kazan,40,0,0,0,1.0,0.816937012536385,GOAL_FT,1,,,
16275,2021-12-11 13:30:00,RFPL,2021/22,CSKA Moscow,Arsenal Tula,45,1,0,1,1.0,0.8190461231329197,GOAL_FT,1,,,
16276,2021-12-12 11:00:00,RFPL,2021/22,Dinamo Moscow,Zenit St. Petersburg,40,0,1,1,1.0,0.8055975816515596,GOAL_FT,1,,,
16278,2021-12-12 13:30:00,RFPL,2021/22,FK Akhmat,Khimki,40,1,0,1,1.0,0.880989926022675,GOAL_FT,1,,,
16377,2021-08-14 11:30:00,EPL,2021/22,Manchester United,Leeds,40,1,0,1,1.0,0.8171638399978738,GOAL_FT,1,,,
16378,2021-08-14 14:00:00,EPL,2021/22,Burnley,Brighton,40,1,0,1,1.0,0.8506781850717489,GOAL_FT,1,,,
16379,2021-08-14 14:00:00,EPL,2021/22,Chelsea,Crystal Palace,40,2,0,2,1.0,0.8276805384664424,GOAL_FT,1,,,
16381,2021-08-14 14:00:00,EPL,2021/22,Leicester,Wolverhampton Wanderers,40,1,0,1,0.0,0.8097327880169681,GOAL_FT,0,,,
16382,2021-08-14 14:00:00,EPL,2021/22,Watford,Aston Villa,40,1,0,1,1.0,0.8196572120309119,GOAL_FT,1,,,
16383,2021-08-14 16:30:00,EPL,2021/22,Norwich,Liverpool,40,0,1,1,1.0,0.8252525292984959,GOAL_FT,1,,,
16384,2021-08-15 13:00:00,EPL,2021/22,Newcastle United,West Ham,40,2,1,3,1.0,0.862105722844564,GOAL_FT,1,,,
16385,2021-08-15 15:30:00,EPL,2021/22,Tottenham,Manchester City,40,0,0,0,1.0,0.8211935929905928,GOAL_FT,1,,,
16386,2021-08-21 11:30:00,EPL,2021/22,Liverpool,Burnley,40,1,0,1,1.0,0.8023144653734162,GOAL_FT,1,,,
16390,2021-08-21 14:00:00,EPL,2021/22,Leeds,Everton,40,1,1,2,1.0,0.8444160589493099,GOAL_FT,1,,,
16391,2021-08-21 16:30:00,EPL,2021/22,Brighton,Watford,40,2,0,2,0.0,0.8020996045523353,GOAL_FT,0,,,
16392,2021-08-22 13:00:00,EPL,2021/22,Southampton,Manchester United,40,0,0,0,1.0,0.8078467133468141,GOAL_FT,1,,,
16394,2021-08-22 15:30:00,EPL,2021/22,Arsenal,Chelsea,40,0,2,2,0.0,0.8542509728414659,GOAL_FT,0,,,
16396,2021-08-28 11:30:00,EPL,2021/22,Manchester City,Arsenal,40,2,0,2,1.0,0.8013009063004429,GOAL_FT,1,,,
16397,2021-08-28 14:00:00,EPL,2021/22,Newcastle United,Southampton,40,0,0,0,1.0,0.8179188466378136,GOAL_FT,1,,,
16398,2021-08-28 14:00:00,EPL,2021/22,Norwich,Leicester,43,1,1,2,1.0,0.8184367167058297,GOAL_FT,1,,,
16399,2021-08-28 14:00:00,EPL,2021/22,Aston Villa,Brentford,40,1,1,2,0.0,0.8115487404014712,GOAL_FT,0,,,
16401,2021-08-28 14:00:00,EPL,2021/22,West Ham,Crystal Palace,40,1,0,1,1.0,0.8228370704027242,GOAL_FT,1,,,
16402,2021-08-28 16:30:00,EPL,2021/22,Liverpool,Chelsea,40,0,1,1,1.0,0.810914851265655,GOAL_FT,1,,,
16403,2021-08-29 13:00:00,EPL,2021/22,Burnley,Leeds,40,0,0,0,1.0,0.8226988017399474,GOAL_FT,1,,,
16404,2021-08-29 13:00:00,EPL,2021/22,Tottenham,Watford,41,1,0,1,0.0,0.8031485739423244,GOAL_FT,0,,,
16405,2021-08-29 15:30:00,EPL,2021/22,Wolverhampton Wanderers,Manchester United,40,0,0,0,1.0,0.8056792993475745,GOAL_FT,1,,,
16406,2021-09-11 11:30:00,EPL,2021/22,Crystal Palace,Tottenham,41,0,0,0,1.0,0.8456907010812835,GOAL_FT,1,,,
16410,2021-09-11 14:00:00,EPL,2021/22,Manchester United,Newcastle United,40,0,0,0,1.0,0.8401388213286058,GOAL_FT,1,,,
16413,2021-09-11 16:30:00,EPL,2021/22,Chelsea,Aston Villa,40,1,0,1,1.0,0.8304594533059301,GOAL_FT,1,,,
16414,2021-09-12 15:30:00,EPL,2021/22,Leeds,Liverpool,40,0,1,1,1.0,0.8378942331367826,GOAL_FT,1,,,
16416,2021-09-17 19:00:00,EPL,2021/22,Newcastle United,Leeds,40,0,1,1,1.0,0.8211253144376831,GOAL_FT,1,,,
16417,2021-09-18 11:30:00,EPL,2021/22,Wolverhampton Wanderers,Brentford,40,0,2,2,0.0,0.8553445482288324,GOAL_FT,0,,,
16418,2021-09-18 14:00:00,EPL,2021/22,Norwich,Watford,40,1,1,2,1.0,0.8312325745486393,GOAL_FT,1,,,
16419,2021-09-18 14:00:00,EPL,2021/22,Burnley,Arsenal,40,0,1,1,0.0,0.8101014041484723,GOAL_FT,0,,,
16420,2021-09-18 14:00:00,EPL,2021/22,Liverpool,Crystal Palace,40,0,0,0,1.0,0.87449006521281,GOAL_FT,1,,,
16423,2021-09-19 13:00:00,EPL,2021/22,Brighton,Leicester,40,1,0,1,1.0,0.8239041008697948,GOAL_FT,1,,,
16424,2021-09-19 13:00:00,EPL,2021/22,West Ham,Manchester United,40,1,1,2,1.0,0.8530540476906789,GOAL_FT,1,,,
16425,2021-09-19 15:30:00,EPL,2021/22,Tottenham,Chelsea,40,0,0,0,1.0,0.8139491471221781,GOAL_FT,1,,,
16427,2021-09-25 14:00:00,EPL,2021/22,Watford,Newcastle United,40,0,1,1,1.0,0.8056609201333577,GOAL_FT,1,,,
16429,2021-09-25 14:00:00,EPL,2021/22,Leeds,West Ham,40,1,0,1,1.0,0.8304001371315048,GOAL_FT,1,,,
16430,2021-09-25 14:00:00,EPL,2021/22,Leicester,Burnley,40,1,1,2,1.0,0.8495930835537041,GOAL_FT,1,,,
16431,2021-09-25 11:30:00,EPL,2021/22,Manchester United,Aston Villa,40,0,0,0,1.0,0.8395229856948826,GOAL_FT,1,,,
16432,2021-09-25 16:30:00,EPL,2021/22,Brentford,Liverpool,40,1,1,2,1.0,0.8779203167507093,GOAL_FT,1,,,
16434,2021-09-26 15:30:00,EPL,2021/22,Arsenal,Tottenham,40,3,0,3,1.0,0.8373905421319654,GOAL_FT,1,,,
16436,2021-10-02 16:30:00,EPL,2021/22,Brighton,Arsenal,40,0,0,0,0.0,0.8067849846021415,GOAL_FT,0,,,
16438,2021-10-02 14:00:00,EPL,2021/22,Chelsea,Southampton,40,1,0,1,1.0,0.845571690656293,GOAL_FT,1,,,
16439,2021-10-03 13:00:00,EPL,2021/22,Crystal Palace,Leicester,40,0,2,2,1.0,0.8377182222617358,GOAL_FT,1,,,
16440,2021-10-02 14:00:00,EPL,2021/22,Leeds,Watford,40,1,0,1,0.0,0.810764009626578,GOAL_FT,0,,,
16444,2021-10-03 13:00:00,EPL,2021/22,West Ham,Brentford,40,0,1,1,1.0,0.829867102100755,GOAL_FT,1,,,
16445,2021-10-02 14:00:00,EPL,2021/22,Wolverhampton Wanderers,Newcastle United,40,1,1,2,1.0,0.8339161997633981,GOAL_FT,1,,,
16449,2021-10-17 13:00:00,EPL,2021/22,Everton,West Ham,40,0,0,0,1.0,0.8108966308928157,GOAL_FT,1,,,
16450,2021-10-16 14:00:00,EPL,2021/22,Leicester,Manchester United,40,1,1,2,1.0,0.8111520089644672,GOAL_FT,1,,,
16451,2021-10-16 14:00:00,EPL,2021/22,Manchester City,Burnley,40,1,0,1,1.0,0.8245032225674209,GOAL_FT,1,,,
16452,2021-10-17 15:30:00,EPL,2021/22,Newcastle United,Tottenham,40,1,2,3,1.0,0.8230483914681231,GOAL_FT,1,,,
16455,2021-10-16 11:30:00,EPL,2021/22,Watford,Liverpool,40,0,2,2,1.0,0.8382787701076295,GOAL_FT,1,,,
16456,2021-10-22 19:00:00,EPL,2021/22,Arsenal,Aston Villa,40,1,0,1,1.0,0.8303826603048016,GOAL_FT,1,,,
16457,2021-10-24 13:00:00,EPL,2021/22,Brentford,Leicester,40,0,1,1,1.0,0.8141470526191593,GOAL_FT,1,,,
16458,2021-10-23 16:30:00,EPL,2021/22,Brighton,Manchester City,40,0,3,3,1.0,0.8430592262532406,GOAL_FT,1,,,
16459,2021-10-23 11:30:00,EPL,2021/22,Chelsea,Norwich,40,2,0,2,1.0,0.8044196820351517,GOAL_FT,1,,,
16461,2021-10-23 14:00:00,EPL,2021/22,Everton,Watford,40,1,1,2,1.0,0.8394071096118694,GOAL_FT,1,,,
16463,2021-10-24 15:30:00,EPL,2021/22,Manchester United,Liverpool,40,0,3,3,1.0,0.8929335011358899,GOAL_FT,1,,,
16464,2021-10-23 14:00:00,EPL,2021/22,Southampton,Burnley,40,1,1,2,1.0,0.8694589954636883,GOAL_FT,1,,,
16465,2021-10-24 13:00:00,EPL,2021/22,West Ham,Tottenham,40,0,0,0,1.0,0.8364865417615692,GOAL_FT,1,,,
16466,2021-10-31 16:30:00,EPL,2021/22,Aston Villa,West Ham,40,1,2,3,1.0,0.85758220364438,GOAL_FT,1,,,
16467,2021-10-30 14:00:00,EPL,2021/22,Burnley,Brentford,40,3,0,3,1.0,0.8855115020653097,GOAL_FT,1,,,
16468,2021-10-30 11:30:00,EPL,2021/22,Leicester,Arsenal,42,0,2,2,0.0,0.8326874049529436,GOAL_FT,0,,,
16469,2021-10-30 14:00:00,EPL,2021/22,Liverpool,Brighton,40,2,1,3,1.0,0.8256129633022691,GOAL_FT,1,,,
16473,2021-10-30 16:30:00,EPL,2021/22,Tottenham,Manchester United,40,0,1,1,1.0,0.8290812595840792,GOAL_FT,1,,,
16474,2021-10-30 14:00:00,EPL,2021/22,Watford,Southampton,40,0,1,1,0.0,0.8352698692473441,GOAL_FT,0,,,
16475,2021-11-01 20:00:00,EPL,2021/22,Wolverhampton Wanderers,Everton,40,2,0,2,1.0,0.8201040769049245,GOAL_FT,1,,,
16476,2021-11-07 14:00:00,EPL,2021/22,Arsenal,Watford,40,0,0,0,1.0,0.8188583302244379,GOAL_FT,1,,,
16477,2021-11-06 15:00:00,EPL,2021/22,Brentford,Norwich,40,0,2,2,1.0,0.8340393829499558,GOAL_FT,1,,,
16479,2021-11-06 15:00:00,EPL,2021/22,Chelsea,Burnley,40,1,0,1,1.0,0.8172340088054503,GOAL_FT,1,,,
16482,2021-11-07 14:00:00,EPL,2021/22,Leeds,Leicester,48,1,1,2,0.0,0.8168648703070749,GOAL_FT,0,,,
16483,2021-11-06 12:30:00,EPL,2021/22,Manchester United,Manchester City,40,0,0,0,1.0,0.8176962419805707,GOAL_FT,1,,,
16487,2021-11-20 15:00:00,EPL,2021/22,Burnley,Crystal Palace,40,2,2,4,1.0,0.863079967812786,GOAL_FT,1,,,
16488,2021-11-20 12:30:00,EPL,2021/22,Leicester,Chelsea,40,0,2,2,1.0,0.806426781935025,GOAL_FT,1,,,
16489,2021-11-20 17:30:00,EPL,2021/22,Liverpool,Arsenal,40,1,0,1,1.0,0.8385145121588913,GOAL_FT,1,,,
16490,2021-11-21 14:00:00,EPL,2021/22,Manchester City,Everton,43,1,0,1,1.0,0.8107779331928288,GOAL_FT,1,,,
16491,2021-11-20 15:00:00,EPL,2021/22,Newcastle United,Brentford,40,2,2,4,1.0,0.8731468507083157,GOAL_FT,1,,,
16492,2021-11-20 15:00:00,EPL,2021/22,Norwich,Southampton,40,1,1,2,1.0,0.8215309383629994,GOAL_FT,1,,,
16493,2021-11-21 16:30:00,EPL,2021/22,Tottenham,Leeds,43,0,1,1,1.0,0.8064755771177224,GOAL_FT,1,,,
16494,2021-11-20 15:00:00,EPL,2021/22,Watford,Manchester United,40,1,0,1,1.0,0.8567044415848581,GOAL_FT,1,,,
16496,2021-11-27 12:30:00,EPL,2021/22,Arsenal,Newcastle United,40,0,0,0,1.0,0.8468783390040617,GOAL_FT,1,,,
16498,2021-11-27 17:30:00,EPL,2021/22,Brighton,Leeds,40,0,0,0,0.0,0.8452632809332579,GOAL_FT,0,,,
16501,2021-11-27 15:00:00,EPL,2021/22,Crystal Palace,Aston Villa,40,0,1,1,1.0,0.8070793889107937,GOAL_FT,1,,,
16502,2021-11-28 14:00:00,EPL,2021/22,Leicester,Watford,40,2,1,3,1.0,0.8728546841930687,GOAL_FT,1,,,
16503,2021-11-27 15:00:00,EPL,2021/22,Liverpool,Southampton,40,3,0,3,1.0,0.8775366647966676,GOAL_FT,1,,,
16504,2021-11-28 14:00:00,EPL,2021/22,Manchester City,West Ham,40,1,0,1,1.0,0.8579164281571975,GOAL_FT,1,,,
16506,2021-12-01 20:15:00,EPL,2021/22,Aston Villa,Manchester City,40,0,1,1,1.0,0.8108860404467695,GOAL_FT,1,,,
16507,2021-12-01 20:15:00,EPL,2021/22,Everton,Liverpool,40,1,2,3,1.0,0.83443079449757,GOAL_FT,1,,,
16509,2021-12-01 19:30:00,EPL,2021/22,Watford,Chelsea,42,1,1,2,1.0,0.8025487641410011,GOAL_FT,1,,,
16510,2021-12-01 19:30:00,EPL,2021/22,West Ham,Brighton,40,1,0,1,1.0,0.8344644619389878,GOAL_FT,1,,,
16512,2021-12-02 20:15:00,EPL,2021/22,Manchester United,Arsenal,41,0,1,1,1.0,0.8008757106835391,GOAL_FT,1,,,
16513,2021-11-30 19:30:00,EPL,2021/22,Newcastle United,Norwich,40,0,0,0,1.0,0.805571402500919,GOAL_FT,1,,,
16514,2021-12-01 19:30:00,EPL,2021/22,Southampton,Leicester,40,2,1,3,1.0,0.842956595709813,GOAL_FT,1,,,
16516,2021-12-05 16:30:00,EPL,2021/22,Aston Villa,Leicester,40,1,1,2,1.0,0.81812303760044,GOAL_FT,1,,,
16519,2021-12-05 14:00:00,EPL,2021/22,Manchester United,Crystal Palace,40,0,0,0,1.0,0.8128673322866031,GOAL_FT,1,,,
16520,2021-12-04 15:00:00,EPL,2021/22,Newcastle United,Burnley,40,1,0,1,0.0,0.8034265396484717,GOAL_FT,0,,,
16521,2021-12-04 15:00:00,EPL,2021/22,Southampton,Brighton,40,1,0,1,1.0,0.8324936596855664,GOAL_FT,1,,,
16522,2021-12-05 14:00:00,EPL,2021/22,Tottenham,Norwich,40,1,0,1,1.0,0.8342863456386628,GOAL_FT,1,,,
16523,2021-12-04 17:30:00,EPL,2021/22,Watford,Manchester City,40,0,2,2,1.0,0.8468624539170493,GOAL_FT,1,,,
16524,2021-12-04 12:30:00,EPL,2021/22,West Ham,Chelsea,40,1,1,2,1.0,0.8736207451093273,GOAL_FT,1,,,
16526,2021-12-11 15:00:00,EPL,2021/22,Arsenal,Southampton,40,2,0,2,1.0,0.816707770201349,GOAL_FT,1,,,
16530,2021-12-11 15:00:00,EPL,2021/22,Chelsea,Leeds,40,0,1,1,1.0,0.8014377738823187,GOAL_FT,1,,,
16531,2021-12-12 16:30:00,EPL,2021/22,Crystal Palace,Everton,40,1,0,1,1.0,0.8277209812221008,GOAL_FT,1,,,
16532,2021-12-12 14:00:00,EPL,2021/22,Leicester,Newcastle United,40,1,0,1,1.0,0.8237245258242024,GOAL_FT,1,,,
16535,2021-12-11 17:30:00,EPL,2021/22,Norwich,Manchester United,40,0,0,0,1.0,0.8035622768188513,GOAL_FT,1,,,
16756,2021-08-21 16:30:00,Serie_A,2021/22,Verona,Sassuolo,40,0,1,1,1.0,0.8364180077941064,GOAL_FT,1,,,
16757,2021-08-21 16:30:00,Serie_A,2021/22,Inter,Genoa,40,2,0,2,1.0,0.8098581032369465,GOAL_FT,1,,,
16758,2021-08-21 18:45:00,Serie_A,2021/22,Torino,Atalanta,40,0,1,1,1.0,0.8169650380420439,GOAL_FT,1,,,
16759,2021-08-21 18:45:00,Serie_A,2021/22,Empoli,Lazio,40,1,3,4,0.0,0.8635134824448952,GOAL_FT,0,,,
16760,2021-08-22 16:30:00,Serie_A,2021/22,Bologna,Salernitana,40,0,0,0,1.0,0.8200044716961444,GOAL_FT,1,,,
16764,2021-08-23 16:30:00,Serie_A,2021/22,Cagliari,Spezia,40,0,1,1,1.0,0.8196902170773521,GOAL_FT,1,,,
16765,2021-08-23 18:45:00,Serie_A,2021/22,Sampdoria,AC Milan,40,0,1,1,0.0,0.8027597721685712,GOAL_FT,0,,,
16766,2021-08-27 16:30:00,Serie_A,2021/22,Udinese,Venezia,40,1,0,1,1.0,0.8434220686010666,GOAL_FT,1,,,
16768,2021-08-28 16:30:00,Serie_A,2021/22,Lazio,Spezia,40,2,1,3,1.0,0.8090198156551998,GOAL_FT,1,,,
16771,2021-08-28 18:45:00,Serie_A,2021/22,Juventus,Empoli,40,0,1,1,0.0,0.8179937769187284,GOAL_FT,0,,,
16772,2021-08-29 16:30:00,Serie_A,2021/22,Sassuolo,Sampdoria,49,0,0,0,0.0,0.8015522961139806,GOAL_FT,0,,,
16774,2021-08-29 18:45:00,Serie_A,2021/22,AC Milan,Cagliari,40,3,1,4,1.0,0.84705647798,GOAL_FT,1,,,
16776,2021-09-11 18:45:00,Serie_A,2021/22,Atalanta,Fiorentina,40,0,1,1,1.0,0.8038835829493556,GOAL_FT,1,,,
16779,2021-09-11 13:00:00,Serie_A,2021/22,Empoli,Venezia,40,0,1,1,1.0,0.8551462803948254,GOAL_FT,1,,,
16780,2021-09-12 16:00:00,Serie_A,2021/22,AC Milan,Lazio,44,1,0,1,1.0,0.8127745135021572,GOAL_FT,1,,,
16781,2021-09-11 16:00:00,Serie_A,2021/22,Napoli,Juventus,40,0,1,1,1.0,0.8216986880506439,GOAL_FT,1,,,
16782,2021-09-12 18:45:00,Serie_A,2021/22,Roma,Sassuolo,40,1,0,1,1.0,0.8217939623456468,GOAL_FT,1,,,
16783,2021-09-12 10:30:00,Serie_A,2021/22,Sampdoria,Inter,40,1,1,2,1.0,0.8119962611157074,GOAL_FT,1,,,
16784,2021-09-12 13:00:00,Serie_A,2021/22,Spezia,Udinese,40,0,0,0,1.0,0.8192009067709097,GOAL_FT,1,,,
16785,2021-09-12 13:00:00,Serie_A,2021/22,Torino,Salernitana,44,1,0,1,1.0,0.8092825234510708,GOAL_FT,1,,,
16786,2021-09-19 10:30:00,Serie_A,2021/22,Empoli,Sampdoria,40,0,1,1,1.0,0.8229752776752444,GOAL_FT,1,,,
16788,2021-09-19 16:00:00,Serie_A,2021/22,Verona,Roma,40,0,1,1,1.0,0.8002134074118357,GOAL_FT,1,,,
16789,2021-09-18 16:00:00,Serie_A,2021/22,Inter,Bologna,40,3,0,3,1.0,0.8377595458756406,GOAL_FT,1,,,
16791,2021-09-19 16:00:00,Serie_A,2021/22,Lazio,Cagliari,40,0,0,0,1.0,0.8369766451425364,GOAL_FT,1,,,
16793,2021-09-17 18:45:00,Serie_A,2021/22,Sassuolo,Torino,40,0,0,0,1.0,0.8478032933826044,GOAL_FT,1,,,
16794,2021-09-20 18:45:00,Serie_A,2021/22,Udinese,Napoli,40,0,2,2,1.0,0.8539938773803303,GOAL_FT,1,,,
16796,2021-09-21 18:45:00,Serie_A,2021/22,Atalanta,Sassuolo,40,2,0,2,1.0,0.8518255260053597,GOAL_FT,1,,,
16799,2021-09-21 18:45:00,Serie_A,2021/22,Fiorentina,Inter,40,1,0,1,1.0,0.8151040980356216,GOAL_FT,1,,,
16801,2021-09-23 18:45:00,Serie_A,2021/22,Roma,Udinese,40,1,0,1,0.0,0.8535469985012579,GOAL_FT,0,,,
16802,2021-09-22 16:30:00,Serie_A,2021/22,Salernitana,Verona,40,0,2,2,1.0,0.8330159060721068,GOAL_FT,1,,,
16803,2021-09-23 16:30:00,Serie_A,2021/22,Sampdoria,Napoli,40,0,2,2,1.0,0.8307754302508699,GOAL_FT,1,,,
16804,2021-09-22 16:30:00,Serie_A,2021/22,Spezia,Juventus,40,1,1,2,1.0,0.8191286084814138,GOAL_FT,1,,,
16805,2021-09-23 16:30:00,Serie_A,2021/22,Torino,Lazio,41,0,0,0,1.0,0.8057921427731802,GOAL_FT,1,,,
16806,2021-09-26 13:00:00,Serie_A,2021/22,Empoli,Bologna,40,1,1,2,1.0,0.8570143899251063,GOAL_FT,1,,,
16808,2021-09-25 16:00:00,Serie_A,2021/22,Inter,Atalanta,40,1,2,3,1.0,0.868264876928323,GOAL_FT,1,,,
16809,2021-09-26 10:30:00,Serie_A,2021/22,Juventus,Sampdoria,40,1,0,1,1.0,0.8083287258896836,GOAL_FT,1,,,
16810,2021-09-26 16:00:00,Serie_A,2021/22,Lazio,Roma,40,2,1,3,1.0,0.860456093844404,GOAL_FT,1,,,
16811,2021-09-26 13:00:00,Serie_A,2021/22,Sassuolo,Salernitana,40,0,0,0,1.0,0.8114569566313338,GOAL_FT,1,,,
16815,2021-09-26 18:45:00,Serie_A,2021/22,Napoli,Cagliari,40,1,0,1,1.0,0.8004816754040245,GOAL_FT,1,,,
16816,2021-10-03 18:45:00,Serie_A,2021/22,Atalanta,AC Milan,40,0,1,1,1.0,0.8260622740777529,GOAL_FT,1,,,
16817,2021-10-03 10:30:00,Serie_A,2021/22,Bologna,Lazio,40,2,0,2,1.0,0.8135148863575233,GOAL_FT,1,,,
16819,2021-10-03 16:00:00,Serie_A,2021/22,Fiorentina,Napoli,40,1,1,2,1.0,0.8719751966736622,GOAL_FT,1,,,
16820,2021-10-03 13:00:00,Serie_A,2021/22,Verona,Spezia,40,2,0,2,1.0,0.8057561481279834,GOAL_FT,1,,,
16821,2021-10-03 16:00:00,Serie_A,2021/22,Roma,Empoli,40,0,0,0,1.0,0.8160178933367267,GOAL_FT,1,,,
16822,2021-10-02 13:00:00,Serie_A,2021/22,Salernitana,Genoa,40,0,0,0,1.0,0.8018251928559325,GOAL_FT,1,,,
16823,2021-10-03 13:00:00,Serie_A,2021/22,Sampdoria,Udinese,40,0,1,1,1.0,0.821457520733806,GOAL_FT,1,,,
16824,2021-10-02 18:45:00,Serie_A,2021/22,Sassuolo,Inter,40,1,0,1,1.0,0.8170639712581624,GOAL_FT,1,,,
16825,2021-10-02 16:00:00,Serie_A,2021/22,Torino,Juventus,40,0,0,0,1.0,0.8169955164716932,GOAL_FT,1,,,
16826,2021-10-17 10:30:00,Serie_A,2021/22,Cagliari,Sampdoria,40,1,0,1,1.0,0.807705400229159,GOAL_FT,1,,,
16827,2021-10-17 13:00:00,Serie_A,2021/22,Empoli,Atalanta,40,1,2,3,1.0,0.829070681778711,GOAL_FT,1,,,
16828,2021-10-17 13:00:00,Serie_A,2021/22,Genoa,Sassuolo,40,1,2,3,1.0,0.8428993674090776,GOAL_FT,1,,,
16829,2021-10-17 18:45:00,Serie_A,2021/22,Juventus,Roma,43,1,0,1,0.0,0.8275412286849632,GOAL_FT,0,,,
16830,2021-10-16 16:00:00,Serie_A,2021/22,Lazio,Inter,40,0,1,1,1.0,0.8399465141971163,GOAL_FT,1,,,
16831,2021-10-16 18:45:00,Serie_A,2021/22,AC Milan,Verona,40,0,2,2,1.0,0.8111709189485885,GOAL_FT,1,,,
16833,2021-10-16 13:00:00,Serie_A,2021/22,Spezia,Salernitana,40,0,1,1,1.0,0.8763368449505003,GOAL_FT,1,,,
16836,2021-10-24 10:30:00,Serie_A,2021/22,Atalanta,Udinese,40,0,0,0,1.0,0.8069118280578551,GOAL_FT,1,,,
16837,2021-10-23 18:45:00,Serie_A,2021/22,Bologna,AC Milan,40,0,2,2,1.0,0.8307423084709391,GOAL_FT,1,,,
16838,2021-10-24 13:00:00,Serie_A,2021/22,Fiorentina,Cagliari,40,1,0,1,1.0,0.8394999276408628,GOAL_FT,1,,,
16839,2021-10-24 13:00:00,Serie_A,2021/22,Verona,Lazio,40,2,0,2,1.0,0.8609476627383643,GOAL_FT,1,,,
16840,2021-10-24 18:45:00,Serie_A,2021/22,Inter,Juventus,40,1,0,1,1.0,0.8071223729675038,GOAL_FT,1,,,
16842,2021-10-23 13:00:00,Serie_A,2021/22,Salernitana,Empoli,40,0,2,2,1.0,0.8514992603555466,GOAL_FT,1,,,
16843,2021-10-22 18:45:00,Serie_A,2021/22,Sampdoria,Spezia,40,1,0,1,1.0,0.8098914051825266,GOAL_FT,1,,,
16844,2021-10-23 16:00:00,Serie_A,2021/22,Sassuolo,Venezia,40,1,1,2,1.0,0.8488214768350228,GOAL_FT,1,,,
16845,2021-10-22 16:30:00,Serie_A,2021/22,Torino,Genoa,40,2,0,2,1.0,0.8329117830183733,GOAL_FT,1,,,
16847,2021-10-27 18:45:00,Serie_A,2021/22,Empoli,Inter,40,0,1,1,1.0,0.8064523507809058,GOAL_FT,1,,,
16848,2021-10-27 16:30:00,Serie_A,2021/22,Juventus,Sassuolo,43,0,1,1,1.0,0.8053713235178611,GOAL_FT,1,,,
16850,2021-10-26 18:45:00,Serie_A,2021/22,AC Milan,Torino,40,1,0,1,0.0,0.8100918101739005,GOAL_FT,0,,,
16851,2021-10-28 18:45:00,Serie_A,2021/22,Napoli,Bologna,40,2,0,2,1.0,0.8539205969440938,GOAL_FT,1,,,
16852,2021-10-27 16:30:00,Serie_A,2021/22,Sampdoria,Atalanta,40,1,1,2,1.0,0.825956646971048,GOAL_FT,1,,,
16854,2021-10-27 16:30:00,Serie_A,2021/22,Udinese,Verona,40,1,0,1,1.0,0.8002068285691257,GOAL_FT,1,,,
16855,2021-10-26 16:30:00,Serie_A,2021/22,Venezia,Salernitana,40,1,0,1,1.0,0.8059387149708721,GOAL_FT,1,,,
16858,2021-10-31 14:00:00,Serie_A,2021/22,Fiorentina,Spezia,40,0,0,0,1.0,0.8391999505712541,GOAL_FT,1,,,
16860,2021-10-30 16:00:00,Serie_A,2021/22,Verona,Juventus,40,2,0,2,1.0,0.8330201435712987,GOAL_FT,1,,,
16862,2021-10-31 19:45:00,Serie_A,2021/22,Roma,AC Milan,40,0,1,1,1.0,0.8059624620370843,GOAL_FT,1,,,
16863,2021-10-31 17:00:00,Serie_A,2021/22,Salernitana,Napoli,40,0,0,0,1.0,0.8076660829827158,GOAL_FT,1,,,
16864,2021-10-31 14:00:00,Serie_A,2021/22,Sassuolo,Empoli,40,0,0,0,1.0,0.8005272178917608,GOAL_FT,1,,,
16865,2021-10-30 18:45:00,Serie_A,2021/22,Torino,Sampdoria,40,1,0,1,1.0,0.8031553066906577,GOAL_FT,1,,,
16866,2021-11-06 19:45:00,Serie_A,2021/22,Cagliari,Atalanta,40,1,1,2,1.0,0.8159622849136006,GOAL_FT,1,,,
16867,2021-11-05 19:45:00,Serie_A,2021/22,Empoli,Genoa,40,0,1,1,1.0,0.8054413414236048,GOAL_FT,1,,,
16869,2021-11-07 17:00:00,Serie_A,2021/22,Lazio,Salernitana,40,2,0,2,1.0,0.8159844627873193,GOAL_FT,1,,,
16870,2021-11-07 19:45:00,Serie_A,2021/22,AC Milan,Inter,40,0,1,1,1.0,0.8154353960041127,GOAL_FT,1,,,
16871,2021-11-07 17:00:00,Serie_A,2021/22,Napoli,Verona,40,1,1,2,0.0,0.8340826938762311,GOAL_FT,0,,,
16874,2021-11-07 14:00:00,Serie_A,2021/22,Udinese,Sassuolo,40,1,2,3,1.0,0.8247720440822592,GOAL_FT,1,,,
16875,2021-11-07 11:30:00,Serie_A,2021/22,Venezia,Roma,40,1,0,1,1.0,0.8404254445533602,GOAL_FT,1,,,
16876,2021-11-20 14:00:00,Serie_A,2021/22,Atalanta,Spezia,40,3,1,4,1.0,0.8946092117297778,GOAL_FT,1,,,
16878,2021-11-20 19:45:00,Serie_A,2021/22,Fiorentina,AC Milan,40,1,0,1,1.0,0.8125230819611783,GOAL_FT,1,,,
16881,2021-11-21 17:00:00,Serie_A,2021/22,Inter,Napoli,40,1,1,2,1.0,0.8409573836977058,GOAL_FT,1,,,
16882,2021-11-20 17:00:00,Serie_A,2021/22,Lazio,Juventus,40,0,1,1,1.0,0.8065469107944877,GOAL_FT,1,,,
16883,2021-11-21 14:00:00,Serie_A,2021/22,Salernitana,Sampdoria,40,0,0,0,1.0,0.8261146791535872,GOAL_FT,1,,,
16884,2021-11-21 11:30:00,Serie_A,2021/22,Sassuolo,Cagliari,40,1,1,2,1.0,0.8884600735401575,GOAL_FT,1,,,
16885,2021-11-22 19:45:00,Serie_A,2021/22,Torino,Udinese,47,2,0,2,1.0,0.8504286322084608,GOAL_FT,1,,,
16887,2021-11-27 14:00:00,Serie_A,2021/22,Empoli,Fiorentina,40,0,0,0,1.0,0.8120086055100396,GOAL_FT,1,,,
16888,2021-11-27 17:00:00,Serie_A,2021/22,Juventus,Atalanta,40,0,1,1,0.0,0.8106285503547611,GOAL_FT,0,,,
16889,2021-11-28 14:00:00,Serie_A,2021/22,AC Milan,Sassuolo,40,1,1,2,1.0,0.8221741944518917,GOAL_FT,1,,,
16890,2021-11-28 19:45:00,Serie_A,2021/22,Napoli,Lazio,40,3,0,3,1.0,0.8372240025771506,GOAL_FT,1,,,
16891,2021-11-28 17:00:00,Serie_A,2021/22,Roma,Torino,40,1,0,1,0.0,0.8006865296760648,GOAL_FT,0,,,
16893,2021-11-28 14:00:00,Serie_A,2021/22,Spezia,Bologna,40,0,0,0,1.0,0.8070324730929671,GOAL_FT,1,,,
16896,2021-11-30 17:30:00,Serie_A,2021/22,Atalanta,Venezia,40,2,0,2,1.0,0.8235242239632588,GOAL_FT,1,,,
16898,2021-11-30 17:30:00,Serie_A,2021/22,Fiorentina,Sampdoria,40,2,1,3,1.0,0.8607971874828468,GOAL_FT,1,,,
16899,2021-12-01 19:45:00,Serie_A,2021/22,Genoa,AC Milan,40,0,1,1,1.0,0.8079493423071168,GOAL_FT,1,,,
16900,2021-11-30 19:45:00,Serie_A,2021/22,Verona,Cagliari,40,0,0,0,0.0,0.8084130517346342,GOAL_FT,0,,,
16901,2021-12-01 17:30:00,Serie_A,2021/22,Inter,Spezia,40,1,0,1,0.0,0.8212618745666569,GOAL_FT,0,,,
16902,2021-12-02 19:45:00,Serie_A,2021/22,Lazio,Udinese,40,1,2,3,1.0,0.8704889102515342,GOAL_FT,1,,,
16905,2021-12-02 17:30:00,Serie_A,2021/22,Torino,Empoli,40,2,1,3,1.0,0.8489306165583856,GOAL_FT,1,,,
16906,2021-12-05 11:30:00,Serie_A,2021/22,Bologna,Fiorentina,41,1,1,2,1.0,0.8079372399075012,GOAL_FT,1,,,
16908,2021-12-06 17:30:00,Serie_A,2021/22,Empoli,Udinese,40,0,1,1,1.0,0.8241798385780891,GOAL_FT,1,,,
16909,2021-12-05 19:45:00,Serie_A,2021/22,Juventus,Genoa,40,1,0,1,1.0,0.8691230732999079,GOAL_FT,1,,,
16910,2021-12-04 14:00:00,Serie_A,2021/22,AC Milan,Salernitana,40,2,0,2,0.0,0.8289448383764026,GOAL_FT,0,,,
16911,2021-12-04 19:45:00,Serie_A,2021/22,Napoli,Atalanta,40,1,1,2,1.0,0.8447802529269108,GOAL_FT,1,,,
16912,2021-12-04 17:00:00,Serie_A,2021/22,Roma,Inter,40,0,3,3,0.0,0.8574574656788639,GOAL_FT,0,,,
16913,2021-12-05 17:00:00,Serie_A,2021/22,Sampdoria,Lazio,40,0,3,3,1.0,0.831480702260325,GOAL_FT,1,,,
16914,2021-12-05 14:00:00,Serie_A,2021/22,Spezia,Sassuolo,40,1,0,1,1.0,0.8265109220343133,GOAL_FT,1,,,
16915,2021-12-05 14:00:00,Serie_A,2021/22,Venezia,Verona,40,3,0,3,1.0,0.8283685400250617,GOAL_FT,1,,,
16916,2021-12-11 14:00:00,Serie_A,2021/22,Fiorentina,Salernitana,40,1,0,1,1.0,0.8166409077237825,GOAL_FT,1,,,
16917,2021-12-10 19:45:00,Serie_A,2021/22,Genoa,Sampdoria,48,0,2,2,1.0,0.8241969410163715,GOAL_FT,1,,,
16918,2021-12-12 14:00:00,Serie_A,2021/22,Verona,Atalanta,40,1,1,2,1.0,0.8509606329631832,GOAL_FT,1,,,
16919,2021-12-12 19:45:00,Serie_A,2021/22,Inter,Cagliari,40,1,0,1,1.0,0.8301914898364144,GOAL_FT,1,,,
16922,2021-12-12 17:00:00,Serie_A,2021/22,Sassuolo,Lazio,40,0,1,1,1.0,0.8047573191819481,GOAL_FT,1,,,
16924,2021-12-11 19:45:00,Serie_A,2021/22,Udinese,AC Milan,40,1,0,1,1.0,0.8040484846424389,GOAL_FT,1,,,
16925,2021-12-11 17:00:00,Serie_A,2021/22,Venezia,Juventus,40,0,1,1,1.0,0.8412815599242507,GOAL_FT,1,,,
17136,2021-08-13 19:00:00,La_liga,2021/22,Valencia,Getafe,40,1,0,1,0.0,0.8378880804483677,GOAL_FT,0,,,
17139,2021-08-14 17:30:00,La_liga,2021/22,Cadiz,Levante,40,0,1,1,1.0,0.80115487159833,GOAL_FT,1,,,
17140,2021-08-14 20:00:00,La_liga,2021/22,Alaves,Real Madrid,40,0,0,0,1.0,0.8165561562467519,GOAL_FT,1,,,
17141,2021-08-15 15:30:00,La_liga,2021/22,Celta Vigo,Atletico Madrid,40,0,1,1,1.0,0.8576368951450345,GOAL_FT,1,,,
17142,2021-08-15 18:00:00,La_liga,2021/22,Barcelona,Real Sociedad,40,1,0,1,1.0,0.8070229100429553,GOAL_FT,1,,,
17143,2021-08-15 20:15:00,La_liga,2021/22,Sevilla,Rayo Vallecano,40,1,0,1,1.0,0.8030115613320421,GOAL_FT,1,,,
17145,2021-08-16 20:00:00,La_liga,2021/22,Elche,Athletic Club,40,0,0,0,0.0,0.815534057543861,GOAL_FT,0,,,
17146,2021-08-20 19:00:00,La_liga,2021/22,Real Betis,Cadiz,40,1,1,2,0.0,0.8422169205809106,GOAL_FT,0,,,
17148,2021-08-21 17:30:00,La_liga,2021/22,Granada,Valencia,40,1,0,1,1.0,0.8128594228379185,GOAL_FT,1,,,
17152,2021-08-22 17:30:00,La_liga,2021/22,Atletico Madrid,Elche,40,1,0,1,0.0,0.8186606540458023,GOAL_FT,0,,,
17153,2021-08-22 20:00:00,La_liga,2021/22,Levante,Real Madrid,40,0,1,1,1.0,0.8165593815627886,GOAL_FT,1,,,
17156,2021-08-27 18:00:00,La_liga,2021/22,Mallorca,Espanyol,40,1,0,1,0.0,0.8053937733243026,GOAL_FT,0,,,
17157,2021-08-27 20:15:00,La_liga,2021/22,Valencia,Alaves,40,1,0,1,1.0,0.8217158861642802,GOAL_FT,1,,,
17158,2021-08-28 15:00:00,La_liga,2021/22,Celta Vigo,Athletic Club,40,0,1,1,0.0,0.8208777480629019,GOAL_FT,0,,,
17160,2021-08-28 17:30:00,La_liga,2021/22,Elche,Sevilla,40,1,1,2,0.0,0.8196196748524432,GOAL_FT,0,,,
17164,2021-08-29 17:30:00,La_liga,2021/22,Rayo Vallecano,Granada,40,2,0,2,1.0,0.8183021277249344,GOAL_FT,1,,,
17165,2021-08-29 20:00:00,La_liga,2021/22,Atletico Madrid,Villarreal,40,0,0,0,1.0,0.80514936983239,GOAL_FT,1,,,
17166,2021-09-11 19:00:00,La_liga,2021/22,Athletic Club,Mallorca,40,0,0,0,1.0,0.8035544971398519,GOAL_FT,1,,,
17169,2021-09-13 20:00:00,La_liga,2021/22,Granada,Real Betis,40,0,0,0,1.0,0.835312527517432,GOAL_FT,1,,,
17170,2021-09-12 12:00:00,La_liga,2021/22,Espanyol,Atletico Madrid,40,1,0,1,1.0,0.8030159260609658,GOAL_FT,1,,,
17171,2021-09-11 16:30:00,La_liga,2021/22,Levante,Rayo Vallecano,40,1,0,1,1.0,0.8492139460125804,GOAL_FT,1,,,
17172,2021-09-12 14:15:00,La_liga,2021/22,Osasuna,Valencia,40,1,1,2,1.0,0.811693860455665,GOAL_FT,1,,,
17173,2021-09-12 19:00:00,La_liga,2021/22,Real Madrid,Celta Vigo,40,1,2,3,1.0,0.8443505654653223,GOAL_FT,1,,,
17176,2021-09-18 19:00:00,La_liga,2021/22,Alaves,Osasuna,41,0,2,2,0.0,0.80375130932986,GOAL_FT,0,,,
17179,2021-09-19 16:30:00,La_liga,2021/22,Real Betis,Espanyol,40,1,1,2,1.0,0.8701255414577491,GOAL_FT,1,,,
17180,2021-09-17 19:00:00,La_liga,2021/22,Celta Vigo,Cadiz,42,0,2,2,1.0,0.8492362471382624,GOAL_FT,1,,,
17185,2021-09-18 16:30:00,La_liga,2021/22,Elche,Levante,40,1,0,1,1.0,0.8008362571640202,GOAL_FT,1,,,
17187,2021-09-21 17:30:00,La_liga,2021/22,Getafe,Atletico Madrid,40,0,0,0,1.0,0.807621927395351,GOAL_FT,1,,,
17188,2021-09-22 20:00:00,La_liga,2021/22,Villarreal,Elche,40,2,1,3,1.0,0.8317438071063178,GOAL_FT,1,,,
17189,2021-09-22 17:30:00,La_liga,2021/22,Sevilla,Valencia,40,2,1,3,1.0,0.8085580664559988,GOAL_FT,1,,,
17190,2021-09-22 20:00:00,La_liga,2021/22,Real Madrid,Mallorca,40,3,1,4,1.0,0.848769523711082,GOAL_FT,1,,,
17192,2021-09-23 17:30:00,La_liga,2021/22,Granada,Real Sociedad,40,1,0,1,1.0,0.8010848103328678,GOAL_FT,1,,,
17195,2021-09-23 17:30:00,La_liga,2021/22,Osasuna,Real Betis,40,1,1,2,1.0,0.8506572349534502,GOAL_FT,1,,,
17196,2021-09-26 14:15:00,La_liga,2021/22,Barcelona,Levante,40,2,0,2,1.0,0.8323223077861186,GOAL_FT,1,,,
17198,2021-09-26 16:30:00,La_liga,2021/22,Rayo Vallecano,Cadiz,40,1,1,2,1.0,0.8160677430524625,GOAL_FT,1,,,
17200,2021-09-25 16:30:00,La_liga,2021/22,Sevilla,Espanyol,40,1,0,1,1.0,0.809292542548778,GOAL_FT,1,,,
17203,2021-09-26 12:00:00,La_liga,2021/22,Mallorca,Osasuna,40,1,1,2,1.0,0.8431967060837257,GOAL_FT,1,,,
17209,2021-10-03 16:30:00,La_liga,2021/22,Villarreal,Real Betis,40,0,0,0,1.0,0.8047783692507279,GOAL_FT,1,,,
17211,2021-10-01 19:00:00,La_liga,2021/22,Athletic Club,Alaves,40,0,0,0,1.0,0.820510805739106,GOAL_FT,1,,,
17212,2021-10-02 19:00:00,La_liga,2021/22,Atletico Madrid,Barcelona,43,2,0,2,0.0,0.8119753204819521,GOAL_FT,0,,,
17216,2021-10-18 17:00:00,La_liga,2021/22,Alaves,Real Betis,40,0,0,0,1.0,0.8006246189832885,GOAL_FT,1,,,
17217,2021-10-17 19:00:00,La_liga,2021/22,Barcelona,Valencia,40,2,1,3,1.0,0.8477534616787394,GOAL_FT,1,,,
17220,2021-10-18 19:00:00,La_liga,2021/22,Espanyol,Cadiz,40,0,0,0,1.0,0.8319807894215517,GOAL_FT,1,,,
17222,2021-12-01 20:00:00,La_liga,2021/22,Real Madrid,Athletic Club,40,1,0,1,0.0,0.8773084962728426,GOAL_FT,0,,,
17224,2021-10-17 12:00:00,La_liga,2021/22,Rayo Vallecano,Elche,40,1,1,2,1.0,0.8104103964672538,GOAL_FT,1,,,
17226,2021-10-23 19:00:00,La_liga,2021/22,Athletic Club,Villarreal,40,1,1,2,1.0,0.8202876405868976,GOAL_FT,1,,,
17229,2021-10-24 12:00:00,La_liga,2021/22,Sevilla,Levante,40,3,1,4,1.0,0.8431429451526177,GOAL_FT,1,,,
17231,2021-10-23 14:15:00,La_liga,2021/22,Cadiz,Alaves,40,0,1,1,1.0,0.8461573768352927,GOAL_FT,1,,,
17232,2021-10-25 19:00:00,La_liga,2021/22,Getafe,Celta Vigo,40,0,0,0,1.0,0.8161502522174511,GOAL_FT,1,,,
17234,2021-10-24 14:15:00,La_liga,2021/22,Barcelona,Real Madrid,40,0,1,1,1.0,0.8203898496593336,GOAL_FT,1,,,
17235,2021-10-24 19:00:00,La_liga,2021/22,Atletico Madrid,Real Sociedad,40,0,1,1,1.0,0.8035436958403563,GOAL_FT,1,,,
17236,2021-10-27 17:00:00,La_liga,2021/22,Rayo Vallecano,Barcelona,40,1,0,1,0.0,0.8367543682383543,GOAL_FT,0,,,
17237,2021-10-27 19:30:00,La_liga,2021/22,Real Madrid,Osasuna,40,0,0,0,0.0,0.8140504983226915,GOAL_FT,0,,,
17238,2021-10-26 19:30:00,La_liga,2021/22,Villarreal,Cadiz,40,0,1,1,1.0,0.8059906962232534,GOAL_FT,1,,,
17239,2021-10-26 17:00:00,La_liga,2021/22,Alaves,Elche,40,0,0,0,1.0,0.8252184389356995,GOAL_FT,1,,,
17241,2021-10-27 18:00:00,La_liga,2021/22,Real Betis,Valencia,40,2,1,3,1.0,0.8723517337815716,GOAL_FT,1,,,
17242,2021-10-28 19:30:00,La_liga,2021/22,Levante,Atletico Madrid,40,1,1,2,1.0,0.8465759185702645,GOAL_FT,1,,,
17243,2021-10-26 19:00:00,La_liga,2021/22,Espanyol,Athletic Club,40,1,0,1,1.0,0.8600734390902519,GOAL_FT,1,,,
17244,2021-10-28 18:00:00,La_liga,2021/22,Granada,Getafe,40,0,1,1,1.0,0.8138077348822071,GOAL_FT,1,,,
17245,2021-10-27 17:00:00,La_liga,2021/22,Mallorca,Sevilla,40,1,0,1,1.0,0.8032549663300075,GOAL_FT,1,,,
17246,2021-10-30 12:00:00,La_liga,2021/22,Elche,Real Madrid,40,0,1,1,1.0,0.8363075761091193,GOAL_FT,1,,,
17249,2021-10-30 14:15:00,La_liga,2021/22,Sevilla,Osasuna,40,1,0,1,1.0,0.8548742310792848,GOAL_FT,1,,,
17251,2021-10-31 15:15:00,La_liga,2021/22,Atletico Madrid,Real Betis,40,1,0,1,1.0,0.8009333668682704,GOAL_FT,1,,,
17253,2021-10-31 17:30:00,La_liga,2021/22,Getafe,Espanyol,40,1,1,2,1.0,0.8152772748823021,GOAL_FT,1,,,
17254,2021-10-31 13:00:00,La_liga,2021/22,Cadiz,Mallorca,40,0,1,1,1.0,0.8351436858063676,GOAL_FT,1,,,
17255,2021-11-01 20:00:00,La_liga,2021/22,Levante,Granada,40,0,2,2,1.0,0.8593849215360676,GOAL_FT,1,,,
17259,2021-11-06 15:15:00,La_liga,2021/22,Celta Vigo,Barcelona,40,0,3,3,1.0,0.8661325384637096,GOAL_FT,1,,,
17260,2021-11-07 17:30:00,La_liga,2021/22,Mallorca,Elche,40,0,0,0,1.0,0.8044318269719758,GOAL_FT,1,,,
17261,2021-11-06 13:00:00,La_liga,2021/22,Espanyol,Granada,41,2,0,2,0.0,0.801777946829633,GOAL_FT,0,,,
17263,2021-11-06 20:00:00,La_liga,2021/22,Real Madrid,Rayo Vallecano,40,2,0,2,1.0,0.8515522341728748,GOAL_FT,1,,,
17264,2021-11-07 15:15:00,La_liga,2021/22,Valencia,Atletico Madrid,62,0,3,3,1.0,0.8000497805965514,GOAL_FT,1,,,
17267,2021-11-20 20:00:00,La_liga,2021/22,Barcelona,Espanyol,47,1,0,1,0.0,0.8037128394894119,GOAL_FT,0,,,
17268,2021-11-20 13:00:00,La_liga,2021/22,Celta Vigo,Villarreal,40,0,1,1,1.0,0.8229089738513659,GOAL_FT,1,,,
17269,2021-11-21 13:00:00,La_liga,2021/22,Getafe,Cadiz,40,1,0,1,1.0,0.8113845447513641,GOAL_FT,1,,,
17270,2021-11-21 15:15:00,La_liga,2021/22,Granada,Real Madrid,40,1,2,3,1.0,0.8275399767230033,GOAL_FT,1,,,
17273,2021-11-20 15:15:00,La_liga,2021/22,Sevilla,Alaves,40,1,1,2,1.0,0.8271469608729078,GOAL_FT,1,,,
17274,2021-11-22 20:00:00,La_liga,2021/22,Rayo Vallecano,Mallorca,40,2,0,2,1.0,0.8329975573740838,GOAL_FT,1,,,
17275,2021-11-21 17:30:00,La_liga,2021/22,Elche,Real Betis,40,0,3,3,0.0,0.8283006818144482,GOAL_FT,0,,,
17276,2021-11-27 13:00:00,La_liga,2021/22,Alaves,Celta Vigo,40,1,1,2,1.0,0.809717822617749,GOAL_FT,1,,,
17277,2021-11-26 20:00:00,La_liga,2021/22,Athletic Club,Granada,40,1,2,3,1.0,0.8313123041085263,GOAL_FT,1,,,
17278,2021-11-28 13:00:00,La_liga,2021/22,Real Betis,Levante,40,0,1,1,1.0,0.8245399610360626,GOAL_FT,1,,,
17280,2021-11-28 17:30:00,La_liga,2021/22,Cadiz,Atletico Madrid,40,0,0,0,1.0,0.8123906324822927,GOAL_FT,1,,,
17282,2021-11-29 20:00:00,La_liga,2021/22,Osasuna,Elche,40,1,1,2,0.0,0.8353508553406477,GOAL_FT,0,,,
17283,2021-11-28 20:00:00,La_liga,2021/22,Real Madrid,Sevilla,40,1,1,2,1.0,0.8460456205135641,GOAL_FT,1,,,
17285,2021-11-27 20:00:00,La_liga,2021/22,Villarreal,Barcelona,40,0,0,0,1.0,0.8183844740070084,GOAL_FT,1,,,
17294,2021-12-05 15:15:00,La_liga,2021/22,Elche,Cadiz,40,1,0,1,1.0,0.8097026842863965,GOAL_FT,1,,,
17295,2021-12-04 20:00:00,La_liga,2021/22,Real Sociedad,Real Madrid,46,0,1,1,1.0,0.8138291465343801,GOAL_FT,1,,,
17297,2021-12-11 20:00:00,La_liga,2021/22,Athletic Club,Sevilla,40,0,1,1,0.0,0.872749610166555,GOAL_FT,0,,,
17298,2021-12-12 17:30:00,La_liga,2021/22,Real Betis,Real Sociedad,40,1,0,1,1.0,0.8139176246625777,GOAL_FT,1,,,
17301,2021-12-11 13:00:00,La_liga,2021/22,Espanyol,Levante,40,1,2,3,1.0,0.8498229820941631,GOAL_FT,1,,,
17304,2021-12-11 17:30:00,La_liga,2021/22,Valencia,Elche,40,1,0,1,1.0,0.8097802584964302,GOAL_FT,1,,,
17305,2021-12-12 13:00:00,La_liga,2021/22,Villarreal,Rayo Vallecano,40,2,0,2,0.0,0.8537818296777145,GOAL_FT,0,,,
17516,2021-08-13 18:30:00,Bundesliga,2021/22,Borussia M.Gladbach,Bayern Munich,40,1,0,1,1.0,0.8297981603377462,GOAL_FT,1,,,
17517,2021-08-14 13:30:00,Bundesliga,2021/22,Arminia Bielefeld,Freiburg,40,0,0,0,0.0,0.8226765824834593,GOAL_FT,0,,,
17518,2021-08-14 13:30:00,Bundesliga,2021/22,Augsburg,Hoffenheim,40,0,1,1,1.0,0.8255620238188517,GOAL_FT,1,,,
17519,2021-08-14 13:30:00,Bundesliga,2021/22,VfB Stuttgart,Greuther Fuerth,40,2,0,2,1.0,0.8543249098206932,GOAL_FT,1,,,
17520,2021-08-14 13:30:00,Bundesliga,2021/22,Union Berlin,Bayer Leverkusen,40,1,1,2,0.0,0.8039348243104578,GOAL_FT,0,,,
17521,2021-08-14 13:30:00,Bundesliga,2021/22,Wolfsburg,Bochum,40,1,0,1,0.0,0.8331500887552047,GOAL_FT,0,,,
17522,2021-08-14 16:30:00,Bundesliga,2021/22,Borussia Dortmund,Eintracht Frankfurt,40,3,0,3,1.0,0.8479365032481804,GOAL_FT,1,,,
17523,2021-08-15 13:30:00,Bundesliga,2021/22,Mainz 05,RasenBallsport Leipzig,40,1,0,1,0.0,0.8060988402019998,GOAL_FT,0,,,
17524,2021-08-15 15:30:00,Bundesliga,2021/22,FC Cologne,Hertha Berlin,40,1,1,2,1.0,0.8353216548840651,GOAL_FT,1,,,
17525,2021-08-20 18:30:00,Bundesliga,2021/22,RasenBallsport Leipzig,VfB Stuttgart,40,1,0,1,1.0,0.8325981910037721,GOAL_FT,1,,,
17526,2021-08-21 13:30:00,Bundesliga,2021/22,Greuther Fuerth,Arminia Bielefeld,45,0,1,1,1.0,0.818796503458899,GOAL_FT,1,,,
17527,2021-08-21 13:30:00,Bundesliga,2021/22,Bochum,Mainz 05,41,1,0,1,1.0,0.8087699058694553,GOAL_FT,1,,,
17529,2021-08-21 13:30:00,Bundesliga,2021/22,Freiburg,Borussia Dortmund,40,1,0,1,1.0,0.8451321234003251,GOAL_FT,1,,,
17530,2021-08-21 13:30:00,Bundesliga,2021/22,Eintracht Frankfurt,Augsburg,40,0,0,0,0.0,0.8116176410651369,GOAL_FT,0,,,
17531,2021-08-21 16:30:00,Bundesliga,2021/22,Bayer Leverkusen,Borussia M.Gladbach,40,1,0,1,1.0,0.8272572590129418,GOAL_FT,1,,,
17532,2021-08-22 13:30:00,Bundesliga,2021/22,Hoffenheim,Union Berlin,40,2,1,3,1.0,0.8190367619128072,GOAL_FT,1,,,
17533,2021-08-22 15:30:00,Bundesliga,2021/22,Bayern Munich,FC Cologne,40,0,0,0,1.0,0.803365825344812,GOAL_FT,1,,,
17534,2021-08-27 18:30:00,Bundesliga,2021/22,Borussia Dortmund,Hoffenheim,40,0,0,0,1.0,0.8241518478454735,GOAL_FT,1,,,
17535,2021-08-28 13:30:00,Bundesliga,2021/22,FC Cologne,Bochum,40,0,0,0,1.0,0.8337506993869068,GOAL_FT,1,,,
17537,2021-08-28 13:30:00,Bundesliga,2021/22,Augsburg,Bayer Leverkusen,40,1,0,1,1.0,0.8462505566952859,GOAL_FT,1,,,
17538,2021-08-28 13:30:00,Bundesliga,2021/22,Mainz 05,Greuther Fuerth,40,2,0,2,1.0,0.8275321233429656,GOAL_FT,1,,,
17539,2021-08-28 13:30:00,Bundesliga,2021/22,VfB Stuttgart,Freiburg,40,0,3,3,1.0,0.8382801323263511,GOAL_FT,1,,,
17540,2021-08-28 16:30:00,Bundesliga,2021/22,Bayern Munich,Hertha Berlin,40,2,0,2,1.0,0.8551198829643224,GOAL_FT,1,,,
17541,2021-08-29 13:30:00,Bundesliga,2021/22,Union Berlin,Borussia M.Gladbach,40,2,0,2,1.0,0.8552894800085068,GOAL_FT,1,,,
17542,2021-08-29 15:30:00,Bundesliga,2021/22,Wolfsburg,RasenBallsport Leipzig,40,0,0,0,1.0,0.8172053243222712,GOAL_FT,1,,,
17545,2021-09-11 13:30:00,Bundesliga,2021/22,Freiburg,FC Cologne,40,0,1,1,1.0,0.8386657645297227,GOAL_FT,1,,,
17546,2021-09-11 13:30:00,Bundesliga,2021/22,Union Berlin,Augsburg,40,0,0,0,0.0,0.804943853090035,GOAL_FT,0,,,
17547,2021-09-11 13:30:00,Bundesliga,2021/22,Bayer Leverkusen,Borussia Dortmund,40,1,1,2,1.0,0.8251017283358383,GOAL_FT,1,,,
17548,2021-09-11 16:30:00,Bundesliga,2021/22,RasenBallsport Leipzig,Bayern Munich,40,0,1,1,1.0,0.8337199670743806,GOAL_FT,1,,,
17551,2021-09-12 17:30:00,Bundesliga,2021/22,Borussia M.Gladbach,Arminia Bielefeld,40,1,0,1,1.0,0.8386180220765145,GOAL_FT,1,,,
17552,2021-09-17 18:30:00,Bundesliga,2021/22,Hertha Berlin,Greuther Fuerth,40,0,0,0,1.0,0.8060418440329794,GOAL_FT,1,,,
17555,2021-09-18 13:30:00,Bundesliga,2021/22,Arminia Bielefeld,Hoffenheim,40,0,0,0,0.0,0.8391615712639964,GOAL_FT,0,,,
17556,2021-09-18 13:30:00,Bundesliga,2021/22,Bayern Munich,Bochum,40,3,0,3,1.0,0.8814613491772197,GOAL_FT,1,,,
17558,2021-09-19 13:30:00,Bundesliga,2021/22,VfB Stuttgart,Bayer Leverkusen,40,1,2,3,1.0,0.865432824834151,GOAL_FT,1,,,
17559,2021-09-19 15:30:00,Bundesliga,2021/22,Borussia Dortmund,Union Berlin,40,2,0,2,1.0,0.8002336274107709,GOAL_FT,1,,,
17561,2021-09-24 18:30:00,Bundesliga,2021/22,Greuther Fuerth,Bayern Munich,40,0,2,2,1.0,0.8068379618157149,GOAL_FT,1,,,
17562,2021-09-25 13:30:00,Bundesliga,2021/22,Union Berlin,Arminia Bielefeld,40,0,0,0,1.0,0.8204061594163761,GOAL_FT,1,,,
17563,2021-09-25 13:30:00,Bundesliga,2021/22,Bayer Leverkusen,Mainz 05,40,0,0,0,1.0,0.8144131006350258,GOAL_FT,1,,,
17565,2021-09-25 13:30:00,Bundesliga,2021/22,RasenBallsport Leipzig,Hertha Berlin,40,2,0,2,1.0,0.8366986955327939,GOAL_FT,1,,,
17566,2021-09-25 13:30:00,Bundesliga,2021/22,Hoffenheim,Wolfsburg,40,0,1,1,1.0,0.8190079194186264,GOAL_FT,1,,,
17567,2021-09-25 16:30:00,Bundesliga,2021/22,Borussia M.Gladbach,Borussia Dortmund,40,1,0,1,0.0,0.8290225552458346,GOAL_FT,0,,,
17569,2021-09-26 15:30:00,Bundesliga,2021/22,Freiburg,Augsburg,40,3,0,3,0.0,0.8557437546388948,GOAL_FT,0,,,
17570,2021-10-01 18:30:00,Bundesliga,2021/22,FC Cologne,Greuther Fuerth,40,0,1,1,1.0,0.831443778828676,GOAL_FT,1,,,
17571,2021-10-03 17:30:00,Bundesliga,2021/22,Arminia Bielefeld,Bayer Leverkusen,40,0,2,2,1.0,0.8389414631134635,GOAL_FT,1,,,
17573,2021-10-03 13:30:00,Bundesliga,2021/22,Mainz 05,Union Berlin,40,1,0,1,1.0,0.825170422903622,GOAL_FT,1,,,
17574,2021-10-02 13:30:00,Bundesliga,2021/22,VfB Stuttgart,Hoffenheim,40,1,0,1,1.0,0.8261324349323111,GOAL_FT,1,,,
17575,2021-10-02 13:30:00,Bundesliga,2021/22,Wolfsburg,Borussia M.Gladbach,40,1,2,3,1.0,0.846921147555434,GOAL_FT,1,,,
17576,2021-10-02 13:30:00,Bundesliga,2021/22,Borussia Dortmund,Augsburg,40,1,1,2,1.0,0.8260028192120953,GOAL_FT,1,,,
17577,2021-10-02 16:30:00,Bundesliga,2021/22,RasenBallsport Leipzig,Bochum,40,0,0,0,1.0,0.8050537411134696,GOAL_FT,1,,,
17578,2021-10-03 15:30:00,Bundesliga,2021/22,Bayern Munich,Eintracht Frankfurt,40,1,1,2,1.0,0.8149109734682813,GOAL_FT,1,,,
17581,2021-10-15 18:30:00,Bundesliga,2021/22,Hoffenheim,FC Cologne,40,1,0,1,1.0,0.8050453052592093,GOAL_FT,1,,,
17582,2021-10-16 13:30:00,Bundesliga,2021/22,Freiburg,RasenBallsport Leipzig,40,0,1,1,1.0,0.8289974365656386,GOAL_FT,1,,,
17583,2021-10-16 16:30:00,Bundesliga,2021/22,Borussia M.Gladbach,VfB Stuttgart,40,0,1,1,1.0,0.8262121235595522,GOAL_FT,1,,,
17585,2021-10-17 13:30:00,Bundesliga,2021/22,Bayer Leverkusen,Bayern Munich,40,0,5,5,1.0,0.8990624050312818,GOAL_FT,1,,,
17586,2021-10-16 13:30:00,Bundesliga,2021/22,Eintracht Frankfurt,Hertha Berlin,40,0,1,1,1.0,0.8452689759338532,GOAL_FT,1,,,
17589,2021-10-24 13:30:00,Bundesliga,2021/22,FC Cologne,Bayer Leverkusen,40,0,2,2,1.0,0.8371953304502554,GOAL_FT,1,,,
17590,2021-10-23 13:30:00,Bundesliga,2021/22,Arminia Bielefeld,Borussia Dortmund,40,0,1,1,1.0,0.8397268028304923,GOAL_FT,1,,,
17591,2021-10-23 16:30:00,Bundesliga,2021/22,Hertha Berlin,Borussia M.Gladbach,40,1,0,1,0.0,0.8324810038791135,GOAL_FT,0,,,
17592,2021-10-22 18:30:00,Bundesliga,2021/22,Mainz 05,Augsburg,40,3,0,3,1.0,0.8760953472677034,GOAL_FT,1,,,
17593,2021-10-24 15:30:00,Bundesliga,2021/22,VfB Stuttgart,Union Berlin,40,0,1,1,1.0,0.8294731529975212,GOAL_FT,1,,,
17594,2021-10-23 13:30:00,Bundesliga,2021/22,Wolfsburg,Freiburg,40,0,1,1,1.0,0.8367611873666602,GOAL_FT,1,,,
17595,2021-10-23 13:30:00,Bundesliga,2021/22,RasenBallsport Leipzig,Greuther Fuerth,41,0,0,0,1.0,0.8006316202997206,GOAL_FT,1,,,
17596,2021-10-23 13:30:00,Bundesliga,2021/22,Bayern Munich,Hoffenheim,40,2,0,2,1.0,0.8055256824952542,GOAL_FT,1,,,
17597,2021-10-30 13:30:00,Bundesliga,2021/22,Arminia Bielefeld,Mainz 05,40,0,1,1,1.0,0.8872386649270718,GOAL_FT,1,,,
17598,2021-10-31 14:30:00,Bundesliga,2021/22,Augsburg,VfB Stuttgart,40,1,1,2,1.0,0.8677618963398213,GOAL_FT,1,,,
17599,2021-10-29 18:30:00,Bundesliga,2021/22,Hoffenheim,Hertha Berlin,40,2,0,2,0.0,0.8323955516442845,GOAL_FT,0,,,
17600,2021-10-30 13:30:00,Bundesliga,2021/22,Freiburg,Greuther Fuerth,40,1,0,1,1.0,0.8004069514991389,GOAL_FT,1,,,
17601,2021-10-31 16:30:00,Bundesliga,2021/22,Borussia M.Gladbach,Bochum,40,2,0,2,1.0,0.8258603740440674,GOAL_FT,1,,,
17602,2021-10-30 13:30:00,Bundesliga,2021/22,Union Berlin,Bayern Munich,40,0,3,3,1.0,0.871444980735344,GOAL_FT,1,,,
17603,2021-10-30 13:30:00,Bundesliga,2021/22,Bayer Leverkusen,Wolfsburg,50,0,2,2,0.0,0.811168036124971,GOAL_FT,0,,,
17604,2021-10-30 16:30:00,Bundesliga,2021/22,Eintracht Frankfurt,RasenBallsport Leipzig,40,0,1,1,1.0,0.8413104579911552,GOAL_FT,1,,,
17605,2021-10-30 13:30:00,Bundesliga,2021/22,Borussia Dortmund,FC Cologne,40,1,0,1,1.0,0.8267069249542869,GOAL_FT,1,,,
17608,2021-11-07 16:30:00,Bundesliga,2021/22,FC Cologne,Union Berlin,40,1,1,2,1.0,0.8463839046854024,GOAL_FT,1,,,
17610,2021-11-05 19:30:00,Bundesliga,2021/22,Mainz 05,Borussia M.Gladbach,40,0,1,1,1.0,0.8349164128970833,GOAL_FT,1,,,
17611,2021-11-06 14:30:00,Bundesliga,2021/22,VfB Stuttgart,Arminia Bielefeld,40,0,1,1,0.0,0.8258077019952904,GOAL_FT,0,,,
17614,2021-11-06 14:30:00,Bundesliga,2021/22,Bayern Munich,Freiburg,40,1,0,1,1.0,0.8301630221181997,GOAL_FT,1,,,
17616,2021-11-19 19:30:00,Bundesliga,2021/22,Augsburg,Bayern Munich,40,2,1,3,0.0,0.8490313710446171,GOAL_FT,0,,,
17617,2021-11-21 16:30:00,Bundesliga,2021/22,Mainz 05,FC Cologne,40,1,0,1,1.0,0.8425255731460862,GOAL_FT,1,,,
17618,2021-11-20 14:30:00,Bundesliga,2021/22,Hoffenheim,RasenBallsport Leipzig,40,1,0,1,1.0,0.80030508629826,GOAL_FT,1,,,
17619,2021-11-21 14:30:00,Bundesliga,2021/22,Freiburg,Eintracht Frankfurt,40,0,1,1,1.0,0.8311935489169131,GOAL_FT,1,,,
17620,2021-11-20 14:30:00,Bundesliga,2021/22,Borussia M.Gladbach,Greuther Fuerth,40,2,0,2,1.0,0.829538906576193,GOAL_FT,1,,,
17622,2021-11-20 14:30:00,Bundesliga,2021/22,Bayer Leverkusen,Bochum,40,1,0,1,0.0,0.8203787094773782,GOAL_FT,0,,,
17623,2021-11-20 14:30:00,Bundesliga,2021/22,Borussia Dortmund,VfB Stuttgart,40,0,0,0,1.0,0.8173001794370006,GOAL_FT,1,,,
17624,2021-11-27 14:30:00,Bundesliga,2021/22,Greuther Fuerth,Hoffenheim,40,1,2,3,1.0,0.8606691465649926,GOAL_FT,1,,,
17626,2021-11-27 14:30:00,Bundesliga,2021/22,FC Cologne,Borussia M.Gladbach,40,0,0,0,1.0,0.8131357853859991,GOAL_FT,1,,,
17627,2021-11-27 14:30:00,Bundesliga,2021/22,Hertha Berlin,Augsburg,40,1,0,1,1.0,0.8351881266788,GOAL_FT,1,,,
17628,2021-11-26 19:30:00,Bundesliga,2021/22,VfB Stuttgart,Mainz 05,40,1,1,2,1.0,0.8255561206944733,GOAL_FT,1,,,
17629,2021-11-28 14:30:00,Bundesliga,2021/22,Eintracht Frankfurt,Union Berlin,40,1,0,1,1.0,0.8212752896384141,GOAL_FT,1,,,
17630,2021-11-27 14:30:00,Bundesliga,2021/22,Wolfsburg,Borussia Dortmund,40,1,1,2,1.0,0.8363792030945949,GOAL_FT,1,,,
17631,2021-11-28 16:30:00,Bundesliga,2021/22,RasenBallsport Leipzig,Bayer Leverkusen,40,0,2,2,1.0,0.8096714216997587,GOAL_FT,1,,,
17632,2021-11-27 17:30:00,Bundesliga,2021/22,Bayern Munich,Arminia Bielefeld,40,0,0,0,1.0,0.8109213564686025,GOAL_FT,1,,,
17633,2021-12-04 14:30:00,Bundesliga,2021/22,Arminia Bielefeld,FC Cologne,40,0,1,1,1.0,0.8066757137401501,GOAL_FT,1,,,
17634,2021-12-04 14:30:00,Bundesliga,2021/22,Augsburg,Bochum,40,0,2,2,1.0,0.8309683622819857,GOAL_FT,1,,,
17635,2021-12-04 14:30:00,Bundesliga,2021/22,Mainz 05,Wolfsburg,40,2,0,2,1.0,0.8426907312658486,GOAL_FT,1,,,
17636,2021-12-04 14:30:00,Bundesliga,2021/22,Hoffenheim,Eintracht Frankfurt,40,2,1,3,1.0,0.825953643377131,GOAL_FT,1,,,
17637,2021-12-05 14:30:00,Bundesliga,2021/22,VfB Stuttgart,Hertha Berlin,40,2,1,3,1.0,0.8077462717800553,GOAL_FT,1,,,
17638,2021-12-05 16:30:00,Bundesliga,2021/22,Borussia M.Gladbach,Freiburg,40,0,6,6,0.0,0.9020580423634856,GOAL_FT,0,,,
17639,2021-12-03 19:30:00,Bundesliga,2021/22,Union Berlin,RasenBallsport Leipzig,40,1,1,2,1.0,0.8663852123730434,GOAL_FT,1,,,
17640,2021-12-04 14:30:00,Bundesliga,2021/22,Bayer Leverkusen,Greuther Fuerth,48,4,1,5,1.0,0.8089044088665059,GOAL_FT,1,,,
17641,2021-12-04 17:30:00,Bundesliga,2021/22,Borussia Dortmund,Bayern Munich,40,1,1,2,1.0,0.8479143116784768,GOAL_FT,1,,,
17643,2021-12-11 14:30:00,Bundesliga,2021/22,Bochum,Borussia Dortmund,40,1,0,1,1.0,0.8413495711226049,GOAL_FT,1,,,
17645,2021-12-11 14:30:00,Bundesliga,2021/22,Hertha Berlin,Arminia Bielefeld,40,0,0,0,1.0,0.8148457458145744,GOAL_FT,1,,,
17646,2021-12-11 14:30:00,Bundesliga,2021/22,Freiburg,Hoffenheim,40,1,1,2,1.0,0.8407367253177738,GOAL_FT,1,,,
17647,2021-12-12 16:30:00,Bundesliga,2021/22,Eintracht Frankfurt,Bayer Leverkusen,40,2,2,4,1.0,0.8343619001577566,GOAL_FT,1,,,
17649,2021-12-11 14:30:00,Bundesliga,2021/22,RasenBallsport Leipzig,Borussia M.Gladbach,40,2,0,2,1.0,0.8684910944800226,GOAL_FT,1,,,
17650,2021-12-11 14:30:00,Bundesliga,2021/22,Bayern Munich,Mainz 05,40,0,1,1,1.0,0.81606688118662,GOAL_FT,1,,,
17822,2021-08-06 19:00:00,Ligue_1,2021/22,Monaco,Nantes,41,1,1,2,0.0,0.8120429571430682,GOAL_FT,0,,,
17824,2021-08-07 19:00:00,Ligue_1,2021/22,Troyes,Paris Saint Germain,40,1,2,3,0.0,0.832984399455607,GOAL_FT,0,,,
17825,2021-08-08 11:00:00,Ligue_1,2021/22,Rennes,Lens,40,1,1,2,0.0,0.8029548132141106,GOAL_FT,0,,,
17826,2021-08-08 13:00:00,Ligue_1,2021/22,Saint-Etienne,Lorient,40,0,0,0,1.0,0.8202156109324413,GOAL_FT,1,,,
17828,2021-08-08 13:00:00,Ligue_1,2021/22,Bordeaux,Clermont Foot,40,0,0,0,1.0,0.8085454007651256,GOAL_FT,1,,,
17829,2021-08-08 13:00:00,Ligue_1,2021/22,Nice,Reims,40,0,0,0,0.0,0.8168962443898323,GOAL_FT,0,,,
17830,2021-08-08 15:00:00,Ligue_1,2021/22,Metz,Lille,40,2,1,3,1.0,0.8513567969636342,GOAL_FT,1,,,
17833,2021-08-14 15:00:00,Ligue_1,2021/22,Lille,Nice,40,0,2,2,1.0,0.8052778032015347,GOAL_FT,1,,,
17834,2021-08-14 19:00:00,Ligue_1,2021/22,Paris Saint Germain,Strasbourg,40,3,0,3,1.0,0.8390316767792594,GOAL_FT,1,,,
17835,2021-08-15 11:00:00,Ligue_1,2021/22,Angers,Lyon,40,1,0,1,1.0,0.8039137557320006,GOAL_FT,1,,,
17837,2021-08-15 13:00:00,Ligue_1,2021/22,Clermont Foot,Troyes,40,0,0,0,1.0,0.8090587244757126,GOAL_FT,1,,,
17839,2021-08-15 13:00:00,Ligue_1,2021/22,Reims,Montpellier,40,2,2,4,1.0,0.8682712255061802,GOAL_FT,1,,,
17840,2021-08-15 15:00:00,Ligue_1,2021/22,Lens,Saint-Etienne,40,1,1,2,1.0,0.8442962674250752,GOAL_FT,1,,,
17841,2021-08-15 18:45:00,Ligue_1,2021/22,Marseille,Bordeaux,40,2,0,2,1.0,0.8174657388243802,GOAL_FT,1,,,
17842,2021-08-20 19:00:00,Ligue_1,2021/22,Brest,Paris Saint Germain,40,0,2,2,1.0,0.8408677458000108,GOAL_FT,1,,,
17845,2021-08-22 11:00:00,Ligue_1,2021/22,Lyon,Clermont Foot,40,2,0,2,1.0,0.8551836962530862,GOAL_FT,1,,,
17846,2021-08-22 13:00:00,Ligue_1,2021/22,Metz,Reims,40,1,1,2,0.0,0.814244653800601,GOAL_FT,0,,,
17847,2021-08-22 13:00:00,Ligue_1,2021/22,Bordeaux,Angers,40,1,1,2,0.0,0.8342384014937515,GOAL_FT,0,,,
17848,2021-08-22 13:00:00,Ligue_1,2021/22,Strasbourg,Troyes,40,0,1,1,1.0,0.8335246332873985,GOAL_FT,1,,,
17849,2021-08-22 13:00:00,Ligue_1,2021/22,Montpellier,Lorient,40,0,0,0,1.0,0.8681902069390184,GOAL_FT,1,,,
17851,2021-10-27 21:00:00,Ligue_1,2021/22,Nice,Marseille,40,1,0,1,1.0,0.8179819274182552,GOAL_FT,1,,,
17852,2021-08-27 19:00:00,Ligue_1,2021/22,Nantes,Lyon,40,0,1,1,0.0,0.821865753835869,GOAL_FT,0,,,
17853,2021-08-28 15:00:00,Ligue_1,2021/22,Nice,Bordeaux,40,2,0,2,1.0,0.8193001030451045,GOAL_FT,1,,,
17854,2021-08-28 19:00:00,Ligue_1,2021/22,Marseille,Saint-Etienne,40,1,1,2,1.0,0.82538407997168,GOAL_FT,1,,,
17855,2021-08-29 11:00:00,Ligue_1,2021/22,Troyes,Monaco,40,0,1,1,1.0,0.8369710737805683,GOAL_FT,1,,,
17857,2021-08-29 13:00:00,Ligue_1,2021/22,Angers,Rennes,40,0,0,0,1.0,0.8093262155845204,GOAL_FT,1,,,
17858,2021-08-29 13:00:00,Ligue_1,2021/22,Clermont Foot,Metz,40,0,1,1,1.0,0.8366069275271781,GOAL_FT,1,,,
17859,2021-08-29 13:00:00,Ligue_1,2021/22,Lens,Lorient,40,1,2,3,1.0,0.8391521205958945,GOAL_FT,1,,,
17861,2021-08-29 18:45:00,Ligue_1,2021/22,Reims,Paris Saint Germain,40,0,1,1,1.0,0.8023389518821727,GOAL_FT,1,,,
17862,2021-09-12 15:00:00,Ligue_1,2021/22,Nantes,Nice,40,0,0,0,1.0,0.8007434381142694,GOAL_FT,1,,,
17863,2021-09-11 15:00:00,Ligue_1,2021/22,Paris Saint Germain,Clermont Foot,40,2,0,2,1.0,0.8450924139199365,GOAL_FT,1,,,
17865,2021-09-12 13:00:00,Ligue_1,2021/22,Bordeaux,Lens,40,0,1,1,1.0,0.8118877887161985,GOAL_FT,1,,,
17869,2021-09-12 11:00:00,Ligue_1,2021/22,Montpellier,Saint-Etienne,40,1,0,1,1.0,0.831103722373069,GOAL_FT,1,,,
17870,2021-09-12 13:00:00,Ligue_1,2021/22,Metz,Troyes,40,0,0,0,1.0,0.8055706030954629,GOAL_FT,1,,,
17871,2021-09-11 19:00:00,Ligue_1,2021/22,Monaco,Marseille,40,0,1,1,1.0,0.8569039650107954,GOAL_FT,1,,,
17873,2021-09-17 19:00:00,Ligue_1,2021/22,Strasbourg,Metz,40,3,0,3,0.0,0.8590234158670482,GOAL_FT,0,,,
17874,2021-09-19 13:00:00,Ligue_1,2021/22,Angers,Nantes,40,1,3,4,1.0,0.8430600070661559,GOAL_FT,1,,,
17877,2021-09-19 15:00:00,Ligue_1,2021/22,Marseille,Rennes,40,0,0,0,1.0,0.8412737011264668,GOAL_FT,1,,,
17878,2021-09-19 11:00:00,Ligue_1,2021/22,Nice,Monaco,40,0,1,1,1.0,0.8485756242819138,GOAL_FT,1,,,
17884,2021-09-22 19:00:00,Ligue_1,2021/22,Lyon,Troyes,40,0,0,0,1.0,0.8036497758758774,GOAL_FT,1,,,
17885,2021-09-22 19:00:00,Ligue_1,2021/22,Metz,Paris Saint Germain,40,1,1,2,1.0,0.812739487956757,GOAL_FT,1,,,
17886,2021-09-22 17:00:00,Ligue_1,2021/22,Monaco,Saint-Etienne,40,1,1,2,1.0,0.8152528450157345,GOAL_FT,1,,,
17887,2021-09-22 17:00:00,Ligue_1,2021/22,Montpellier,Bordeaux,40,1,2,3,1.0,0.8324064325528328,GOAL_FT,1,,,
17889,2021-09-22 17:00:00,Ligue_1,2021/22,Rennes,Clermont Foot,40,2,0,2,1.0,0.8502494213097445,GOAL_FT,1,,,
17890,2021-09-22 19:00:00,Ligue_1,2021/22,Lorient,Nice,40,1,0,1,0.0,0.8272790248004188,GOAL_FT,0,,,
17891,2021-09-22 17:00:00,Ligue_1,2021/22,Lille,Reims,42,2,0,2,1.0,0.8185011743316687,GOAL_FT,1,,,
17894,2021-09-26 15:00:00,Ligue_1,2021/22,Clermont Foot,Monaco,40,1,1,2,1.0,0.8144661062248106,GOAL_FT,1,,,
17896,2021-09-26 18:45:00,Ligue_1,2021/22,Marseille,Lens,40,1,2,3,1.0,0.8424089384615432,GOAL_FT,1,,,
17897,2021-09-25 19:00:00,Ligue_1,2021/22,Paris Saint Germain,Montpellier,40,1,0,1,1.0,0.8057787140177397,GOAL_FT,1,,,
17899,2021-09-25 15:00:00,Ligue_1,2021/22,Saint-Etienne,Nice,40,0,1,1,1.0,0.822362650667949,GOAL_FT,1,,,
17900,2021-09-25 17:00:00,Ligue_1,2021/22,Strasbourg,Lille,40,0,1,1,1.0,0.8077523152536104,GOAL_FT,1,,,
17901,2021-09-26 13:00:00,Ligue_1,2021/22,Troyes,Angers,40,1,0,1,1.0,0.812972605338646,GOAL_FT,1,,,
17904,2021-10-03 15:00:00,Ligue_1,2021/22,Lille,Marseille,40,1,0,1,1.0,0.8011742831889039,GOAL_FT,1,,,
17909,2021-10-02 19:00:00,Ligue_1,2021/22,Nice,Brest,40,0,0,0,1.0,0.8099446888318899,GOAL_FT,1,,,
17910,2021-10-03 11:00:00,Ligue_1,2021/22,Rennes,Paris Saint Germain,40,0,0,0,1.0,0.8018735200112463,GOAL_FT,1,,,
17911,2021-10-03 18:45:00,Ligue_1,2021/22,Saint-Etienne,Lyon,40,0,0,0,1.0,0.8277783570012672,GOAL_FT,1,,,
17916,2021-10-17 18:45:00,Ligue_1,2021/22,Marseille,Lorient,40,1,1,2,1.0,0.8214454264266314,GOAL_FT,1,,,
17917,2021-10-17 13:00:00,Ligue_1,2021/22,Metz,Rennes,40,0,2,2,1.0,0.8500385223601974,GOAL_FT,1,,,
17918,2021-10-17 15:00:00,Ligue_1,2021/22,Montpellier,Lens,40,0,0,0,1.0,0.833113568559237,GOAL_FT,1,,,
17919,2021-10-15 19:00:00,Ligue_1,2021/22,Paris Saint Germain,Angers,40,0,1,1,1.0,0.8205795728763549,GOAL_FT,1,,,
17921,2021-10-17 11:00:00,Ligue_1,2021/22,Troyes,Nice,40,1,0,1,0.0,0.8014522663685085,GOAL_FT,0,,,
17922,2021-10-24 13:00:00,Ligue_1,2021/22,Lens,Metz,40,2,1,3,1.0,0.8657335271563399,GOAL_FT,1,,,
17923,2021-10-23 19:00:00,Ligue_1,2021/22,Lille,Brest,40,1,1,2,0.0,0.8154081975069476,GOAL_FT,0,,,
17925,2021-10-24 18:45:00,Ligue_1,2021/22,Marseille,Paris Saint Germain,40,0,0,0,0.0,0.8036348507616446,GOAL_FT,0,,,
17926,2021-10-24 15:00:00,Ligue_1,2021/22,Monaco,Montpellier,40,2,0,2,1.0,0.8189815797838429,GOAL_FT,1,,,
17928,2021-10-24 11:00:00,Ligue_1,2021/22,Nice,Lyon,40,0,1,1,1.0,0.8394982513684368,GOAL_FT,1,,,
17929,2021-10-24 13:00:00,Ligue_1,2021/22,Reims,Troyes,40,1,1,2,1.0,0.84808511205875,GOAL_FT,1,,,
17931,2021-10-22 19:00:00,Ligue_1,2021/22,Saint-Etienne,Angers,40,0,1,1,1.0,0.807916647167631,GOAL_FT,1,,,
17933,2021-10-31 14:00:00,Ligue_1,2021/22,Bordeaux,Reims,40,0,1,1,1.0,0.859651423671668,GOAL_FT,1,,,
17936,2021-10-30 19:00:00,Ligue_1,2021/22,Lyon,Lens,40,2,0,2,1.0,0.873162572709201,GOAL_FT,1,,,
17939,2021-10-29 19:00:00,Ligue_1,2021/22,Paris Saint Germain,Lille,40,0,1,1,1.0,0.8228240262949773,GOAL_FT,1,,,
17940,2021-10-31 14:00:00,Ligue_1,2021/22,Strasbourg,Lorient,40,2,0,2,1.0,0.8878927419831559,GOAL_FT,1,,,
17941,2021-10-31 14:00:00,Ligue_1,2021/22,Troyes,Rennes,40,2,1,3,1.0,0.862876751509883,GOAL_FT,1,,,
17942,2021-11-06 20:00:00,Ligue_1,2021/22,Bordeaux,Paris Saint Germain,42,0,2,2,1.0,0.8023074832640987,GOAL_FT,1,,,
17943,2021-11-05 20:00:00,Ligue_1,2021/22,Lens,Troyes,40,3,0,3,1.0,0.8618531971377886,GOAL_FT,1,,,
17944,2021-11-06 16:00:00,Ligue_1,2021/22,Lille,Angers,40,1,0,1,1.0,0.8200754848230747,GOAL_FT,1,,,
17945,2021-11-07 14:00:00,Ligue_1,2021/22,Lorient,Brest,40,1,0,1,1.0,0.8017796958948117,GOAL_FT,1,,,
17947,2021-11-07 14:00:00,Ligue_1,2021/22,Nantes,Strasbourg,40,1,0,1,1.0,0.846565870906517,GOAL_FT,1,,,
17948,2021-11-07 16:00:00,Ligue_1,2021/22,Nice,Montpellier,40,0,0,0,1.0,0.8199562305540875,GOAL_FT,1,,,
17950,2021-11-07 19:45:00,Ligue_1,2021/22,Rennes,Lyon,40,0,0,0,1.0,0.8277270538101731,GOAL_FT,1,,,
17953,2021-11-21 12:00:00,Ligue_1,2021/22,Brest,Lens,40,3,0,3,1.0,0.8412414107202061,GOAL_FT,1,,,
17954,2021-11-21 16:00:00,Ligue_1,2021/22,Clermont Foot,Nice,40,1,0,1,1.0,0.8260156329310498,GOAL_FT,1,,,
17957,2021-11-20 20:00:00,Ligue_1,2021/22,Rennes,Montpellier,40,2,0,2,0.0,0.8070504556181698,GOAL_FT,0,,,
17958,2021-11-21 14:00:00,Ligue_1,2021/22,Strasbourg,Reims,40,0,1,1,1.0,0.8222514140090242,GOAL_FT,1,,,
17959,2021-11-21 14:00:00,Ligue_1,2021/22,Troyes,Saint-Etienne,40,0,0,0,1.0,0.8151901134341918,GOAL_FT,1,,,
17960,2021-11-21 14:00:00,Ligue_1,2021/22,Metz,Bordeaux,40,0,2,2,1.0,0.844047872057498,GOAL_FT,1,,,
17961,2021-11-19 20:00:00,Ligue_1,2021/22,Monaco,Lille,40,1,2,3,1.0,0.8599238047605323,GOAL_FT,1,,,
17962,2021-11-28 12:00:00,Ligue_1,2021/22,Saint-Etienne,Paris Saint Germain,40,1,0,1,1.0,0.8173844973946127,GOAL_FT,1,,,
17964,2021-11-28 14:00:00,Ligue_1,2021/22,Bordeaux,Brest,40,0,0,0,1.0,0.8193304675152946,GOAL_FT,1,,,
17965,2021-11-26 20:00:00,Ligue_1,2021/22,Lens,Angers,40,0,1,1,1.0,0.8604475522714728,GOAL_FT,1,,,
17969,2021-11-28 14:00:00,Ligue_1,2021/22,Monaco,Strasbourg,47,1,1,2,0.0,0.8330938977787996,GOAL_FT,0,,,
17970,2021-11-28 16:00:00,Ligue_1,2021/22,Montpellier,Lyon,40,0,1,1,0.0,0.8001050142874553,GOAL_FT,0,,,
17972,2021-12-01 18:00:00,Ligue_1,2021/22,Angers,Monaco,44,0,2,2,1.0,0.8206102390105287,GOAL_FT,1,,,
17974,2021-12-01 20:00:00,Ligue_1,2021/22,Clermont Foot,Lens,40,1,0,1,1.0,0.8395643674285292,GOAL_FT,1,,,
17976,2021-12-01 18:00:00,Ligue_1,2021/22,Metz,Montpellier,47,0,3,3,1.0,0.8071869967386697,GOAL_FT,1,,,
17978,2021-12-01 20:00:00,Ligue_1,2021/22,Paris Saint Germain,Nice,40,0,0,0,0.0,0.8003895477246342,GOAL_FT,0,,,
17980,2021-12-01 18:00:00,Ligue_1,2021/22,Strasbourg,Bordeaux,40,1,1,2,1.0,0.8428104081438373,GOAL_FT,1,,,
17981,2021-12-01 18:00:00,Ligue_1,2021/22,Troyes,Lorient,40,2,0,2,0.0,0.8098010669725161,GOAL_FT,0,,,
17982,2021-12-04 18:00:00,Ligue_1,2021/22,Lille,Troyes,40,0,1,1,1.0,0.8176864460392668,GOAL_FT,1,,,
17983,2021-12-05 12:00:00,Ligue_1,2021/22,Saint-Etienne,Rennes,40,0,2,2,1.0,0.8183784288382798,GOAL_FT,1,,,
17985,2021-12-05 16:00:00,Ligue_1,2021/22,Nice,Strasbourg,40,0,1,1,1.0,0.81313505833749,GOAL_FT,1,,,
17988,2021-12-05 14:00:00,Ligue_1,2021/22,Monaco,Metz,43,2,0,2,1.0,0.8197905941742923,GOAL_FT,1,,,
17989,2021-12-05 14:00:00,Ligue_1,2021/22,Montpellier,Clermont Foot,40,1,0,1,0.0,0.8125750699750234,GOAL_FT,0,,,
17990,2021-12-05 19:45:00,Ligue_1,2021/22,Bordeaux,Lyon,40,0,2,2,1.0,0.8586342641571079,GOAL_FT,1,,,
17991,2021-12-04 20:00:00,Ligue_1,2021/22,Lens,Paris Saint Germain,40,0,0,0,1.0,0.8004463160105107,GOAL_FT,1,,,
17993,2021-12-12 14:00:00,Ligue_1,2021/22,Rennes,Nice,40,0,1,1,1.0,0.8414789485147873,GOAL_FT,1,,,
17997,2021-12-12 14:00:00,Ligue_1,2021/22,Troyes,Bordeaux,40,1,0,1,1.0,0.8269179795753185,GOAL_FT,1,,,
17998,2021-12-11 20:00:00,Ligue_1,2021/22,Reims,Saint-Etienne,40,1,0,1,1.0,0.8052007608907947,GOAL_FT,1,,,
17999,2021-12-12 19:45:00,Ligue_1,2021/22,Paris Saint Germain,Monaco,40,1,0,1,1.0,0.8249229307767245,GOAL_FT,1,,,
18000,2021-12-10 20:00:00,Ligue_1,2021/22,Nantes,Lens,40,0,2,2,1.0,0.8138812177389158,GOAL_FT,1,,,
18001,2021-12-12 14:00:00,Ligue_1,2021/22,Metz,Lorient,40,2,0,2,1.0,0.837512236572241,GOAL_FT,1,,,
14091,2020-09-12 19:00:00,EPL,2020/21,West Ham,Newcastle United,31,0,0,0,,0.6505859947138419,GOALS_REMAINING_2PLUS,1,1.0,,
14180,2020-09-20 13:30:00,Bundesliga,2020/21,RasenBallsport Leipzig,Mainz 05,30,2,0,2,,0.6557627941431567,GOALS_REMAINING_2PLUS,1,1.0,,
14247,2020-09-27 16:00:00,RFPL,2020/21,FC Rotor Volgograd,Rubin Kazan,30,0,0,0,,0.6597938071589016,GOALS_REMAINING_2PLUS,1,1.0,,
14325,2020-10-31 13:30:00,RFPL,2020/21,Spartak Moscow,FC Rostov,30,0,1,1,,0.6661326945378006,GOALS_REMAINING_2PLUS,0,0.0,,
14391,2021-03-07 13:30:00,RFPL,2020/21,Dinamo Moscow,FC Tambov,30,0,0,0,,0.6503232548491957,GOALS_REMAINING_2PLUS,1,1.0,,
14471,2020-10-04 15:30:00,EPL,2020/21,Manchester United,Tottenham,30,1,3,4,,0.6740032306478325,GOALS_REMAINING_2PLUS,1,1.0,,
14480,2020-10-17 16:30:00,EPL,2020/21,Manchester City,Arsenal,30,1,0,1,,0.6585957431887908,GOALS_REMAINING_2PLUS,0,0.0,,
14481,2020-10-17 19:00:00,EPL,2020/21,Newcastle United,Manchester United,30,0,1,1,,0.6523956357067145,GOALS_REMAINING_2PLUS,1,1.0,,
14575,2020-12-26 17:30:00,EPL,2020/21,Arsenal,Chelsea,30,0,0,0,,0.6614571533394596,GOALS_REMAINING_2PLUS,1,1.0,,
14589,2021-01-13 20:00:00,EPL,2020/21,Tottenham,Fulham,30,1,0,1,,0.6539458670358955,GOALS_REMAINING_2PLUS,0,0.0,,
14668,2021-02-13 15:00:00,EPL,2020/21,Crystal Palace,Burnley,31,0,2,2,,0.6509998664717467,GOALS_REMAINING_2PLUS,0,0.0,,
14688,2021-02-27 20:00:00,EPL,2020/21,Newcastle United,Wolverhampton Wanderers,30,0,0,0,,0.6518312496826438,GOALS_REMAINING_2PLUS,1,1.0,,
14729,2021-04-03 14:00:00,EPL,2020/21,Leeds,Sheffield United,30,1,0,1,,0.6574426858331279,GOALS_REMAINING_2PLUS,1,1.0,,
14780,2021-05-08 19:15:00,EPL,2020/21,Liverpool,Southampton,30,1,0,1,,0.6545855479945406,GOALS_REMAINING_2PLUS,0,0.0,,
14813,2021-05-23 15:00:00,EPL,2020/21,West Ham,Southampton,30,1,0,1,,0.6730732220298313,GOALS_REMAINING_2PLUS,1,1.0,,
14860,2020-11-08 15:15:00,La_liga,2020/21,Real Sociedad,Granada,30,2,0,2,,0.6766202232285204,GOALS_REMAINING_2PLUS,0,0.0,,
14931,2020-12-30 16:00:00,La_liga,2020/21,Granada,Valencia,32,0,0,0,,0.6522666762879874,GOALS_REMAINING_2PLUS,1,1.0,,
15103,2021-04-18 19:00:00,La_liga,2020/21,Getafe,Real Madrid,30,0,0,0,,0.6547273823316915,GOALS_REMAINING_2PLUS,0,0.0,,
15205,2020-11-21 14:30:00,Bundesliga,2020/21,Hoffenheim,VfB Stuttgart,30,1,2,3,,0.6649559212136757,GOALS_REMAINING_2PLUS,1,1.0,,
15217,2020-11-28 14:30:00,Bundesliga,2020/21,Union Berlin,Eintracht Frankfurt,31,2,1,3,,0.652320799455877,GOALS_REMAINING_2PLUS,1,1.0,,
15226,2020-12-06 17:00:00,Bundesliga,2020/21,Schalke 04,Bayer Leverkusen,30,0,0,0,,0.6547922958598286,GOALS_REMAINING_2PLUS,1,1.0,,
15244,2020-12-15 19:30:00,Bundesliga,2020/21,VfB Stuttgart,Union Berlin,30,0,1,1,,0.6548769727292967,GOALS_REMAINING_2PLUS,1,1.0,,
15273,2021-01-10 14:30:00,Bundesliga,2020/21,Augsburg,VfB Stuttgart,30,0,2,2,,0.6570901835388587,GOALS_REMAINING_2PLUS,1,1.0,,
15289,2021-01-20 17:30:00,Bundesliga,2020/21,Schalke 04,FC Cologne,30,0,1,1,,0.6515262532874618,GOALS_REMAINING_2PLUS,1,1.0,,
15298,2021-01-24 14:30:00,Bundesliga,2020/21,Schalke 04,Bayern Munich,30,0,0,0,,0.6683177823578426,GOALS_REMAINING_2PLUS,1,1.0,,
15312,2021-02-06 14:30:00,Bundesliga,2020/21,Bayer Leverkusen,VfB Stuttgart,30,2,0,2,,0.6593523420624419,GOALS_REMAINING_2PLUS,1,1.0,,
15363,2021-03-13 14:30:00,Bundesliga,2020/21,Werder Bremen,Bayern Munich,30,0,1,1,,0.6514270399885634,GOALS_REMAINING_2PLUS,1,1.0,,
15402,2021-04-21 18:30:00,Bundesliga,2020/21,Borussia Dortmund,Union Berlin,31,1,0,1,,0.6556799232654388,GOALS_REMAINING_2PLUS,0,0.0,,
15403,2021-04-21 18:30:00,Bundesliga,2020/21,Hoffenheim,Borussia M.Gladbach,30,0,1,1,,0.656105718193078,GOALS_REMAINING_2PLUS,1,1.0,,
15437,2021-05-22 13:30:00,Bundesliga,2020/21,Bayern Munich,Augsburg,30,1,0,1,,0.6738900681921577,GOALS_REMAINING_2PLUS,1,1.0,,
15492,2020-11-08 19:45:00,Serie_A,2020/21,AC Milan,Verona,30,0,2,2,,0.651963050563046,GOALS_REMAINING_2PLUS,1,1.0,,
15568,2021-01-03 14:00:00,Serie_A,2020/21,Cagliari,Napoli,30,0,1,1,,0.675186659528701,GOALS_REMAINING_2PLUS,1,1.0,,
15594,2021-01-10 14:00:00,Serie_A,2020/21,Udinese,Napoli,30,1,1,2,,0.6500766984034384,GOALS_REMAINING_2PLUS,0,0.0,,
15730,2021-04-18 13:00:00,Serie_A,2020/21,Atalanta,Juventus,30,0,0,0,,0.6513939429020711,GOALS_REMAINING_2PLUS,0,0.0,,
15831,2020-10-24 19:00:00,Ligue_1,2020/21,Paris Saint Germain,Dijon,30,2,0,2,,0.6729507376839599,GOALS_REMAINING_2PLUS,1,1.0,,
15844,2020-11-01 20:00:00,Ligue_1,2020/21,Lille,Lyon,30,1,0,1,,0.6531024498452535,GOALS_REMAINING_2PLUS,0,0.0,,
15859,2020-11-22 20:00:00,Ligue_1,2020/21,Lille,Lorient,30,1,0,1,,0.6573482525577041,GOALS_REMAINING_2PLUS,1,1.0,,
15936,2021-01-09 20:00:00,Ligue_1,2020/21,Bordeaux,Lorient,30,1,1,2,,0.6546468567403687,GOALS_REMAINING_2PLUS,0,0.0,,
16006,2021-02-19 20:00:00,Ligue_1,2020/21,Brest,Lyon,30,0,2,2,,0.654942596141208,GOALS_REMAINING_2PLUS,1,1.0,,
16048,2021-03-21 14:00:00,Ligue_1,2020/21,Montpellier,Bordeaux,30,0,1,1,,0.6703056712587813,GOALS_REMAINING_2PLUS,1,1.0,,
16189,2021-09-12 13:30:00,RFPL,2021/22,PFC Sochi,FC Ufa,30,1,0,1,,0.6569027055728541,GOALS_REMAINING_2PLUS,1,1.0,,
16244,2021-11-07 16:00:00,RFPL,2021/22,FK Akhmat,Nizhny Novgorod,30,0,0,0,,0.6511131039193214,GOALS_REMAINING_2PLUS,1,1.0,,
16266,2021-12-04 11:00:00,RFPL,2021/22,Krylya Sovetov Samara,CSKA Moscow,30,0,0,0,,0.6664844470241302,GOALS_REMAINING_2PLUS,0,0.0,,
16384,2021-08-15 13:00:00,EPL,2021/22,Newcastle United,West Ham,30,1,1,2,,0.6733255776860559,GOALS_REMAINING_2PLUS,1,1.0,,
16410,2021-09-11 14:00:00,EPL,2021/22,Manchester United,Newcastle United,30,0,0,0,,0.6746144489595374,GOALS_REMAINING_2PLUS,1,1.0,,
16431,2021-09-25 11:30:00,EPL,2021/22,Manchester United,Aston Villa,30,0,0,0,,0.6592023811304449,GOALS_REMAINING_2PLUS,0,0.0,,
16808,2021-09-25 16:00:00,Serie_A,2021/22,Inter,Atalanta,30,1,1,2,,0.6531438772151268,GOALS_REMAINING_2PLUS,1,1.0,,
16833,2021-10-16 13:00:00,Serie_A,2021/22,Spezia,Salernitana,30,0,0,0,,0.6545523333551232,GOALS_REMAINING_2PLUS,1,1.0,,
16839,2021-10-24 13:00:00,Serie_A,2021/22,Verona,Lazio,30,1,0,1,,0.6556412194237841,GOALS_REMAINING_2PLUS,1,1.0,,
16884,2021-11-21 11:30:00,Serie_A,2021/22,Sassuolo,Cagliari,30,0,0,0,,0.6523081848928723,GOALS_REMAINING_2PLUS,1,1.0,,
17268,2021-11-20 13:00:00,La_liga,2021/22,Celta Vigo,Villarreal,31,0,1,1,,0.6508610053055095,GOALS_REMAINING_2PLUS,0,0.0,,
17571,2021-10-03 17:30:00,Bundesliga,2021/22,Arminia Bielefeld,Bayer Leverkusen,30,0,2,2,,0.6510124165551138,GOALS_REMAINING_2PLUS,1,1.0,,
17597,2021-10-30 13:30:00,Bundesliga,2021/22,Arminia Bielefeld,Mainz 05,30,0,1,1,,0.652154183599514,GOALS_REMAINING_2PLUS,1,1.0,,
17863,2021-09-11 15:00:00,Ligue_1,2021/22,Paris Saint Germain,Clermont Foot,30,2,0,2,,0.6525861050051853,GOALS_REMAINING_2PLUS,1,1.0,,
17980,2021-12-01 18:00:00,Ligue_1,2021/22,Strasbourg,Bordeaux,30,1,1,2,,0.6513738728648065,GOALS_REMAINING_2PLUS,1,1.0,,
13982,2020-08-23 11:00:00,Ligue_1,2020/21,Monaco,Reims,40,0,2,2,,0.7003882016046125,HOME_GOAL_FT,1,,1.0,
13990,2020-08-28 19:00:00,Ligue_1,2020/21,Lyon,Dijon,40,1,1,2,,0.6965889300819355,HOME_GOAL_FT,1,,1.0,
13992,2020-08-30 13:00:00,Ligue_1,2020/21,Nantes,Nimes,40,2,0,2,,0.6567679184692286,HOME_GOAL_FT,0,,0.0,
13994,2020-08-29 15:00:00,Ligue_1,2020/21,Rennes,Montpellier,40,0,0,0,,0.6443668663657335,HOME_GOAL_FT,1,,1.0,
13995,2020-08-30 13:00:00,Ligue_1,2020/21,Saint-Etienne,Lorient,40,1,0,1,,0.6331574503719649,HOME_GOAL_FT,1,,1.0,
14005,2020-08-14 15:00:00,RFPL,2020/21,Arsenal Tula,FC Ufa,40,1,0,1,,0.6493763061703476,HOME_GOAL_FT,1,,1.0,
14007,2020-08-14 17:00:00,RFPL,2020/21,Spartak Moscow,FK Akhmat,40,0,0,0,,0.6288491640088428,HOME_GOAL_FT,1,,1.0,
14008,2020-08-15 12:30:00,RFPL,2020/21,Rubin Kazan,Ural,40,1,1,2,,0.6265594031835097,HOME_GOAL_FT,0,,0.0,
14015,2020-08-18 17:00:00,RFPL,2020/21,FC Krasnodar,Arsenal Tula,40,1,0,1,,0.6319357979666649,HOME_GOAL_FT,1,,1.0,
14018,2020-08-19 15:00:00,RFPL,2020/21,FK Akhmat,FC Rotor Volgograd,49,1,0,1,,0.6351949306554706,HOME_GOAL_FT,1,,1.0,
14024,2020-08-22 15:00:00,RFPL,2020/21,Zenit St. Petersburg,FC Tambov,40,1,0,1,,0.6724214488855617,HOME_GOAL_FT,1,,1.0,
14025,2020-08-22 17:00:00,RFPL,2020/21,CSKA Moscow,Rubin Kazan,40,1,1,2,,0.6459221269940594,HOME_GOAL_FT,0,,0.0,
14030,2020-08-25 17:30:00,RFPL,2020/21,Arsenal Tula,Khimki,40,0,1,1,,0.6437694018913386,HOME_GOAL_FT,1,,1.0,
14031,2020-08-26 15:30:00,RFPL,2020/21,Rubin Kazan,FC Ufa,40,0,0,0,,0.634205585326965,HOME_GOAL_FT,1,,1.0,
14089,2021-01-20 20:00:00,EPL,2020/21,Manchester City,Aston Villa,40,0,0,0,,0.704265354279695,HOME_GOAL_FT,1,,1.0,
14090,2020-09-12 16:30:00,EPL,2020/21,Liverpool,Leeds,40,3,2,5,,0.7030423929093951,HOME_GOAL_FT,1,,1.0,
14096,2020-09-19 11:30:00,EPL,2020/21,Everton,West Bromwich Albion,40,1,1,2,,0.6524423621855139,HOME_GOAL_FT,1,,1.0,
14100,2020-09-20 11:00:00,EPL,2020/21,Southampton,Tottenham,40,1,0,1,,0.6564111291627315,HOME_GOAL_FT,1,,1.0,
14106,2020-09-26 11:30:00,EPL,2020/21,Brighton,Manchester United,40,1,0,1,,0.6426866182101357,HOME_GOAL_FT,1,,1.0,
14111,2020-09-27 13:00:00,EPL,2020/21,Tottenham,Newcastle United,40,1,0,1,,0.7448015631300905,HOME_GOAL_FT,0,,0.0,
14113,2020-09-27 18:00:00,EPL,2020/21,West Ham,Wolverhampton Wanderers,40,1,0,1,,0.6294209751147504,HOME_GOAL_FT,1,,1.0,
14115,2020-09-28 19:15:00,EPL,2020/21,Liverpool,Arsenal,40,2,1,3,,0.7129634268407113,HOME_GOAL_FT,1,,1.0,
14120,2020-09-20 16:00:00,Serie_A,2020/21,Sassuolo,Cagliari,40,0,0,0,,0.6891050643608092,HOME_GOAL_FT,1,,1.0,
14122,2020-09-21 18:45:00,Serie_A,2020/21,AC Milan,Bologna,40,1,0,1,,0.6283183745506269,HOME_GOAL_FT,1,,1.0,
14128,2020-09-27 16:00:00,Serie_A,2020/21,Napoli,Genoa,40,1,0,1,,0.6289072350501802,HOME_GOAL_FT,1,,1.0,
14140,2020-09-13 14:00:00,La_liga,2020/21,Real Valladolid,Real Sociedad,40,1,0,1,,0.6272957589913123,HOME_GOAL_FT,0,,0.0,
14142,2021-02-09 20:00:00,La_liga,2020/21,Real Madrid,Getafe,40,0,0,0,,0.6568603295939975,HOME_GOAL_FT,1,,1.0,
14147,2020-09-19 19:00:00,La_liga,2020/21,Celta Vigo,Valencia,40,1,0,1,,0.661966922297388,HOME_GOAL_FT,1,,1.0,
14151,2020-09-20 16:30:00,La_liga,2020/21,Granada,Alaves,40,1,1,2,,0.6473209212400798,HOME_GOAL_FT,1,,1.0,
14153,2020-09-20 16:30:00,La_liga,2020/21,Real Betis,Real Valladolid,40,2,0,2,,0.626911977480142,HOME_GOAL_FT,0,,0.0,
14155,2020-09-27 14:00:00,La_liga,2020/21,Atletico Madrid,Granada,40,1,0,1,,0.6337111748182233,HOME_GOAL_FT,1,,1.0,
14156,2020-09-27 19:00:00,La_liga,2020/21,Barcelona,Villarreal,40,3,0,3,,0.7155580353079992,HOME_GOAL_FT,1,,1.0,
14157,2020-09-26 19:00:00,La_liga,2020/21,Real Betis,Real Madrid,43,2,1,3,,0.6286894199273776,HOME_GOAL_FT,0,,0.0,
14173,2020-09-18 18:30:00,Bundesliga,2020/21,Bayern Munich,Schalke 04,40,3,0,3,,0.7104753631928483,HOME_GOAL_FT,1,,1.0,
14174,2020-09-19 13:30:00,Bundesliga,2020/21,Eintracht Frankfurt,Arminia Bielefeld,40,0,0,0,,0.6507891815670127,HOME_GOAL_FT,1,,1.0,
14180,2020-09-20 13:30:00,Bundesliga,2020/21,RasenBallsport Leipzig,Mainz 05,40,2,0,2,,0.6802130786658181,HOME_GOAL_FT,1,,1.0,
14181,2020-09-20 16:00:00,Bundesliga,2020/21,Wolfsburg,Bayer Leverkusen,41,0,0,0,,0.6318373770826259,HOME_GOAL_FT,0,,0.0,
14192,2020-09-12 15:00:00,Ligue_1,2020/21,Montpellier,Nice,40,1,0,1,,0.6586034774432252,HOME_GOAL_FT,1,,1.0,
14197,2020-09-13 13:00:00,Ligue_1,2020/21,Angers,Reims,40,0,0,0,,0.6451621851976829,HOME_GOAL_FT,1,,1.0,
14202,2020-09-16 19:00:00,Ligue_1,2020/21,Paris Saint Germain,Metz,40,0,0,0,,0.6698779960432024,HOME_GOAL_FT,1,,1.0,
14205,2020-09-19 15:00:00,Ligue_1,2020/21,Lens,Bordeaux,40,0,0,0,,0.6840056752902031,HOME_GOAL_FT,1,,1.0,
14208,2020-09-20 13:00:00,Ligue_1,2020/21,Strasbourg,Dijon,40,0,0,0,,0.6410498657647314,HOME_GOAL_FT,1,,1.0,
14220,2020-09-27 13:00:00,Ligue_1,2020/21,Monaco,Strasbourg,40,1,0,1,,0.6281831981198788,HOME_GOAL_FT,1,,1.0,
14227,2020-09-12 16:00:00,RFPL,2020/21,FK Akhmat,PFC Sochi,40,0,1,1,,0.6427038108766763,HOME_GOAL_FT,0,,0.0,
14228,2020-09-13 13:30:00,RFPL,2020/21,Dinamo Moscow,Rubin Kazan,40,0,1,1,,0.6445269245853431,HOME_GOAL_FT,0,,0.0,
14231,2020-09-14 15:30:00,RFPL,2020/21,Zenit St. Petersburg,Arsenal Tula,40,2,0,2,,0.6882200347695016,HOME_GOAL_FT,1,,1.0,
14233,2020-09-18 17:00:00,RFPL,2020/21,FC Krasnodar,Khimki,40,2,1,3,,0.6880787991552324,HOME_GOAL_FT,1,,1.0,
14238,2020-09-20 13:30:00,RFPL,2020/21,Rubin Kazan,Spartak Moscow,40,0,1,1,,0.6477656368261443,HOME_GOAL_FT,0,,0.0,
14242,2020-09-26 13:30:00,RFPL,2020/21,Zenit St. Petersburg,FC Ufa,40,2,0,2,,0.6868387970704727,HOME_GOAL_FT,1,,1.0,
14245,2020-09-27 13:30:00,RFPL,2020/21,FK Akhmat,Ural,40,1,0,1,,0.7521259751462674,HOME_GOAL_FT,1,,1.0,
14301,2020-10-04 11:00:00,RFPL,2020/21,Lokomotiv Moscow,Khimki,40,1,0,1,,0.6289925723121601,HOME_GOAL_FT,1,,1.0,
14305,2020-10-18 13:30:00,RFPL,2020/21,CSKA Moscow,Dinamo Moscow,40,0,0,0,,0.6271184552714839,HOME_GOAL_FT,1,,1.0,
14311,2020-10-17 16:00:00,RFPL,2020/21,Khimki,Spartak Moscow,40,0,0,0,,0.6731557826052059,HOME_GOAL_FT,1,,1.0,
14312,2020-10-18 11:00:00,RFPL,2020/21,FC Rotor Volgograd,FC Tambov,41,0,0,0,,0.6276568335754582,HOME_GOAL_FT,0,,0.0,
14315,2020-10-24 11:00:00,RFPL,2020/21,Dinamo Moscow,PFC Sochi,40,2,1,3,,0.6511348183926112,HOME_GOAL_FT,1,,1.0,
14316,2020-10-26 16:00:00,RFPL,2020/21,CSKA Moscow,Arsenal Tula,40,0,0,0,,0.6517590900405429,HOME_GOAL_FT,1,,1.0,
14322,2020-10-31 16:00:00,RFPL,2020/21,PFC Sochi,Lokomotiv Moscow,40,2,0,2,,0.7082036776698594,HOME_GOAL_FT,0,,0.0,
14335,2020-11-08 13:30:00,RFPL,2020/21,CSKA Moscow,FC Rostov,40,1,0,1,,0.6702653132448287,HOME_GOAL_FT,1,,1.0,
14340,2020-11-21 11:00:00,RFPL,2020/21,FC Krasnodar,FC Tambov,40,1,0,1,,0.653642255294764,HOME_GOAL_FT,0,,0.0,
14344,2020-11-23 14:00:00,RFPL,2020/21,FC Ufa,Khimki,40,0,2,2,,0.6439496791748415,HOME_GOAL_FT,1,,1.0,
14347,2020-11-29 11:00:00,RFPL,2020/21,FC Ufa,FC Tambov,45,2,0,2,,0.6272562897805843,HOME_GOAL_FT,1,,1.0,
14350,2020-11-28 16:00:00,RFPL,2020/21,FK Akhmat,Lokomotiv Moscow,40,0,0,0,,0.6399203615037679,HOME_GOAL_FT,0,,0.0,
14352,2020-11-29 16:00:00,RFPL,2020/21,Spartak Moscow,FC Rotor Volgograd,40,1,0,1,,0.6543412491505275,HOME_GOAL_FT,1,,1.0,
14354,2020-12-05 16:00:00,RFPL,2020/21,Zenit St. Petersburg,Ural,40,3,0,3,,0.6837371857881354,HOME_GOAL_FT,1,,1.0,
14355,2020-12-05 13:30:00,RFPL,2020/21,Spartak Moscow,FC Tambov,46,1,0,1,,0.6287023590648605,HOME_GOAL_FT,1,,1.0,
14357,2020-12-06 13:30:00,RFPL,2020/21,Dinamo Moscow,Arsenal Tula,44,1,0,1,,0.636178100478144,HOME_GOAL_FT,0,,0.0,
14358,2020-12-06 16:00:00,RFPL,2020/21,CSKA Moscow,Khimki,40,1,0,1,,0.7150440647955629,HOME_GOAL_FT,1,,1.0,
14368,2020-12-13 13:30:00,RFPL,2020/21,FC Krasnodar,Lokomotiv Moscow,40,2,0,2,,0.6480024786611882,HOME_GOAL_FT,1,,1.0,
14376,2020-12-16 17:00:00,RFPL,2020/21,Zenit St. Petersburg,Spartak Moscow,40,1,0,1,,0.7181281202966987,HOME_GOAL_FT,1,,1.0,
14391,2021-03-07 13:30:00,RFPL,2020/21,Dinamo Moscow,FC Tambov,40,1,0,1,,0.7085718146315596,HOME_GOAL_FT,1,,1.0,
14392,2021-03-06 11:00:00,RFPL,2020/21,CSKA Moscow,FK Akhmat,40,1,0,1,,0.643605395199967,HOME_GOAL_FT,1,,1.0,
14406,2021-03-18 16:00:00,RFPL,2020/21,Spartak Moscow,Ural,40,2,0,2,,0.7011068989982663,HOME_GOAL_FT,1,,1.0,
14408,2021-03-19 16:00:00,RFPL,2020/21,PFC Sochi,FC Tambov,40,0,0,0,,0.6459513808888447,HOME_GOAL_FT,1,,1.0,
14414,2021-04-05 16:00:00,RFPL,2020/21,Zenit St. Petersburg,Khimki,46,1,0,1,,0.6398578978171777,HOME_GOAL_FT,1,,1.0,
14416,2021-04-03 16:00:00,RFPL,2020/21,Dinamo Moscow,FC Ufa,40,2,0,2,,0.6411910668061157,HOME_GOAL_FT,1,,1.0,
14417,2021-04-10 11:00:00,RFPL,2020/21,Khimki,FC Tambov,40,0,0,0,,0.6392076350380577,HOME_GOAL_FT,1,,1.0,
14422,2021-04-11 13:30:00,RFPL,2020/21,Dinamo Moscow,Ural,40,0,0,0,,0.6293446803810554,HOME_GOAL_FT,1,,1.0,
14423,2021-04-12 16:00:00,RFPL,2020/21,CSKA Moscow,FC Rotor Volgograd,40,0,0,0,,0.66827732449489,HOME_GOAL_FT,1,,1.0,
14427,2021-04-18 11:00:00,RFPL,2020/21,Arsenal Tula,FC Tambov,40,2,0,2,,0.7153361740609677,HOME_GOAL_FT,1,,1.0,
14432,2021-04-18 13:30:00,RFPL,2020/21,PFC Sochi,CSKA Moscow,40,1,0,1,,0.7186426038072353,HOME_GOAL_FT,1,,1.0,
14437,2021-04-24 16:00:00,RFPL,2020/21,Dinamo Moscow,Khimki,40,0,0,0,,0.6800240192384869,HOME_GOAL_FT,0,,0.0,
14439,2021-04-25 13:30:00,RFPL,2020/21,Spartak Moscow,CSKA Moscow,47,0,0,0,,0.6356181446249115,HOME_GOAL_FT,1,,1.0,
14440,2021-04-24 13:30:00,RFPL,2020/21,Zenit St. Petersburg,FC Rotor Volgograd,40,0,0,0,,0.6965095461960162,HOME_GOAL_FT,1,,1.0,
14442,2021-05-02 13:30:00,RFPL,2020/21,FC Rostov,FC Tambov,40,0,0,0,,0.710905880957591,HOME_GOAL_FT,1,,1.0,
14443,2021-05-02 16:00:00,RFPL,2020/21,Zenit St. Petersburg,Lokomotiv Moscow,40,2,0,2,,0.6520576190494083,HOME_GOAL_FT,1,,1.0,
14455,2021-05-07 15:00:00,RFPL,2020/21,FK Akhmat,FC Tambov,40,2,0,2,,0.6774470187680383,HOME_GOAL_FT,1,,1.0,
14461,2021-05-16 11:00:00,RFPL,2020/21,FC Rostov,FC Krasnodar,40,0,0,0,,0.657599645890583,HOME_GOAL_FT,1,,1.0,
14467,2020-10-03 11:30:00,EPL,2020/21,Chelsea,Crystal Palace,40,0,0,0,,0.6272366559199931,HOME_GOAL_FT,1,,1.0,
14473,2020-10-04 11:00:00,EPL,2020/21,Southampton,West Bromwich Albion,40,1,0,1,,0.6465596635398969,HOME_GOAL_FT,1,,1.0,
14475,2020-10-17 14:00:00,EPL,2020/21,Chelsea,Southampton,40,2,0,2,,0.6490890601409003,HOME_GOAL_FT,1,,1.0,
14478,2020-10-19 19:00:00,EPL,2020/21,Leeds,Wolverhampton Wanderers,40,0,0,0,,0.6639173585694855,HOME_GOAL_FT,0,,0.0,
14480,2020-10-17 16:30:00,EPL,2020/21,Manchester City,Arsenal,40,1,0,1,,0.6533866061542588,HOME_GOAL_FT,0,,0.0,
14485,2020-10-25 19:15:00,EPL,2020/21,Arsenal,Leicester,40,0,0,0,,0.6572568309813952,HOME_GOAL_FT,0,,0.0,
14490,2020-10-24 19:00:00,EPL,2020/21,Liverpool,Sheffield United,40,1,1,2,,0.6256727166682803,HOME_GOAL_FT,1,,1.0,
14499,2020-10-31 17:30:00,EPL,2020/21,Liverpool,West Ham,41,1,1,2,,0.627488231554331,HOME_GOAL_FT,1,,1.0,
14504,2020-10-30 20:00:00,EPL,2020/21,Wolverhampton Wanderers,Crystal Palace,40,2,0,2,,0.6261429709002998,HOME_GOAL_FT,0,,0.0,
14505,2020-11-08 19:15:00,EPL,2020/21,Arsenal,Aston Villa,40,0,0,0,,0.6444394810960862,HOME_GOAL_FT,0,,0.0,
14506,2020-11-06 17:30:00,EPL,2020/21,Brighton,Burnley,40,0,0,0,,0.6868466933604827,HOME_GOAL_FT,0,,0.0,
14507,2020-11-07 17:30:00,EPL,2020/21,Chelsea,Sheffield United,40,2,1,3,,0.6440152078692497,HOME_GOAL_FT,1,,1.0,
14510,2020-11-08 14:00:00,EPL,2020/21,Leicester,Wolverhampton Wanderers,40,1,0,1,,0.6392601155156529,HOME_GOAL_FT,0,,0.0,
14515,2020-11-21 15:00:00,EPL,2020/21,Aston Villa,Brighton,40,0,1,1,,0.6510467740687296,HOME_GOAL_FT,1,,1.0,
14518,2020-11-22 16:30:00,EPL,2020/21,Leeds,Arsenal,40,0,0,0,,0.6856989043079598,HOME_GOAL_FT,0,,0.0,
14519,2020-11-22 19:15:00,EPL,2020/21,Liverpool,Leicester,40,1,0,1,,0.6692414252693378,HOME_GOAL_FT,1,,1.0,
14524,2020-11-23 20:00:00,EPL,2020/21,Wolverhampton Wanderers,Southampton,40,0,0,0,,0.6376461393786942,HOME_GOAL_FT,1,,1.0,
14527,2020-11-28 20:00:00,EPL,2020/21,West Bromwich Albion,Sheffield United,40,1,0,1,,0.6259774420082312,HOME_GOAL_FT,0,,0.0,
14528,2020-11-28 12:30:00,EPL,2020/21,Brighton,Liverpool,40,0,0,0,,0.6293398422074212,HOME_GOAL_FT,1,,1.0,
14533,2020-11-28 15:00:00,EPL,2020/21,Manchester City,Burnley,40,3,0,3,,0.6636280791692835,HOME_GOAL_FT,1,,1.0,
14540,2020-12-05 15:00:00,EPL,2020/21,Manchester City,Fulham,40,2,0,2,,0.68600312245241,HOME_GOAL_FT,0,,0.0,
14544,2020-12-05 17:30:00,EPL,2020/21,West Ham,Manchester United,40,1,0,1,,0.7074680947348626,HOME_GOAL_FT,0,,0.0,
14551,2020-12-13 12:00:00,EPL,2020/21,Southampton,Sheffield United,40,1,0,1,,0.6856275367687181,HOME_GOAL_FT,1,,1.0,
14553,2020-12-13 19:15:00,EPL,2020/21,Leicester,Brighton,40,2,0,2,,0.6302923591756956,HOME_GOAL_FT,1,,1.0,
14554,2020-12-13 19:15:00,EPL,2020/21,Arsenal,Burnley,40,0,0,0,,0.6332992081111154,HOME_GOAL_FT,0,,0.0,
14556,2020-12-17 18:00:00,EPL,2020/21,Aston Villa,Burnley,40,0,0,0,,0.6524932595345889,HOME_GOAL_FT,0,,0.0,
14558,2020-12-16 18:00:00,EPL,2020/21,Leeds,Newcastle United,40,1,1,2,,0.7148408481217645,HOME_GOAL_FT,1,,1.0,
14563,2020-12-16 20:00:00,EPL,2020/21,Liverpool,Tottenham,40,1,1,2,,0.6589964930963029,HOME_GOAL_FT,1,,1.0,
14570,2020-12-20 16:30:00,EPL,2020/21,Manchester United,Leeds,43,4,1,5,,0.6285827113989604,HOME_GOAL_FT,1,,1.0,
14576,2020-12-26 15:00:00,EPL,2020/21,Aston Villa,Crystal Palace,40,1,0,1,,0.7020688619814897,HOME_GOAL_FT,1,,1.0,
14580,2020-12-27 16:30:00,EPL,2020/21,Liverpool,West Bromwich Albion,40,1,0,1,,0.6622240569186231,HOME_GOAL_FT,0,,0.0,
14581,2020-12-26 20:00:00,EPL,2020/21,Manchester City,Newcastle United,40,1,0,1,,0.6251408375779206,HOME_GOAL_FT,1,,1.0,
14585,2020-12-29 18:00:00,EPL,2020/21,Brighton,Arsenal,40,0,0,0,,0.6438880723141782,HOME_GOAL_FT,0,,0.0,
14586,2020-12-28 17:30:00,EPL,2020/21,Chelsea,Aston Villa,40,1,0,1,,0.6309778679387875,HOME_GOAL_FT,0,,0.0,
14589,2021-01-13 20:00:00,EPL,2020/21,Tottenham,Fulham,40,1,0,1,,0.6737118624630909,HOME_GOAL_FT,0,,0.0,
14596,2021-01-01 20:00:00,EPL,2020/21,Manchester United,Aston Villa,40,1,0,1,,0.6614856049200333,HOME_GOAL_FT,1,,1.0,
14610,2021-01-12 18:00:00,EPL,2020/21,Sheffield United,Newcastle United,40,0,0,0,,0.6508559240045062,HOME_GOAL_FT,1,,1.0,
14613,2021-01-21 20:00:00,EPL,2020/21,Liverpool,Burnley,40,0,0,0,,0.6482710014751254,HOME_GOAL_FT,0,,0.0,
14614,2021-01-13 18:00:00,EPL,2020/21,Manchester City,Brighton,40,0,0,0,,0.6577598237074107,HOME_GOAL_FT,1,,1.0,
14620,2021-01-17 16:30:00,EPL,2020/21,Liverpool,Manchester United,40,0,0,0,,0.6495592386691248,HOME_GOAL_FT,0,,0.0,
14621,2021-01-17 19:15:00,EPL,2020/21,Manchester City,Crystal Palace,40,1,0,1,,0.646452857231267,HOME_GOAL_FT,1,,1.0,
14625,2021-01-27 19:30:00,EPL,2020/21,Brighton,Fulham,40,0,0,0,,0.6287926579693202,HOME_GOAL_FT,0,,0.0,
14636,2021-01-31 19:15:00,EPL,2020/21,Brighton,Tottenham,40,1,0,1,,0.6458301436518661,HOME_GOAL_FT,0,,0.0,
14637,2021-01-31 12:00:00,EPL,2020/21,Chelsea,Burnley,40,1,0,1,,0.6772245907143769,HOME_GOAL_FT,1,,1.0,
14651,2021-02-02 20:15:00,EPL,2020/21,Manchester United,Southampton,40,3,0,3,,0.6845081712486385,HOME_GOAL_FT,1,,1.0,
14652,2021-02-02 20:15:00,EPL,2020/21,Newcastle United,Crystal Palace,40,1,2,3,,0.6677810843305317,HOME_GOAL_FT,0,,0.0,
14656,2021-02-06 15:00:00,EPL,2020/21,Burnley,Brighton,40,0,1,1,,0.6657031204907652,HOME_GOAL_FT,1,,1.0,
14658,2021-02-08 20:00:00,EPL,2020/21,Leeds,Crystal Palace,40,1,0,1,,0.64432296310863,HOME_GOAL_FT,1,,1.0,
14663,2021-02-07 12:00:00,EPL,2020/21,Tottenham,West Bromwich Albion,40,0,0,0,,0.6337860705972896,HOME_GOAL_FT,1,,1.0,
14665,2021-02-14 16:30:00,EPL,2020/21,Arsenal,Leeds,40,2,0,2,,0.6313091966232275,HOME_GOAL_FT,1,,1.0,
14666,2021-02-13 20:00:00,EPL,2020/21,Brighton,Aston Villa,40,0,0,0,,0.7014065876001548,HOME_GOAL_FT,0,,0.0,
14667,2021-02-15 20:00:00,EPL,2020/21,Chelsea,Newcastle United,40,2,0,2,,0.7081618157646424,HOME_GOAL_FT,0,,0.0,
14671,2021-02-13 17:30:00,EPL,2020/21,Manchester City,Tottenham,41,1,0,1,,0.6643091476434917,HOME_GOAL_FT,1,,1.0,
14674,2021-02-15 18:00:00,EPL,2020/21,West Ham,Sheffield United,40,1,0,1,,0.6427538600227873,HOME_GOAL_FT,1,,1.0,
14677,2021-02-22 20:00:00,EPL,2020/21,Brighton,Crystal Palace,46,0,1,1,,0.6265143221255467,HOME_GOAL_FT,1,,1.0,
14686,2021-03-01 20:00:00,EPL,2020/21,Everton,Southampton,40,1,0,1,,0.6264674632277891,HOME_GOAL_FT,0,,0.0,
14693,2021-02-28 14:00:00,EPL,2020/21,Tottenham,Burnley,40,3,0,3,,0.637023274552207,HOME_GOAL_FT,1,,1.0,
14698,2021-03-08 18:00:00,EPL,2020/21,Chelsea,Everton,40,0,0,0,,0.632680833945758,HOME_GOAL_FT,1,,1.0,
14702,2021-03-07 19:15:00,EPL,2020/21,Tottenham,Crystal Palace,40,1,0,1,,0.6393625003668679,HOME_GOAL_FT,1,,1.0,
14704,2021-03-08 20:00:00,EPL,2020/21,West Ham,Leeds,40,2,0,2,,0.699666132207115,HOME_GOAL_FT,0,,0.0,
14705,2021-03-14 16:30:00,EPL,2020/21,Arsenal,Tottenham,40,0,1,1,,0.6581278441717815,HOME_GOAL_FT,1,,1.0,
14707,2021-03-13 17:30:00,EPL,2020/21,Everton,Burnley,40,1,2,3,,0.6288778542336281,HOME_GOAL_FT,0,,0.0,
14710,2021-03-14 14:00:00,EPL,2020/21,Leicester,Sheffield United,40,1,0,1,,0.6561655302189984,HOME_GOAL_FT,1,,1.0,
14711,2021-03-14 19:15:00,EPL,2020/21,Manchester United,West Ham,40,0,0,0,,0.6649537430950307,HOME_GOAL_FT,1,,1.0,
14713,2021-03-14 12:00:00,EPL,2020/21,Southampton,Brighton,40,1,1,2,,0.625865425966804,HOME_GOAL_FT,0,,0.0,
14715,2021-03-20 20:00:00,EPL,2020/21,Brighton,Newcastle United,40,0,0,0,,0.6267784529600327,HOME_GOAL_FT,1,,1.0,
14720,2021-03-02 20:00:00,EPL,2020/21,Manchester City,Wolverhampton Wanderers,46,0,0,0,,0.6400750598687347,HOME_GOAL_FT,1,,1.0,
14724,2021-03-21 15:00:00,EPL,2020/21,West Ham,Arsenal,40,3,0,3,,0.6564206964723538,HOME_GOAL_FT,0,,0.0,
14729,2021-04-03 14:00:00,EPL,2020/21,Leeds,Sheffield United,40,1,0,1,,0.6815099415326618,HOME_GOAL_FT,1,,1.0,
14732,2021-04-04 13:05:00,EPL,2020/21,Newcastle United,Tottenham,40,1,2,3,,0.666772377309883,HOME_GOAL_FT,1,,1.0,
14733,2021-04-04 11:00:00,EPL,2020/21,Southampton,Burnley,40,1,2,3,,0.6562807272811323,HOME_GOAL_FT,1,,1.0,
14734,2021-04-05 19:15:00,EPL,2020/21,Wolverhampton Wanderers,West Ham,40,0,3,3,,0.6477633613675359,HOME_GOAL_FT,1,,1.0,
14735,2021-04-12 19:15:00,EPL,2020/21,Brighton,Everton,40,0,0,0,,0.6320014506053621,HOME_GOAL_FT,0,,0.0,
14736,2021-04-11 11:00:00,EPL,2020/21,Burnley,Newcastle United,40,1,0,1,,0.630911533517072,HOME_GOAL_FT,0,,0.0,
14739,2021-04-10 14:00:00,EPL,2020/21,Liverpool,Aston Villa,40,0,0,0,,0.662888469495153,HOME_GOAL_FT,1,,1.0,
14740,2021-04-10 11:30:00,EPL,2020/21,Manchester City,Leeds,40,0,0,0,,0.6883781330942383,HOME_GOAL_FT,1,,1.0,
14743,2021-04-12 17:00:00,EPL,2020/21,West Bromwich Albion,Southampton,40,2,0,2,,0.720060972610165,HOME_GOAL_FT,1,,1.0,
14748,2021-04-16 19:00:00,EPL,2020/21,Everton,Tottenham,40,1,1,2,,0.67121448575464,HOME_GOAL_FT,1,,1.0,
14750,2021-04-22 19:00:00,EPL,2020/21,Leicester,West Bromwich Albion,40,3,0,3,,0.7134593770466469,HOME_GOAL_FT,0,,0.0,
14752,2021-04-17 11:30:00,EPL,2020/21,Newcastle United,West Ham,40,1,0,1,,0.6865436500070725,HOME_GOAL_FT,1,,1.0,
14760,2021-04-24 11:30:00,EPL,2020/21,Liverpool,Newcastle United,40,1,0,1,,0.6863169980634908,HOME_GOAL_FT,0,,0.0,
14765,2021-05-01 14:00:00,EPL,2020/21,Brighton,Leeds,41,1,0,1,,0.6322976501988523,HOME_GOAL_FT,1,,1.0,
14773,2021-05-02 18:15:00,EPL,2020/21,Tottenham,Sheffield United,40,1,0,1,,0.6451717309809606,HOME_GOAL_FT,1,,1.0,
14778,2021-05-08 11:30:00,EPL,2020/21,Leeds,Tottenham,40,1,1,2,,0.6265847159270966,HOME_GOAL_FT,1,,1.0,
14780,2021-05-08 19:15:00,EPL,2020/21,Liverpool,Southampton,40,1,0,1,,0.6302688840174756,HOME_GOAL_FT,1,,1.0,
14790,2021-05-12 19:15:00,EPL,2020/21,Chelsea,Arsenal,40,0,1,1,,0.6482749891394778,HOME_GOAL_FT,0,,0.0,
14793,2021-05-16 13:05:00,EPL,2020/21,Tottenham,Wolverhampton Wanderers,42,0,0,0,,0.6649416516107414,HOME_GOAL_FT,1,,1.0,
14794,2021-05-16 11:00:00,EPL,2020/21,Crystal Palace,Aston Villa,41,1,2,3,,0.6268990805889233,HOME_GOAL_FT,1,,1.0,
14797,2021-05-18 19:15:00,EPL,2020/21,Chelsea,Leicester,40,0,0,0,,0.6761048229736119,HOME_GOAL_FT,1,,1.0,
14801,2021-05-19 17:00:00,EPL,2020/21,Newcastle United,Sheffield United,40,0,0,0,,0.6585282900156386,HOME_GOAL_FT,1,,1.0,
14802,2021-05-18 17:00:00,EPL,2020/21,Southampton,Leeds,40,0,0,0,,0.6448241702003304,HOME_GOAL_FT,0,,0.0,
14805,2021-05-23 15:00:00,EPL,2020/21,Arsenal,Brighton,40,0,0,0,,0.6350523780387347,HOME_GOAL_FT,1,,1.0,
14810,2021-05-23 15:00:00,EPL,2020/21,Liverpool,Crystal Palace,40,1,0,1,,0.6501862121433319,HOME_GOAL_FT,1,,1.0,
14821,2020-10-03 16:30:00,La_liga,2020/21,Real Sociedad,Getafe,40,1,0,1,,0.6441999183774115,HOME_GOAL_FT,1,,1.0,
14825,2020-10-18 16:30:00,La_liga,2020/21,Alaves,Elche,41,0,1,1,,0.6251709814193835,HOME_GOAL_FT,0,,0.0,
14826,2020-10-18 12:00:00,La_liga,2020/21,Athletic Club,Levante,40,0,0,0,,0.6261369146601293,HOME_GOAL_FT,1,,1.0,
14828,2020-10-17 14:00:00,La_liga,2020/21,Celta Vigo,Atletico Madrid,40,0,1,1,,0.6916163087268483,HOME_GOAL_FT,0,,0.0,
14847,2020-11-01 13:00:00,La_liga,2020/21,Real Betis,Elche,40,2,0,2,,0.7308000319993839,HOME_GOAL_FT,1,,1.0,
14854,2020-11-02 20:00:00,La_liga,2020/21,Villarreal,Real Valladolid,40,2,0,2,,0.6379158946684689,HOME_GOAL_FT,0,,0.0,
14856,2020-11-07 15:15:00,La_liga,2020/21,Barcelona,Real Betis,40,1,0,1,,0.6277057767351826,HOME_GOAL_FT,1,,1.0,
14858,2020-11-07 13:00:00,La_liga,2020/21,SD Huesca,Eibar,40,0,1,1,,0.6971212182995918,HOME_GOAL_FT,1,,1.0,
14860,2020-11-08 15:15:00,La_liga,2020/21,Real Sociedad,Granada,40,2,0,2,,0.7335845188258924,HOME_GOAL_FT,0,,0.0,
14865,2020-11-22 20:00:00,La_liga,2020/21,Alaves,Valencia,40,2,0,2,,0.6769276001340429,HOME_GOAL_FT,0,,0.0,
14866,2020-11-23 20:00:00,La_liga,2020/21,Athletic Club,Real Betis,40,1,0,1,,0.6569615723472056,HOME_GOAL_FT,1,,1.0,
14868,2020-11-22 13:00:00,La_liga,2020/21,Eibar,Getafe,40,0,0,0,,0.6399086218228932,HOME_GOAL_FT,0,,0.0,
14875,2020-11-29 13:00:00,La_liga,2020/21,Barcelona,Osasuna,40,1,0,1,,0.7365410891175009,HOME_GOAL_FT,1,,1.0,
14877,2020-11-29 17:30:00,La_liga,2020/21,Celta Vigo,Granada,40,1,1,2,,0.6808069605517455,HOME_GOAL_FT,1,,1.0,
14881,2020-11-29 20:00:00,La_liga,2020/21,Real Sociedad,Villarreal,40,1,1,2,,0.6420611433378155,HOME_GOAL_FT,0,,0.0,
14894,2020-12-07 20:00:00,La_liga,2020/21,Eibar,Valencia,40,0,0,0,,0.6311015880939311,HOME_GOAL_FT,0,,0.0,
14898,2020-12-13 20:00:00,La_liga,2020/21,Barcelona,Levante,40,0,0,0,,0.6507119539785775,HOME_GOAL_FT,1,,1.0,
14904,2020-12-13 13:00:00,La_liga,2020/21,Real Sociedad,Eibar,40,1,0,1,,0.6329604517793546,HOME_GOAL_FT,0,,0.0,
14905,2020-12-16 20:00:00,La_liga,2020/21,Barcelona,Real Sociedad,40,1,1,2,,0.6425204311656568,HOME_GOAL_FT,1,,1.0,
14906,2020-12-15 21:00:00,La_liga,2020/21,Real Madrid,Athletic Club,40,0,0,0,,0.653890259652116,HOME_GOAL_FT,1,,1.0,
14908,2020-12-19 13:00:00,La_liga,2020/21,Atletico Madrid,Elche,40,1,0,1,,0.6358599181598329,HOME_GOAL_FT,1,,1.0,
14916,2020-12-19 20:00:00,La_liga,2020/21,Sevilla,Real Valladolid,40,1,0,1,,0.6560742203163213,HOME_GOAL_FT,0,,0.0,
14920,2020-12-22 18:45:00,La_liga,2020/21,SD Huesca,Levante,40,1,0,1,,0.6889399358417179,HOME_GOAL_FT,0,,0.0,
14938,2021-01-03 13:00:00,La_liga,2020/21,Athletic Club,Elche,40,1,0,1,,0.6251174500300998,HOME_GOAL_FT,0,,0.0,
14939,2021-01-02 15:15:00,La_liga,2020/21,Real Betis,Sevilla,40,0,0,0,,0.6399858841656468,HOME_GOAL_FT,1,,1.0,
14971,2021-01-23 15:15:00,La_liga,2020/21,Sevilla,Cadiz,40,2,0,2,,0.6878013594933758,HOME_GOAL_FT,1,,1.0,
14977,2021-01-24 13:00:00,La_liga,2020/21,Osasuna,Granada,40,2,0,2,,0.6446667545074546,HOME_GOAL_FT,1,,1.0,
14978,2021-01-31 20:00:00,La_liga,2020/21,Barcelona,Athletic Club,40,1,0,1,,0.6303574599407491,HOME_GOAL_FT,1,,1.0,
14985,2021-01-30 17:30:00,La_liga,2020/21,Valencia,Elche,40,1,0,1,,0.6538656445272174,HOME_GOAL_FT,0,,0.0,
14995,2021-02-07 13:00:00,La_liga,2020/21,Real Sociedad,Cadiz,40,2,0,2,,0.6882413403669356,HOME_GOAL_FT,1,,1.0,
15000,2021-02-13 17:30:00,La_liga,2020/21,Eibar,Real Valladolid,40,1,1,2,,0.6446926450021999,HOME_GOAL_FT,0,,0.0,
15005,2021-02-14 15:15:00,La_liga,2020/21,Real Madrid,Valencia,40,1,0,1,,0.6534720014809716,HOME_GOAL_FT,1,,1.0,
15008,2021-02-21 20:00:00,La_liga,2020/21,Athletic Club,Villarreal,40,0,1,1,,0.6275453759478562,HOME_GOAL_FT,1,,1.0,
15009,2021-02-20 15:15:00,La_liga,2020/21,Atletico Madrid,Levante,40,0,1,1,,0.6394100223630321,HOME_GOAL_FT,0,,0.0,
15010,2021-02-21 13:00:00,La_liga,2020/21,Barcelona,Cadiz,40,1,0,1,,0.6815092199837844,HOME_GOAL_FT,0,,0.0,
15012,2021-02-21 17:30:00,La_liga,2020/21,SD Huesca,Granada,40,2,1,3,,0.6940414365734782,HOME_GOAL_FT,1,,1.0,
15025,2021-03-01 20:00:00,La_liga,2020/21,Real Madrid,Real Sociedad,40,0,0,0,,0.6908539998526342,HOME_GOAL_FT,1,,1.0,
15027,2021-02-28 20:00:00,La_liga,2020/21,Villarreal,Atletico Madrid,40,0,0,0,,0.667407007274598,HOME_GOAL_FT,0,,0.0,
15030,2021-03-08 20:00:00,La_liga,2020/21,Real Betis,Alaves,40,0,2,2,,0.6830845985679576,HOME_GOAL_FT,1,,1.0,
15034,2021-03-07 17:30:00,La_liga,2020/21,Real Sociedad,Levante,40,1,0,1,,0.7570078907964489,HOME_GOAL_FT,0,,0.0,
15038,2021-03-13 13:00:00,La_liga,2020/21,Alaves,Cadiz,40,1,0,1,,0.6536218530912781,HOME_GOAL_FT,0,,0.0,
15050,2021-03-19 20:00:00,La_liga,2020/21,Real Betis,Levante,40,0,0,0,,0.6265559029700236,HOME_GOAL_FT,1,,1.0,
15055,2021-03-21 15:15:00,La_liga,2020/21,Valencia,Granada,40,1,0,1,,0.6384501567455266,HOME_GOAL_FT,1,,1.0,
15064,2021-04-03 14:15:00,La_liga,2020/21,Real Madrid,Eibar,40,1,0,1,,0.6351498161195009,HOME_GOAL_FT,1,,1.0,
15066,2021-04-04 19:00:00,La_liga,2020/21,Sevilla,Atletico Madrid,40,0,0,0,,0.6781864718831841,HOME_GOAL_FT,1,,1.0,
15072,2021-04-10 12:00:00,La_liga,2020/21,Getafe,Cadiz,40,0,0,0,,0.627138598614849,HOME_GOAL_FT,0,,0.0,
15074,2021-04-10 19:00:00,La_liga,2020/21,Real Madrid,Barcelona,40,2,0,2,,0.659525810507939,HOME_GOAL_FT,0,,0.0,
15075,2021-04-11 14:15:00,La_liga,2020/21,Valencia,Real Sociedad,40,0,1,1,,0.6279488493015621,HOME_GOAL_FT,1,,1.0,
15085,2021-04-21 17:00:00,La_liga,2020/21,Osasuna,Valencia,40,2,1,3,,0.6584548661147749,HOME_GOAL_FT,1,,1.0,
15086,2021-04-22 19:00:00,La_liga,2020/21,Real Sociedad,Celta Vigo,40,2,1,3,,0.6708799478423108,HOME_GOAL_FT,0,,0.0,
15093,2021-04-25 16:30:00,La_liga,2020/21,Sevilla,Granada,40,1,0,1,,0.6734026291598691,HOME_GOAL_FT,1,,1.0,
15095,2021-04-24 14:15:00,La_liga,2020/21,Real Valladolid,Cadiz,40,1,0,1,,0.6977197556130291,HOME_GOAL_FT,0,,0.0,
15100,2021-04-18 14:15:00,La_liga,2020/21,Atletico Madrid,Eibar,41,1,0,1,,0.6559994191284342,HOME_GOAL_FT,1,,1.0,
15101,2021-04-29 17:00:00,La_liga,2020/21,Barcelona,Granada,40,1,0,1,,0.648503849690856,HOME_GOAL_FT,0,,0.0,
15114,2021-05-01 12:00:00,La_liga,2020/21,Eibar,Alaves,40,1,0,1,,0.6927405883911917,HOME_GOAL_FT,1,,1.0,
15117,2021-05-01 19:00:00,La_liga,2020/21,Real Madrid,Osasuna,40,0,0,0,,0.6694422024445272,HOME_GOAL_FT,1,,1.0,
15125,2021-05-07 19:00:00,La_liga,2020/21,Real Sociedad,Elche,40,0,0,0,,0.6733421663556053,HOME_GOAL_FT,1,,1.0,
15132,2021-05-12 18:00:00,La_liga,2020/21,SD Huesca,Athletic Club,40,0,0,0,,0.6701803702218171,HOME_GOAL_FT,1,,1.0,
15138,2021-05-16 16:30:00,La_liga,2020/21,Alaves,Granada,40,2,1,3,,0.6789270968984952,HOME_GOAL_FT,1,,1.0,
15140,2021-05-16 16:30:00,La_liga,2020/21,Atletico Madrid,Osasuna,40,0,0,0,,0.7541413290846914,HOME_GOAL_FT,1,,1.0,
15141,2021-05-16 16:30:00,La_liga,2020/21,Barcelona,Celta Vigo,40,1,1,2,,0.6483807041347399,HOME_GOAL_FT,0,,0.0,
15145,2021-05-16 16:30:00,La_liga,2020/21,Real Sociedad,Real Valladolid,40,4,0,4,,0.6315925968484849,HOME_GOAL_FT,0,,0.0,
15149,2021-05-22 16:00:00,La_liga,2020/21,Eibar,Barcelona,40,0,0,0,,0.6604735467662762,HOME_GOAL_FT,0,,0.0,
15151,2021-05-22 16:00:00,La_liga,2020/21,SD Huesca,Valencia,40,0,0,0,,0.6259089310806292,HOME_GOAL_FT,0,,0.0,
15162,2020-10-03 13:30:00,Bundesliga,2020/21,Borussia Dortmund,Freiburg,40,1,0,1,,0.6842355085301715,HOME_GOAL_FT,1,,1.0,
15166,2020-10-04 16:00:00,Bundesliga,2020/21,Bayern Munich,Hertha Berlin,40,1,0,1,,0.6466684697032935,HOME_GOAL_FT,1,,1.0,
15173,2020-10-17 18:30:00,Bundesliga,2020/21,Borussia M.Gladbach,Wolfsburg,40,0,0,0,,0.654107540279802,HOME_GOAL_FT,1,,1.0,
15177,2020-10-24 13:30:00,Bundesliga,2020/21,Union Berlin,Freiburg,40,1,1,2,,0.6891416481234791,HOME_GOAL_FT,0,,0.0,
15179,2020-10-24 13:30:00,Bundesliga,2020/21,RasenBallsport Leipzig,Hertha Berlin,42,1,1,2,,0.6260208742036582,HOME_GOAL_FT,1,,1.0,
15180,2020-10-24 13:30:00,Bundesliga,2020/21,Bayern Munich,Eintracht Frankfurt,40,2,0,2,,0.6321291617273535,HOME_GOAL_FT,1,,1.0,
15184,2020-10-26 19:30:00,Bundesliga,2020/21,Bayer Leverkusen,Augsburg,41,1,0,1,,0.6251567563567139,HOME_GOAL_FT,1,,1.0,
15187,2020-10-31 14:30:00,Bundesliga,2020/21,Augsburg,Mainz 05,40,1,0,1,,0.6359736269150421,HOME_GOAL_FT,1,,1.0,
15192,2020-11-01 17:00:00,Bundesliga,2020/21,Hertha Berlin,Wolfsburg,40,1,1,2,,0.6375788957352579,HOME_GOAL_FT,0,,0.0,
15196,2020-11-07 14:30:00,Bundesliga,2020/21,RasenBallsport Leipzig,Freiburg,40,1,0,1,,0.6527498562359852,HOME_GOAL_FT,1,,1.0,
15197,2020-11-07 14:30:00,Bundesliga,2020/21,Union Berlin,Arminia Bielefeld,40,2,0,2,,0.6309481005164091,HOME_GOAL_FT,1,,1.0,
15201,2020-11-08 14:30:00,Bundesliga,2020/21,Wolfsburg,Hoffenheim,40,2,0,2,,0.6384223148788466,HOME_GOAL_FT,0,,0.0,
15215,2020-11-29 14:30:00,Bundesliga,2020/21,Bayer Leverkusen,Hertha Berlin,40,0,0,0,,0.6538162809504465,HOME_GOAL_FT,0,,0.0,
15217,2020-11-28 14:30:00,Bundesliga,2020/21,Union Berlin,Eintracht Frankfurt,40,2,2,4,,0.6565527351904672,HOME_GOAL_FT,1,,1.0,
15222,2020-12-07 19:30:00,Bundesliga,2020/21,Hoffenheim,Augsburg,40,1,1,2,,0.6322040084024471,HOME_GOAL_FT,1,,1.0,
15223,2020-12-05 14:30:00,Bundesliga,2020/21,Freiburg,Borussia M.Gladbach,40,1,1,2,,0.7296553543366961,HOME_GOAL_FT,1,,1.0,
15231,2020-12-12 14:30:00,Bundesliga,2020/21,RasenBallsport Leipzig,Werder Bremen,40,2,0,2,,0.6826901200728794,HOME_GOAL_FT,0,,0.0,
15235,2020-12-12 14:30:00,Bundesliga,2020/21,Freiburg,Arminia Bielefeld,40,0,0,0,,0.6304887752710406,HOME_GOAL_FT,1,,1.0,
15247,2020-12-15 17:30:00,Bundesliga,2020/21,Eintracht Frankfurt,Borussia M.Gladbach,40,3,1,4,,0.6389170573891323,HOME_GOAL_FT,0,,0.0,
15248,2020-12-19 14:30:00,Bundesliga,2020/21,RasenBallsport Leipzig,FC Cologne,40,0,0,0,,0.6471860524867277,HOME_GOAL_FT,0,,0.0,
15249,2020-12-19 14:30:00,Bundesliga,2020/21,Borussia M.Gladbach,Hoffenheim,40,1,0,1,,0.6420366789623244,HOME_GOAL_FT,0,,0.0,
15251,2020-12-20 17:00:00,Bundesliga,2020/21,Wolfsburg,VfB Stuttgart,41,0,0,0,,0.6290730619205043,HOME_GOAL_FT,1,,1.0,
15260,2021-01-02 14:30:00,Bundesliga,2020/21,Eintracht Frankfurt,Bayer Leverkusen,40,1,1,2,,0.6318915393450438,HOME_GOAL_FT,1,,1.0,
15269,2021-01-09 14:30:00,Bundesliga,2020/21,Freiburg,FC Cologne,40,2,0,2,,0.6549327732070466,HOME_GOAL_FT,1,,1.0,
15275,2021-01-17 14:30:00,Bundesliga,2020/21,Bayern Munich,Freiburg,40,1,0,1,,0.6851609241633178,HOME_GOAL_FT,1,,1.0,
15276,2021-01-16 14:30:00,Bundesliga,2020/21,Borussia Dortmund,Mainz 05,40,0,0,0,,0.6719916218638069,HOME_GOAL_FT,1,,1.0,
15279,2021-01-17 17:00:00,Bundesliga,2020/21,Eintracht Frankfurt,Schalke 04,40,1,1,2,,0.6512768200444855,HOME_GOAL_FT,1,,1.0,
15286,2021-01-19 19:30:00,Bundesliga,2020/21,Bayer Leverkusen,Borussia Dortmund,40,1,0,1,,0.6698588982121474,HOME_GOAL_FT,1,,1.0,
15295,2021-01-24 17:00:00,Bundesliga,2020/21,Hoffenheim,FC Cologne,40,2,0,2,,0.6434381549120354,HOME_GOAL_FT,1,,1.0,
15297,2021-01-23 17:30:00,Bundesliga,2020/21,Hertha Berlin,Werder Bremen,40,0,2,2,,0.6273147157746153,HOME_GOAL_FT,1,,1.0,
15303,2021-01-30 14:30:00,Bundesliga,2020/21,Borussia Dortmund,Augsburg,40,1,1,2,,0.6923202975454764,HOME_GOAL_FT,1,,1.0,
15308,2021-01-31 14:30:00,Bundesliga,2020/21,FC Cologne,Arminia Bielefeld,40,2,0,2,,0.6308679473247387,HOME_GOAL_FT,1,,1.0,
15312,2021-02-06 14:30:00,Bundesliga,2020/21,Bayer Leverkusen,VfB Stuttgart,40,2,0,2,,0.6935311375463181,HOME_GOAL_FT,1,,1.0,
15319,2021-03-10 19:30:00,Bundesliga,2020/21,Arminia Bielefeld,Werder Bremen,40,0,0,0,,0.6741598164925244,HOME_GOAL_FT,0,,0.0,
15322,2021-02-12 19:30:00,Bundesliga,2020/21,RasenBallsport Leipzig,Augsburg,40,1,0,1,,0.6701552270002171,HOME_GOAL_FT,1,,1.0,
15323,2021-02-13 14:30:00,Bundesliga,2020/21,Bayer Leverkusen,Mainz 05,40,1,0,1,,0.6582584954363752,HOME_GOAL_FT,1,,1.0,
15325,2021-02-14 14:30:00,Bundesliga,2020/21,Eintracht Frankfurt,FC Cologne,40,0,0,0,,0.6504459493854963,HOME_GOAL_FT,1,,1.0,
15326,2021-02-13 17:30:00,Bundesliga,2020/21,Union Berlin,Schalke 04,40,0,0,0,,0.6549887409071743,HOME_GOAL_FT,0,,0.0,
15327,2021-02-13 14:30:00,Bundesliga,2020/21,Werder Bremen,Freiburg,40,0,0,0,,0.6250063639063276,HOME_GOAL_FT,0,,0.0,
15328,2021-02-13 14:30:00,Bundesliga,2020/21,VfB Stuttgart,Hertha Berlin,40,0,0,0,,0.6664926899983957,HOME_GOAL_FT,1,,1.0,
15332,2021-02-20 14:30:00,Bundesliga,2020/21,Eintracht Frankfurt,Bayern Munich,44,2,0,2,,0.6312274779074022,HOME_GOAL_FT,0,,0.0,
15338,2021-02-27 14:30:00,Bundesliga,2020/21,Bayern Munich,FC Cologne,40,2,0,2,,0.6580789657162318,HOME_GOAL_FT,1,,1.0,
15339,2021-02-27 14:30:00,Bundesliga,2020/21,Borussia Dortmund,Arminia Bielefeld,40,0,0,0,,0.652789774592232,HOME_GOAL_FT,1,,1.0,
15341,2021-02-28 17:00:00,Bundesliga,2020/21,Bayer Leverkusen,Freiburg,40,0,0,0,,0.649817151574506,HOME_GOAL_FT,1,,1.0,
15346,2021-02-27 14:30:00,Bundesliga,2020/21,VfB Stuttgart,Schalke 04,40,3,1,4,,0.7092096579800121,HOME_GOAL_FT,1,,1.0,
15349,2021-03-07 14:30:00,Bundesliga,2020/21,FC Cologne,Werder Bremen,40,0,0,0,,0.6287536920504946,HOME_GOAL_FT,1,,1.0,
15351,2021-03-06 17:30:00,Bundesliga,2020/21,Bayern Munich,Borussia Dortmund,40,1,2,3,,0.6914790978521773,HOME_GOAL_FT,1,,1.0,
15356,2021-03-13 17:30:00,Bundesliga,2020/21,Borussia Dortmund,Hertha Berlin,40,0,0,0,,0.6349729187899418,HOME_GOAL_FT,1,,1.0,
15359,2021-03-13 14:30:00,Bundesliga,2020/21,Wolfsburg,Schalke 04,42,0,0,0,,0.6303081885614866,HOME_GOAL_FT,1,,1.0,
15360,2021-03-13 14:30:00,Bundesliga,2020/21,Union Berlin,FC Cologne,40,0,0,0,,0.6307455580008864,HOME_GOAL_FT,1,,1.0,
15388,2021-04-11 16:00:00,Bundesliga,2020/21,FC Cologne,Mainz 05,40,0,1,1,,0.6955839844074512,HOME_GOAL_FT,1,,1.0,
15392,2021-04-18 13:30:00,Bundesliga,2020/21,Borussia Dortmund,Werder Bremen,40,3,1,4,,0.6489710957011912,HOME_GOAL_FT,1,,1.0,
15394,2021-04-17 13:30:00,Bundesliga,2020/21,Borussia M.Gladbach,Eintracht Frankfurt,40,1,0,1,,0.6407403917493064,HOME_GOAL_FT,1,,1.0,
15397,2021-04-17 13:30:00,Bundesliga,2020/21,Freiburg,Schalke 04,40,2,0,2,,0.6635800368395426,HOME_GOAL_FT,1,,1.0,
15399,2021-05-03 18:00:00,Bundesliga,2020/21,Mainz 05,Hertha Berlin,40,1,1,2,,0.6607249172280323,HOME_GOAL_FT,0,,0.0,
15401,2021-04-20 18:30:00,Bundesliga,2020/21,Bayern Munich,Bayer Leverkusen,40,2,0,2,,0.6818465901858238,HOME_GOAL_FT,0,,0.0,
15402,2021-04-21 18:30:00,Bundesliga,2020/21,Borussia Dortmund,Union Berlin,40,1,0,1,,0.7378929676676327,HOME_GOAL_FT,1,,1.0,
15403,2021-04-21 18:30:00,Bundesliga,2020/21,Hoffenheim,Borussia M.Gladbach,40,0,1,1,,0.6648364739396098,HOME_GOAL_FT,1,,1.0,
15408,2021-04-20 18:30:00,Bundesliga,2020/21,Arminia Bielefeld,Schalke 04,40,0,0,0,,0.6566980117349914,HOME_GOAL_FT,1,,1.0,
15409,2021-04-21 18:30:00,Bundesliga,2020/21,VfB Stuttgart,Wolfsburg,40,0,2,2,,0.6281146823896268,HOME_GOAL_FT,1,,1.0,
15410,2021-04-25 13:30:00,Bundesliga,2020/21,RasenBallsport Leipzig,VfB Stuttgart,40,0,0,0,,0.6755333068064332,HOME_GOAL_FT,1,,1.0,
15411,2021-04-25 16:00:00,Bundesliga,2020/21,Borussia M.Gladbach,Arminia Bielefeld,40,3,0,3,,0.6869111497704782,HOME_GOAL_FT,1,,1.0,
15412,2021-04-24 16:30:00,Bundesliga,2020/21,Bayer Leverkusen,Eintracht Frankfurt,40,0,0,0,,0.6697096441534207,HOME_GOAL_FT,1,,1.0,
15413,2021-04-24 13:30:00,Bundesliga,2020/21,Wolfsburg,Borussia Dortmund,40,0,1,1,,0.6496949741664894,HOME_GOAL_FT,0,,0.0,
15419,2021-05-08 16:30:00,Bundesliga,2020/21,Bayern Munich,Borussia M.Gladbach,40,3,0,3,,0.6531591098553466,HOME_GOAL_FT,1,,1.0,
15420,2021-05-08 13:30:00,Bundesliga,2020/21,Borussia Dortmund,RasenBallsport Leipzig,40,1,0,1,,0.6356548660814191,HOME_GOAL_FT,1,,1.0,
15421,2021-05-08 13:30:00,Bundesliga,2020/21,Hoffenheim,Schalke 04,46,1,2,3,,0.6393106096277807,HOME_GOAL_FT,1,,1.0,
15437,2021-05-22 13:30:00,Bundesliga,2020/21,Bayern Munich,Augsburg,40,2,0,2,,0.7092437415715672,HOME_GOAL_FT,1,,1.0,
15439,2021-05-22 13:30:00,Bundesliga,2020/21,Hoffenheim,Hertha Berlin,44,0,1,1,,0.6250848148725059,HOME_GOAL_FT,1,,1.0,
15442,2021-05-22 13:30:00,Bundesliga,2020/21,Union Berlin,RasenBallsport Leipzig,40,0,0,0,,0.6451131144083451,HOME_GOAL_FT,1,,1.0,
15448,2020-11-04 18:00:00,Serie_A,2020/21,Genoa,Torino,40,0,1,1,,0.6622726792489816,HOME_GOAL_FT,1,,1.0,
15450,2020-10-04 10:30:00,Serie_A,2020/21,Atalanta,Cagliari,40,3,1,4,,0.6864444355967474,HOME_GOAL_FT,1,,1.0,
15454,2020-10-04 16:00:00,Serie_A,2020/21,AC Milan,Spezia,40,0,0,0,,0.6597613316098373,HOME_GOAL_FT,1,,1.0,
15455,2021-04-07 18:45:00,Serie_A,2020/21,Juventus,Napoli,40,1,0,1,,0.6593083751436041,HOME_GOAL_FT,1,,1.0,
15456,2020-10-17 13:00:00,Serie_A,2020/21,Napoli,Atalanta,40,3,0,3,,0.6902760852608683,HOME_GOAL_FT,1,,1.0,
15463,2020-10-18 16:00:00,Serie_A,2020/21,Udinese,Parma Calcio 1913,40,1,1,2,,0.6430689520214361,HOME_GOAL_FT,1,,1.0,
15464,2020-10-18 18:45:00,Serie_A,2020/21,Roma,Benevento,40,2,1,3,,0.6821547672681356,HOME_GOAL_FT,1,,1.0,
15466,2020-10-24 13:00:00,Serie_A,2020/21,Atalanta,Sampdoria,40,0,1,1,,0.6730848330325746,HOME_GOAL_FT,1,,1.0,
15471,2020-10-25 19:45:00,Serie_A,2020/21,Juventus,Verona,40,0,0,0,,0.6419431494697956,HOME_GOAL_FT,1,,1.0,
15476,2020-10-31 19:45:00,Serie_A,2020/21,Bologna,Cagliari,40,0,1,1,,0.6943947039239019,HOME_GOAL_FT,1,,1.0,
15478,2020-10-31 17:00:00,Serie_A,2020/21,Inter,Parma Calcio 1913,40,0,0,0,,0.6312888769874729,HOME_GOAL_FT,1,,1.0,
15479,2020-11-01 17:00:00,Serie_A,2020/21,Napoli,Sassuolo,40,0,0,0,,0.6800125086789893,HOME_GOAL_FT,0,,0.0,
15480,2020-11-01 17:00:00,Serie_A,2020/21,Roma,Fiorentina,40,1,0,1,,0.6902595531876429,HOME_GOAL_FT,1,,1.0,
15483,2020-11-01 14:00:00,Serie_A,2020/21,Torino,Lazio,40,2,1,3,,0.6300274111600787,HOME_GOAL_FT,1,,1.0,
15499,2020-11-21 19:45:00,Serie_A,2020/21,Juventus,Cagliari,40,1,0,1,,0.6568515337003936,HOME_GOAL_FT,1,,1.0,
15500,2020-11-22 19:45:00,Serie_A,2020/21,Napoli,AC Milan,40,0,1,1,,0.6514506620338357,HOME_GOAL_FT,1,,1.0,
15501,2020-11-22 14:00:00,Serie_A,2020/21,Roma,Parma Calcio 1913,40,3,0,3,,0.6906684631640739,HOME_GOAL_FT,0,,0.0,
15512,2020-11-29 14:00:00,Serie_A,2020/21,AC Milan,Fiorentina,40,2,0,2,,0.7224865342661999,HOME_GOAL_FT,0,,0.0,
15518,2020-12-05 19:45:00,Serie_A,2020/21,Inter,Bologna,40,1,0,1,,0.6368536688126086,HOME_GOAL_FT,1,,1.0,
15523,2020-12-05 14:00:00,Serie_A,2020/21,Spezia,Lazio,40,0,2,2,,0.6435052342743912,HOME_GOAL_FT,1,,1.0,
15525,2020-12-06 11:30:00,Serie_A,2020/21,Verona,Cagliari,40,1,0,1,,0.6451949249329351,HOME_GOAL_FT,0,,0.0,
15526,2020-12-13 14:00:00,Serie_A,2020/21,Atalanta,Fiorentina,40,0,0,0,,0.7007361640252749,HOME_GOAL_FT,1,,1.0,
15532,2020-12-13 19:45:00,Serie_A,2020/21,AC Milan,Parma Calcio 1913,40,0,1,1,,0.6627591498780745,HOME_GOAL_FT,1,,1.0,
15536,2020-12-15 19:45:00,Serie_A,2020/21,Benevento,Lazio,40,0,1,1,,0.6302819352037372,HOME_GOAL_FT,1,,1.0,
15553,2020-12-19 17:00:00,Serie_A,2020/21,Sampdoria,Crotone,40,2,0,2,,0.6919497067857898,HOME_GOAL_FT,1,,1.0,
15562,2020-12-23 19:45:00,Serie_A,2020/21,Sampdoria,Sassuolo,40,0,1,1,,0.6406971056088338,HOME_GOAL_FT,1,,1.0,
15564,2020-12-23 19:45:00,Serie_A,2020/21,Udinese,Benevento,40,0,1,1,,0.6436170151762316,HOME_GOAL_FT,0,,0.0,
15566,2021-01-03 14:00:00,Serie_A,2020/21,Atalanta,Sassuolo,40,1,0,1,,0.7028999477511353,HOME_GOAL_FT,1,,1.0,
15571,2021-01-03 11:30:00,Serie_A,2020/21,Inter,Crotone,40,1,2,3,,0.6376382748055714,HOME_GOAL_FT,1,,1.0,
15576,2021-01-06 14:00:00,Serie_A,2020/21,Atalanta,Parma Calcio 1913,40,1,0,1,,0.6358987876482342,HOME_GOAL_FT,1,,1.0,
15577,2021-01-06 14:00:00,Serie_A,2020/21,Bologna,Udinese,40,2,1,3,,0.6763424294351124,HOME_GOAL_FT,0,,0.0,
15580,2021-01-06 14:00:00,Serie_A,2020/21,Lazio,Fiorentina,40,1,0,1,,0.6435825028548239,HOME_GOAL_FT,1,,1.0,
15582,2021-01-06 17:00:00,Serie_A,2020/21,Napoli,Spezia,40,0,0,0,,0.7200583068279799,HOME_GOAL_FT,1,,1.0,
15584,2021-01-06 14:00:00,Serie_A,2020/21,Sassuolo,Genoa,40,0,0,0,,0.6514046658503833,HOME_GOAL_FT,1,,1.0,
15590,2021-01-09 19:45:00,Serie_A,2020/21,AC Milan,Torino,40,2,0,2,,0.6478176242814649,HOME_GOAL_FT,0,,0.0,
15595,2021-01-10 14:00:00,Serie_A,2020/21,Verona,Crotone,40,2,0,2,,0.6711649804232731,HOME_GOAL_FT,0,,0.0,
15597,2021-01-16 14:00:00,Serie_A,2020/21,Bologna,Verona,40,1,0,1,,0.6600624324204587,HOME_GOAL_FT,0,,0.0,
15600,2021-01-17 19:45:00,Serie_A,2020/21,Inter,Juventus,40,1,0,1,,0.6697031061142538,HOME_GOAL_FT,1,,1.0,
15609,2021-01-24 11:30:00,Serie_A,2020/21,Juventus,Bologna,40,1,0,1,,0.6799811522998093,HOME_GOAL_FT,1,,1.0,
15610,2021-01-24 17:00:00,Serie_A,2020/21,Lazio,Sassuolo,40,1,1,2,,0.6624853939203881,HOME_GOAL_FT,1,,1.0,
15623,2021-01-31 19:45:00,Serie_A,2020/21,Roma,Verona,40,3,0,3,,0.6369584878109599,HOME_GOAL_FT,0,,0.0,
15627,2021-02-07 19:45:00,Serie_A,2020/21,Lazio,Cagliari,40,0,0,0,,0.6493378023243521,HOME_GOAL_FT,1,,1.0,
15634,2021-02-06 14:00:00,Serie_A,2020/21,Atalanta,Torino,40,3,0,3,,0.6348276153071528,HOME_GOAL_FT,0,,0.0,
15635,2021-02-07 14:00:00,Serie_A,2020/21,Udinese,Verona,40,0,0,0,,0.7342596659669249,HOME_GOAL_FT,1,,1.0,
15642,2021-02-13 19:45:00,Serie_A,2020/21,Spezia,AC Milan,40,0,0,0,,0.6253782702297943,HOME_GOAL_FT,1,,1.0,
15645,2021-02-14 11:30:00,Serie_A,2020/21,Roma,Udinese,40,2,0,2,,0.7335075657053406,HOME_GOAL_FT,1,,1.0,
15646,2021-02-20 19:45:00,Serie_A,2020/21,Sassuolo,Bologna,47,0,1,1,,0.6359413362428853,HOME_GOAL_FT,1,,1.0,
15647,2021-02-22 19:45:00,Serie_A,2020/21,Juventus,Crotone,40,1,0,1,,0.710231154271012,HOME_GOAL_FT,1,,1.0,
15649,2021-02-21 17:00:00,Serie_A,2020/21,Atalanta,Napoli,40,0,0,0,,0.6275498014069661,HOME_GOAL_FT,1,,1.0,
15651,2021-02-20 14:00:00,Serie_A,2020/21,Lazio,Sampdoria,40,1,0,1,,0.6840647312066178,HOME_GOAL_FT,0,,0.0,
15653,2021-02-19 19:45:00,Serie_A,2020/21,Cagliari,Torino,40,0,0,0,,0.6668284773007644,HOME_GOAL_FT,0,,0.0,
15657,2021-02-28 17:00:00,Serie_A,2020/21,Napoli,Benevento,40,1,0,1,,0.6453843056307579,HOME_GOAL_FT,1,,1.0,
15660,2021-02-28 14:00:00,Serie_A,2020/21,Inter,Genoa,40,1,0,1,,0.6568181571913438,HOME_GOAL_FT,1,,1.0,
15670,2021-03-02 19:45:00,Serie_A,2020/21,Juventus,Spezia,40,0,0,0,,0.637929548741848,HOME_GOAL_FT,1,,1.0,
15675,2021-03-03 19:45:00,Serie_A,2020/21,Atalanta,Crotone,40,1,1,2,,0.631723763373874,HOME_GOAL_FT,1,,1.0,
15680,2021-03-07 11:30:00,Serie_A,2020/21,Roma,Genoa,40,1,0,1,,0.6402959927866543,HOME_GOAL_FT,0,,0.0,
15686,2021-03-12 14:00:00,Serie_A,2020/21,Lazio,Crotone,40,2,1,3,,0.6492153175467962,HOME_GOAL_FT,1,,1.0,
15704,2021-03-21 14:00:00,Serie_A,2020/21,Juventus,Benevento,40,0,0,0,,0.6376232300559237,HOME_GOAL_FT,0,,0.0,
15706,2021-04-03 13:00:00,Serie_A,2020/21,Napoli,Crotone,40,3,1,4,,0.7152665929315973,HOME_GOAL_FT,1,,1.0,
15714,2021-04-03 13:00:00,Serie_A,2020/21,Atalanta,Udinese,40,1,0,1,,0.667527643990652,HOME_GOAL_FT,1,,1.0,
15720,2021-04-11 13:00:00,Serie_A,2020/21,Juventus,Genoa,40,2,0,2,,0.7046899440041321,HOME_GOAL_FT,1,,1.0,
15726,2021-04-18 13:00:00,Serie_A,2020/21,Lazio,Benevento,40,2,0,2,,0.6922721898692212,HOME_GOAL_FT,1,,1.0,
15732,2021-04-18 16:00:00,Serie_A,2020/21,Torino,Roma,40,0,1,1,,0.6870535748418668,HOME_GOAL_FT,1,,1.0,
15733,2021-04-18 13:00:00,Serie_A,2020/21,Bologna,Spezia,40,2,1,3,,0.6403548615793198,HOME_GOAL_FT,1,,1.0,
15737,2021-04-21 18:45:00,Serie_A,2020/21,Genoa,Benevento,40,2,2,4,,0.6322427399800825,HOME_GOAL_FT,0,,0.0,
15742,2021-04-21 18:45:00,Serie_A,2020/21,Juventus,Parma Calcio 1913,41,0,1,1,,0.6336367423079865,HOME_GOAL_FT,1,,1.0,
15746,2021-04-25 18:45:00,Serie_A,2020/21,Atalanta,Bologna,40,1,0,1,,0.7042859291859933,HOME_GOAL_FT,1,,1.0,
15748,2021-04-25 13:00:00,Serie_A,2020/21,Fiorentina,Juventus,40,1,0,1,,0.6346052236176563,HOME_GOAL_FT,0,,0.0,
15754,2021-04-25 10:30:00,Serie_A,2020/21,Benevento,Udinese,40,1,2,3,,0.6381216169131771,HOME_GOAL_FT,1,,1.0,
15757,2021-05-01 18:45:00,Serie_A,2020/21,AC Milan,Benevento,40,1,0,1,,0.6361049352708465,HOME_GOAL_FT,1,,1.0,
15758,2021-05-02 13:00:00,Serie_A,2020/21,Napoli,Cagliari,40,1,0,1,,0.6322862920629352,HOME_GOAL_FT,0,,0.0,
15760,2021-05-02 10:30:00,Serie_A,2020/21,Lazio,Genoa,40,1,0,1,,0.7034957212222777,HOME_GOAL_FT,1,,1.0,
15769,2021-05-09 16:00:00,Serie_A,2020/21,Roma,Crotone,40,0,0,0,,0.6552681884473704,HOME_GOAL_FT,1,,1.0,
15775,2021-05-09 13:00:00,Serie_A,2020/21,Verona,Torino,40,0,0,0,,0.6631096953341746,HOME_GOAL_FT,1,,1.0,
15778,2021-05-12 18:45:00,Serie_A,2020/21,Bologna,Genoa,40,0,1,1,,0.6514201732628453,HOME_GOAL_FT,0,,0.0,
15779,2021-05-12 18:45:00,Serie_A,2020/21,Sassuolo,Juventus,40,0,1,1,,0.6827361746285273,HOME_GOAL_FT,1,,1.0,
15781,2021-05-12 18:45:00,Serie_A,2020/21,Lazio,Parma Calcio 1913,40,0,0,0,,0.7040303923144022,HOME_GOAL_FT,1,,1.0,
15782,2021-05-12 18:45:00,Serie_A,2020/21,Inter,Roma,40,2,1,3,,0.6378599740745491,HOME_GOAL_FT,1,,1.0,
15784,2021-05-11 18:45:00,Serie_A,2020/21,Napoli,Udinese,40,2,1,3,,0.7050496973002045,HOME_GOAL_FT,1,,1.0,
15789,2021-05-16 13:00:00,Serie_A,2020/21,Benevento,Crotone,44,1,0,1,,0.6271014378582788,HOME_GOAL_FT,0,,0.0,
15790,2021-05-15 16:00:00,Serie_A,2020/21,Juventus,Inter,40,1,1,2,,0.6763758708982791,HOME_GOAL_FT,1,,1.0,
15795,2021-05-15 13:00:00,Serie_A,2020/21,Spezia,Torino,41,2,0,2,,0.6564145029985041,HOME_GOAL_FT,1,,1.0,
15797,2021-05-22 18:45:00,Serie_A,2020/21,Crotone,Fiorentina,40,0,0,0,,0.6663205794850405,HOME_GOAL_FT,0,,0.0,
15803,2021-05-23 18:45:00,Serie_A,2020/21,Spezia,Roma,40,2,0,2,,0.6963991499744209,HOME_GOAL_FT,0,,0.0,
15806,2020-10-02 19:00:00,Ligue_1,2020/21,Paris Saint Germain,Angers,41,2,0,2,,0.6307505064104623,HOME_GOAL_FT,1,,1.0,
15808,2020-10-03 19:00:00,Ligue_1,2020/21,Nice,Nantes,40,1,0,1,,0.6545627590990343,HOME_GOAL_FT,1,,1.0,
15811,2020-10-04 13:00:00,Ligue_1,2020/21,Bordeaux,Dijon,40,2,0,2,,0.6549709564806676,HOME_GOAL_FT,1,,1.0,
15814,2020-10-04 15:00:00,Ligue_1,2020/21,Rennes,Reims,40,2,1,3,,0.6644187255916004,HOME_GOAL_FT,0,,0.0,
15815,2020-10-04 19:00:00,Ligue_1,2020/21,Lyon,Marseille,40,1,1,2,,0.6691111982368537,HOME_GOAL_FT,0,,0.0,
15827,2020-10-25 20:00:00,Ligue_1,2020/21,Lyon,Monaco,40,3,0,3,,0.6297668163119032,HOME_GOAL_FT,1,,1.0,
15831,2020-10-24 19:00:00,Ligue_1,2020/21,Paris Saint Germain,Dijon,40,2,0,2,,0.6914882555458064,HOME_GOAL_FT,1,,1.0,
15838,2020-11-01 16:00:00,Ligue_1,2020/21,Monaco,Bordeaux,40,3,0,3,,0.6842345873155181,HOME_GOAL_FT,1,,1.0,
15841,2020-11-01 14:00:00,Ligue_1,2020/21,Reims,Strasbourg,40,1,1,2,,0.62987638386475,HOME_GOAL_FT,1,,1.0,
15842,2020-10-31 16:00:00,Ligue_1,2020/21,Rennes,Brest,42,0,0,0,,0.6368380919203213,HOME_GOAL_FT,1,,1.0,
15854,2020-11-08 14:00:00,Ligue_1,2020/21,Lorient,Nantes,40,0,0,0,,0.6512223271511313,HOME_GOAL_FT,0,,0.0,
15859,2020-11-22 20:00:00,Ligue_1,2020/21,Lille,Lorient,40,1,0,1,,0.7078252241936811,HOME_GOAL_FT,1,,1.0,
15862,2020-11-22 14:00:00,Ligue_1,2020/21,Montpellier,Strasbourg,40,3,2,5,,0.6486234837672148,HOME_GOAL_FT,1,,1.0,
15863,2020-11-22 12:00:00,Ligue_1,2020/21,Nantes,Metz,40,1,0,1,,0.654436388644504,HOME_GOAL_FT,0,,0.0,
15869,2020-11-29 14:00:00,Ligue_1,2020/21,Monaco,Nimes,40,1,0,1,,0.6873453699022708,HOME_GOAL_FT,1,,1.0,
15870,2020-11-29 14:00:00,Ligue_1,2020/21,Metz,Brest,41,0,1,1,,0.6388226377605043,HOME_GOAL_FT,0,,0.0,
15871,2020-11-28 16:00:00,Ligue_1,2020/21,Marseille,Nantes,40,2,0,2,,0.6747876992352044,HOME_GOAL_FT,1,,1.0,
15874,2020-11-28 20:00:00,Ligue_1,2020/21,Paris Saint Germain,Bordeaux,40,2,0,2,,0.6965655911833097,HOME_GOAL_FT,0,,0.0,
15876,2020-12-06 14:00:00,Ligue_1,2020/21,Angers,Lorient,40,1,0,1,,0.6346586444198806,HOME_GOAL_FT,1,,1.0,
15881,2020-12-05 20:00:00,Ligue_1,2020/21,Montpellier,Paris Saint Germain,40,1,1,2,,0.6567191750827295,HOME_GOAL_FT,0,,0.0,
15885,2020-12-05 16:00:00,Ligue_1,2020/21,Rennes,Lens,40,0,1,1,,0.633519167215785,HOME_GOAL_FT,0,,0.0,
15886,2020-12-13 14:00:00,Ligue_1,2020/21,Brest,Reims,40,1,0,1,,0.6443471921773284,HOME_GOAL_FT,1,,1.0,
15889,2020-12-13 14:00:00,Ligue_1,2020/21,Lorient,Nimes,40,2,0,2,,0.6563858656395388,HOME_GOAL_FT,1,,1.0,
15891,2020-12-13 14:00:00,Ligue_1,2020/21,Nantes,Dijon,40,1,0,1,,0.6467562763747708,HOME_GOAL_FT,0,,0.0,
15900,2020-12-16 20:00:00,Ligue_1,2020/21,Lyon,Brest,40,0,0,0,,0.6411276025246431,HOME_GOAL_FT,1,,1.0,
15904,2020-12-16 20:00:00,Ligue_1,2020/21,Paris Saint Germain,Lorient,41,0,0,0,,0.6271358103427893,HOME_GOAL_FT,1,,1.0,
15909,2020-12-19 18:00:00,Ligue_1,2020/21,Marseille,Reims,41,0,0,0,,0.657232346057364,HOME_GOAL_FT,1,,1.0,
15910,2020-12-19 16:00:00,Ligue_1,2020/21,Metz,Lens,40,1,0,1,,0.6489307439313095,HOME_GOAL_FT,1,,1.0,
15914,2020-12-20 14:00:00,Ligue_1,2020/21,Saint-Etienne,Nimes,40,1,1,2,,0.7370535015673401,HOME_GOAL_FT,1,,1.0,
15918,2020-12-23 20:00:00,Ligue_1,2020/21,Angers,Marseille,40,2,0,2,,0.6381059299956964,HOME_GOAL_FT,0,,0.0,
15921,2020-12-23 20:00:00,Ligue_1,2020/21,Lyon,Nantes,40,2,0,2,,0.6552199316090003,HOME_GOAL_FT,1,,1.0,
15924,2020-12-23 20:00:00,Ligue_1,2020/21,Paris Saint Germain,Strasbourg,40,1,0,1,,0.6546633430699452,HOME_GOAL_FT,1,,1.0,
15929,2021-01-06 20:00:00,Ligue_1,2020/21,Marseille,Montpellier,40,1,0,1,,0.7015422876866106,HOME_GOAL_FT,1,,1.0,
15934,2021-01-06 18:00:00,Ligue_1,2020/21,Strasbourg,Nimes,40,2,0,2,,0.6686628369231838,HOME_GOAL_FT,1,,1.0,
15940,2021-01-09 20:00:00,Ligue_1,2020/21,Monaco,Angers,40,1,0,1,,0.6273980905619754,HOME_GOAL_FT,1,,1.0,
15943,2021-01-09 20:00:00,Ligue_1,2020/21,Paris Saint Germain,Brest,40,1,0,1,,0.630910591135503,HOME_GOAL_FT,1,,1.0,
15950,2021-01-17 20:00:00,Ligue_1,2020/21,Lyon,Metz,40,0,0,0,,0.6408268906224717,HOME_GOAL_FT,0,,0.0,
15951,2021-01-16 16:00:00,Ligue_1,2020/21,Marseille,Nimes,40,0,0,0,,0.6817222272955343,HOME_GOAL_FT,1,,1.0,
15955,2021-01-17 14:00:00,Ligue_1,2020/21,Strasbourg,Saint-Etienne,40,1,0,1,,0.6465545935850421,HOME_GOAL_FT,0,,0.0,
15962,2021-01-22 20:00:00,Ligue_1,2020/21,Paris Saint Germain,Montpellier,40,1,0,1,,0.7331329377276287,HOME_GOAL_FT,1,,1.0,
15967,2021-01-31 16:00:00,Ligue_1,2020/21,Lille,Dijon,40,1,0,1,,0.68008895858761,HOME_GOAL_FT,0,,0.0,
15969,2021-01-31 14:00:00,Ligue_1,2020/21,Lorient,Paris Saint Germain,40,1,0,1,,0.6379087170100531,HOME_GOAL_FT,1,,1.0,
15980,2021-02-03 20:00:00,Ligue_1,2020/21,Monaco,Nice,40,1,0,1,,0.6658190328604942,HOME_GOAL_FT,1,,1.0,
15981,2021-02-03 20:00:00,Ligue_1,2020/21,Paris Saint Germain,Nimes,40,2,0,2,,0.6817919533536492,HOME_GOAL_FT,1,,1.0,
15985,2021-02-03 18:00:00,Ligue_1,2020/21,Strasbourg,Brest,40,1,0,1,,0.6251492203728313,HOME_GOAL_FT,1,,1.0,
15986,2021-02-07 14:00:00,Ligue_1,2020/21,Montpellier,Dijon,45,0,1,1,,0.635735400042885,HOME_GOAL_FT,1,,1.0,
15989,2021-02-07 14:00:00,Ligue_1,2020/21,Nimes,Monaco,40,2,2,4,,0.6554466750044502,HOME_GOAL_FT,1,,1.0,
15994,2021-02-06 18:00:00,Ligue_1,2020/21,Lyon,Strasbourg,40,2,0,2,,0.6957408255328938,HOME_GOAL_FT,1,,1.0,
16000,2021-02-13 20:00:00,Ligue_1,2020/21,Lyon,Montpellier,40,0,1,1,,0.628554973562708,HOME_GOAL_FT,1,,1.0,
16002,2021-02-14 12:00:00,Ligue_1,2020/21,Monaco,Lorient,40,0,1,1,,0.630369954165034,HOME_GOAL_FT,1,,1.0,
16003,2021-02-13 16:00:00,Ligue_1,2020/21,Paris Saint Germain,Nice,40,1,0,1,,0.688790172995339,HOME_GOAL_FT,1,,1.0,
16016,2021-02-28 14:00:00,Ligue_1,2020/21,Angers,Lens,40,2,1,3,,0.6345472412057959,HOME_GOAL_FT,0,,0.0,
16027,2021-03-03 18:00:00,Ligue_1,2020/21,Brest,Dijon,40,3,1,4,,0.6629750081247342,HOME_GOAL_FT,0,,0.0,
16028,2021-03-03 20:00:00,Ligue_1,2020/21,Lille,Marseille,40,0,0,0,,0.6369736447111408,HOME_GOAL_FT,1,,1.0,
16030,2021-03-03 18:00:00,Ligue_1,2020/21,Metz,Angers,40,0,0,0,,0.6323720289180614,HOME_GOAL_FT,0,,0.0,
16032,2021-03-03 20:00:00,Ligue_1,2020/21,Nantes,Reims,40,1,1,2,,0.6459930616700381,HOME_GOAL_FT,0,,0.0,
16034,2021-03-03 18:00:00,Ligue_1,2020/21,Saint-Etienne,Lens,40,1,2,3,,0.6405723082649188,HOME_GOAL_FT,1,,1.0,
16041,2021-03-14 14:00:00,Ligue_1,2020/21,Lorient,Nice,40,0,0,0,,0.6682358785962139,HOME_GOAL_FT,1,,1.0,
16044,2021-03-14 20:00:00,Ligue_1,2020/21,Paris Saint Germain,Nantes,40,0,0,0,,0.6386531790669178,HOME_GOAL_FT,1,,1.0,
16048,2021-03-21 14:00:00,Ligue_1,2020/21,Montpellier,Bordeaux,40,1,1,2,,0.6389520681202044,HOME_GOAL_FT,1,,1.0,
16056,2021-04-03 15:00:00,Ligue_1,2020/21,Paris Saint Germain,Lille,40,0,1,1,,0.64902005496471,HOME_GOAL_FT,0,,0.0,
16061,2021-04-04 13:00:00,Ligue_1,2020/21,Lorient,Brest,40,0,0,0,,0.6286722461847187,HOME_GOAL_FT,1,,1.0,
16063,2021-04-03 11:00:00,Ligue_1,2020/21,Monaco,Metz,40,0,0,0,,0.6314419019888762,HOME_GOAL_FT,1,,1.0,
16068,2021-04-11 19:00:00,Ligue_1,2020/21,Lyon,Angers,40,2,0,2,,0.6550287828577975,HOME_GOAL_FT,1,,1.0,
16069,2021-04-09 19:00:00,Ligue_1,2020/21,Metz,Lille,40,0,0,0,,0.656704056141863,HOME_GOAL_FT,0,,0.0,
16070,2021-04-11 15:05:00,Ligue_1,2020/21,Monaco,Dijon,48,1,0,1,,0.6279724523481557,HOME_GOAL_FT,1,,1.0,
16076,2021-04-18 13:00:00,Ligue_1,2020/21,Reims,Metz,40,0,0,0,,0.6311498566587612,HOME_GOAL_FT,0,,0.0,
16086,2021-04-25 13:00:00,Ligue_1,2020/21,Lorient,Bordeaux,40,2,0,2,,0.6353484429500705,HOME_GOAL_FT,1,,1.0,
16091,2021-04-25 13:00:00,Ligue_1,2020/21,Rennes,Dijon,40,1,1,2,,0.6817505138202852,HOME_GOAL_FT,1,,1.0,
16099,2021-05-02 13:00:00,Ligue_1,2020/21,Lorient,Angers,42,0,0,0,,0.6436434868730805,HOME_GOAL_FT,1,,1.0,
16103,2021-05-02 13:00:00,Ligue_1,2020/21,Nimes,Reims,46,1,1,2,,0.6261502281863149,HOME_GOAL_FT,1,,1.0,
16104,2021-05-01 15:00:00,Ligue_1,2020/21,Paris Saint Germain,Lens,40,1,0,1,,0.6658293237791626,HOME_GOAL_FT,1,,1.0,
16108,2021-05-08 15:00:00,Ligue_1,2020/21,Lyon,Lorient,40,0,0,0,,0.6430602103508652,HOME_GOAL_FT,1,,1.0,
16111,2021-05-09 13:00:00,Ligue_1,2020/21,Nice,Brest,40,1,1,2,,0.6653941214737774,HOME_GOAL_FT,1,,1.0,
16114,2021-05-09 11:00:00,Ligue_1,2020/21,Saint-Etienne,Marseille,42,1,0,1,,0.6383935378562954,HOME_GOAL_FT,0,,0.0,
16120,2021-05-16 19:00:00,Ligue_1,2020/21,Marseille,Angers,40,1,0,1,,0.7056210792008459,HOME_GOAL_FT,1,,1.0,
16125,2021-05-16 19:00:00,Ligue_1,2020/21,Paris Saint Germain,Reims,40,2,0,2,,0.7620163617312623,HOME_GOAL_FT,1,,1.0,
16134,2021-05-23 19:00:00,Ligue_1,2020/21,Saint-Etienne,Dijon,40,0,1,1,,0.6866466724635515,HOME_GOAL_FT,0,,0.0,
16151,2021-08-02 17:00:00,RFPL,2021/22,FK Akhmat,PFC Sochi,40,0,0,0,,0.6256712441595408,HOME_GOAL_FT,1,,1.0,
16155,2021-08-07 17:00:00,RFPL,2021/22,Spartak Moscow,Nizhny Novgorod,43,0,2,2,,0.6400200338079192,HOME_GOAL_FT,1,,1.0,
16160,2021-08-14 14:30:00,RFPL,2021/22,Spartak Moscow,Ural,40,1,0,1,,0.6290884069156067,HOME_GOAL_FT,0,,0.0,
16161,2021-08-14 14:30:00,RFPL,2021/22,Nizhny Novgorod,FC Ufa,40,0,0,0,,0.6737043642179156,HOME_GOAL_FT,1,,1.0,
16166,2021-08-15 17:00:00,RFPL,2021/22,FC Krasnodar,Arsenal Tula,40,3,1,4,,0.7070390579217694,HOME_GOAL_FT,0,,0.0,
16175,2021-08-21 17:00:00,RFPL,2021/22,Krylya Sovetov Samara,PFC Sochi,40,1,0,1,,0.6339778682292535,HOME_GOAL_FT,0,,0.0,
16176,2021-08-27 16:00:00,RFPL,2021/22,Dinamo Moscow,Lokomotiv Moscow,40,1,1,2,,0.6750649312479632,HOME_GOAL_FT,0,,0.0,
16178,2021-08-26 17:30:00,RFPL,2021/22,FK Akhmat,Arsenal Tula,40,1,1,2,,0.657958088509636,HOME_GOAL_FT,1,,1.0,
16187,2021-09-12 16:00:00,RFPL,2021/22,Dinamo Moscow,Nizhny Novgorod,40,1,0,1,,0.6323964396253086,HOME_GOAL_FT,0,,0.0,
16189,2021-09-12 13:30:00,RFPL,2021/22,PFC Sochi,FC Ufa,40,2,0,2,,0.688623604686407,HOME_GOAL_FT,1,,1.0,
16192,2021-09-18 13:30:00,RFPL,2021/22,Krylya Sovetov Samara,FC Rostov,40,0,1,1,,0.6312554192214039,HOME_GOAL_FT,1,,1.0,
16200,2021-09-25 13:30:00,RFPL,2021/22,Zenit St. Petersburg,Krylya Sovetov Samara,40,1,1,2,,0.6608725474499031,HOME_GOAL_FT,1,,1.0,
16201,2021-09-25 16:00:00,RFPL,2021/22,Spartak Moscow,FC Ufa,50,2,0,2,,0.625252949130327,HOME_GOAL_FT,0,,0.0,
16203,2021-09-26 16:00:00,RFPL,2021/22,FC Krasnodar,PFC Sochi,40,2,0,2,,0.6897629319167932,HOME_GOAL_FT,1,,1.0,
16204,2021-09-26 11:00:00,RFPL,2021/22,Dinamo Moscow,Rubin Kazan,40,1,0,1,,0.6304383998810418,HOME_GOAL_FT,1,,1.0,
16207,2021-09-27 14:00:00,RFPL,2021/22,Ural,Arsenal Tula,40,2,0,2,,0.6632908241615795,HOME_GOAL_FT,0,,0.0,
16210,2021-10-02 13:30:00,RFPL,2021/22,Dinamo Moscow,Krylya Sovetov Samara,42,0,1,1,,0.6306761090537175,HOME_GOAL_FT,0,,0.0,
16217,2021-10-17 16:00:00,RFPL,2021/22,FC Krasnodar,FC Ufa,40,0,1,1,,0.6402156301528931,HOME_GOAL_FT,1,,1.0,
16218,2021-10-17 13:30:00,RFPL,2021/22,Krylya Sovetov Samara,Nizhny Novgorod,40,1,0,1,,0.6455701022168209,HOME_GOAL_FT,1,,1.0,
16219,2021-10-16 16:00:00,RFPL,2021/22,PFC Sochi,FC Rostov,40,3,0,3,,0.6666776516919112,HOME_GOAL_FT,0,,0.0,
16223,2021-10-17 13:30:00,RFPL,2021/22,Khimki,FK Akhmat,40,1,0,1,,0.626378778255304,HOME_GOAL_FT,1,,1.0,
16227,2021-10-22 16:00:00,RFPL,2021/22,Dinamo Moscow,Khimki,40,2,0,2,,0.6590501474643305,HOME_GOAL_FT,1,,1.0,
16229,2021-10-24 13:30:00,RFPL,2021/22,FK Akhmat,Ural,40,0,0,0,,0.6712044223176652,HOME_GOAL_FT,1,,1.0,
16231,2021-10-24 11:00:00,RFPL,2021/22,FC Ufa,Rubin Kazan,40,1,0,1,,0.6445438955518864,HOME_GOAL_FT,0,,0.0,
16232,2021-10-29 16:00:00,RFPL,2021/22,Zenit St. Petersburg,Dinamo Moscow,40,1,0,1,,0.6271613438396206,HOME_GOAL_FT,1,,1.0,
16239,2021-10-30 11:00:00,RFPL,2021/22,Rubin Kazan,CSKA Moscow,41,0,0,0,,0.6281201010421816,HOME_GOAL_FT,1,,1.0,
16244,2021-11-07 16:00:00,RFPL,2021/22,FK Akhmat,Nizhny Novgorod,40,1,0,1,,0.6932426927546883,HOME_GOAL_FT,1,,1.0,
16245,2021-11-06 16:00:00,RFPL,2021/22,PFC Sochi,CSKA Moscow,40,3,0,3,,0.6835854588644223,HOME_GOAL_FT,1,,1.0,
16248,2021-11-19 16:00:00,RFPL,2021/22,Zenit St. Petersburg,Nizhny Novgorod,40,2,1,3,,0.7435161226045287,HOME_GOAL_FT,1,,1.0,
16253,2021-11-21 13:30:00,RFPL,2021/22,Dinamo Moscow,Arsenal Tula,40,4,0,4,,0.6484058785044075,HOME_GOAL_FT,1,,1.0,
16255,2021-11-21 16:00:00,RFPL,2021/22,PFC Sochi,Rubin Kazan,40,1,1,2,,0.6616911367149981,HOME_GOAL_FT,0,,0.0,
16257,2021-11-27 13:30:00,RFPL,2021/22,FK Akhmat,FC Rostov,40,1,0,1,,0.6581042996795196,HOME_GOAL_FT,1,,1.0,
16266,2021-12-04 11:00:00,RFPL,2021/22,Krylya Sovetov Samara,CSKA Moscow,40,0,0,0,,0.6568048973768407,HOME_GOAL_FT,0,,0.0,
16267,2021-12-05 13:30:00,RFPL,2021/22,Dinamo Moscow,FC Ufa,40,1,0,1,,0.6562653057002236,HOME_GOAL_FT,1,,1.0,
16274,2021-12-11 11:00:00,RFPL,2021/22,Krylya Sovetov Samara,Rubin Kazan,40,0,0,0,,0.7064727601164478,HOME_GOAL_FT,1,,1.0,
16278,2021-12-12 13:30:00,RFPL,2021/22,FK Akhmat,Khimki,40,1,0,1,,0.7318981968427217,HOME_GOAL_FT,1,,1.0,
16377,2021-08-14 11:30:00,EPL,2021/22,Manchester United,Leeds,40,1,0,1,,0.6267672616487457,HOME_GOAL_FT,1,,1.0,
16378,2021-08-14 14:00:00,EPL,2021/22,Burnley,Brighton,40,1,0,1,,0.6578265687659877,HOME_GOAL_FT,0,,0.0,
16379,2021-08-14 14:00:00,EPL,2021/22,Chelsea,Crystal Palace,40,2,0,2,,0.6619300677583805,HOME_GOAL_FT,1,,1.0,
16382,2021-08-14 14:00:00,EPL,2021/22,Watford,Aston Villa,40,1,0,1,,0.6487009073574243,HOME_GOAL_FT,1,,1.0,
16386,2021-08-21 11:30:00,EPL,2021/22,Liverpool,Burnley,40,1,0,1,,0.6370739541348235,HOME_GOAL_FT,1,,1.0,
16396,2021-08-28 11:30:00,EPL,2021/22,Manchester City,Arsenal,40,2,0,2,,0.6275960647549417,HOME_GOAL_FT,1,,1.0,
16401,2021-08-28 14:00:00,EPL,2021/22,West Ham,Crystal Palace,40,1,0,1,,0.6635997994566306,HOME_GOAL_FT,1,,1.0,
16406,2021-09-11 11:30:00,EPL,2021/22,Crystal Palace,Tottenham,41,0,0,0,,0.6771748599679857,HOME_GOAL_FT,1,,1.0,
16410,2021-09-11 14:00:00,EPL,2021/22,Manchester United,Newcastle United,40,0,0,0,,0.6629472019783724,HOME_GOAL_FT,1,,1.0,
16420,2021-09-18 14:00:00,EPL,2021/22,Liverpool,Crystal Palace,40,0,0,0,,0.7042750322651725,HOME_GOAL_FT,1,,1.0,
16423,2021-09-19 13:00:00,EPL,2021/22,Brighton,Leicester,40,1,0,1,,0.6434051768598517,HOME_GOAL_FT,1,,1.0,
16430,2021-09-25 14:00:00,EPL,2021/22,Leicester,Burnley,40,1,1,2,,0.6551190324811121,HOME_GOAL_FT,1,,1.0,
16438,2021-10-02 14:00:00,EPL,2021/22,Chelsea,Southampton,40,1,0,1,,0.6587730789143691,HOME_GOAL_FT,1,,1.0,
16440,2021-10-02 14:00:00,EPL,2021/22,Leeds,Watford,40,1,0,1,,0.6634293542883855,HOME_GOAL_FT,0,,0.0,
16445,2021-10-02 14:00:00,EPL,2021/22,Wolverhampton Wanderers,Newcastle United,40,1,1,2,,0.640799444855985,HOME_GOAL_FT,1,,1.0,
16451,2021-10-16 14:00:00,EPL,2021/22,Manchester City,Burnley,40,1,0,1,,0.654821870331681,HOME_GOAL_FT,1,,1.0,
16454,2021-10-16 14:00:00,EPL,2021/22,Southampton,Leeds,40,0,0,0,,0.6794975173858987,HOME_GOAL_FT,1,,1.0,
16456,2021-10-22 19:00:00,EPL,2021/22,Arsenal,Aston Villa,40,1,0,1,,0.7275831882394015,HOME_GOAL_FT,1,,1.0,
16457,2021-10-24 13:00:00,EPL,2021/22,Brentford,Leicester,40,0,1,1,,0.6740662913653016,HOME_GOAL_FT,1,,1.0,
16459,2021-10-23 11:30:00,EPL,2021/22,Chelsea,Norwich,40,2,0,2,,0.6464414110611431,HOME_GOAL_FT,1,,1.0,
16461,2021-10-23 14:00:00,EPL,2021/22,Everton,Watford,40,1,1,2,,0.6277109444936649,HOME_GOAL_FT,1,,1.0,
16464,2021-10-23 14:00:00,EPL,2021/22,Southampton,Burnley,40,1,1,2,,0.6604285744151577,HOME_GOAL_FT,1,,1.0,
16467,2021-10-30 14:00:00,EPL,2021/22,Burnley,Brentford,40,3,0,3,,0.7148486850217872,HOME_GOAL_FT,0,,0.0,
16475,2021-11-01 20:00:00,EPL,2021/22,Wolverhampton Wanderers,Everton,40,2,0,2,,0.6440765232611085,HOME_GOAL_FT,0,,0.0,
16476,2021-11-07 14:00:00,EPL,2021/22,Arsenal,Watford,40,0,0,0,,0.6555430411487989,HOME_GOAL_FT,1,,1.0,
16477,2021-11-06 15:00:00,EPL,2021/22,Brentford,Norwich,40,0,2,2,,0.6420744630736663,HOME_GOAL_FT,1,,1.0,
16479,2021-11-06 15:00:00,EPL,2021/22,Chelsea,Burnley,40,1,0,1,,0.6766317949874104,HOME_GOAL_FT,0,,0.0,
16482,2021-11-07 14:00:00,EPL,2021/22,Leeds,Leicester,56,1,1,2,,0.6272973133946901,HOME_GOAL_FT,0,,0.0,
16489,2021-11-20 17:30:00,EPL,2021/22,Liverpool,Arsenal,40,1,0,1,,0.6831623302141049,HOME_GOAL_FT,1,,1.0,
16490,2021-11-21 14:00:00,EPL,2021/22,Manchester City,Everton,40,0,0,0,,0.650943153234075,HOME_GOAL_FT,1,,1.0,
16491,2021-11-20 15:00:00,EPL,2021/22,Newcastle United,Brentford,40,2,2,4,,0.6459741221450971,HOME_GOAL_FT,1,,1.0,
16494,2021-11-20 15:00:00,EPL,2021/22,Watford,Manchester United,40,1,0,1,,0.7022652865741479,HOME_GOAL_FT,1,,1.0,
16496,2021-11-27 12:30:00,EPL,2021/22,Arsenal,Newcastle United,40,0,0,0,,0.6518550049179301,HOME_GOAL_FT,1,,1.0,
16498,2021-11-27 17:30:00,EPL,2021/22,Brighton,Leeds,40,0,0,0,,0.6830505085543279,HOME_GOAL_FT,0,,0.0,
16500,2021-11-28 16:30:00,EPL,2021/22,Chelsea,Manchester United,40,0,0,0,,0.67595902115793,HOME_GOAL_FT,1,,1.0,
16503,2021-11-27 15:00:00,EPL,2021/22,Liverpool,Southampton,40,3,0,3,,0.719346557158852,HOME_GOAL_FT,1,,1.0,
16504,2021-11-28 14:00:00,EPL,2021/22,Manchester City,West Ham,40,1,0,1,,0.709741953946105,HOME_GOAL_FT,1,,1.0,
16514,2021-12-01 19:30:00,EPL,2021/22,Southampton,Leicester,40,2,1,3,,0.651780593231845,HOME_GOAL_FT,0,,0.0,
16519,2021-12-05 14:00:00,EPL,2021/22,Manchester United,Crystal Palace,40,0,0,0,,0.6386634022634308,HOME_GOAL_FT,1,,1.0,
16521,2021-12-04 15:00:00,EPL,2021/22,Southampton,Brighton,40,1,0,1,,0.629141859424266,HOME_GOAL_FT,0,,0.0,
16522,2021-12-05 14:00:00,EPL,2021/22,Tottenham,Norwich,40,1,0,1,,0.6388836457720714,HOME_GOAL_FT,1,,1.0,
16531,2021-12-12 16:30:00,EPL,2021/22,Crystal Palace,Everton,40,1,0,1,,0.6467285385940268,HOME_GOAL_FT,1,,1.0,
16757,2021-08-21 16:30:00,Serie_A,2021/22,Inter,Genoa,40,2,0,2,,0.6490611098447694,HOME_GOAL_FT,1,,1.0,
16758,2021-08-21 18:45:00,Serie_A,2021/22,Torino,Atalanta,40,0,1,1,,0.6360820510327898,HOME_GOAL_FT,1,,1.0,
16760,2021-08-22 16:30:00,Serie_A,2021/22,Bologna,Salernitana,40,0,0,0,,0.6403391336893683,HOME_GOAL_FT,1,,1.0,
16764,2021-08-23 16:30:00,Serie_A,2021/22,Cagliari,Spezia,40,0,1,1,,0.6383463413898506,HOME_GOAL_FT,1,,1.0,
16766,2021-08-27 16:30:00,Serie_A,2021/22,Udinese,Venezia,40,1,0,1,,0.6483441273371303,HOME_GOAL_FT,1,,1.0,
16772,2021-08-29 16:30:00,Serie_A,2021/22,Sassuolo,Sampdoria,42,0,0,0,,0.6382333860208756,HOME_GOAL_FT,0,,0.0,
16774,2021-08-29 18:45:00,Serie_A,2021/22,AC Milan,Cagliari,40,3,1,4,,0.6965519508997656,HOME_GOAL_FT,1,,1.0,
16777,2021-09-13 18:45:00,Serie_A,2021/22,Bologna,Verona,40,0,0,0,,0.6265744015327674,HOME_GOAL_FT,1,,1.0,
16780,2021-09-12 16:00:00,Serie_A,2021/22,AC Milan,Lazio,40,0,0,0,,0.627658860259277,HOME_GOAL_FT,1,,1.0,
16784,2021-09-12 13:00:00,Serie_A,2021/22,Spezia,Udinese,40,0,0,0,,0.6288156824974567,HOME_GOAL_FT,0,,0.0,
16785,2021-09-12 13:00:00,Serie_A,2021/22,Torino,Salernitana,44,1,0,1,,0.6311684130278512,HOME_GOAL_FT,1,,1.0,
16789,2021-09-18 16:00:00,Serie_A,2021/22,Inter,Bologna,44,3,0,3,,0.6279341097505042,HOME_GOAL_FT,1,,1.0,
16796,2021-09-21 18:45:00,Serie_A,2021/22,Atalanta,Sassuolo,40,2,0,2,,0.6715593385284531,HOME_GOAL_FT,0,,0.0,
16799,2021-09-21 18:45:00,Serie_A,2021/22,Fiorentina,Inter,40,1,0,1,,0.6604654600596273,HOME_GOAL_FT,0,,0.0,
16800,2021-09-22 18:45:00,Serie_A,2021/22,AC Milan,Venezia,40,0,0,0,,0.6494170786353314,HOME_GOAL_FT,1,,1.0,
16801,2021-09-23 18:45:00,Serie_A,2021/22,Roma,Udinese,40,1,0,1,,0.6797615177252948,HOME_GOAL_FT,0,,0.0,
16805,2021-09-23 16:30:00,Serie_A,2021/22,Torino,Lazio,41,0,0,0,,0.6316198372364451,HOME_GOAL_FT,1,,1.0,
16809,2021-09-26 10:30:00,Serie_A,2021/22,Juventus,Sampdoria,40,1,0,1,,0.6582916746930333,HOME_GOAL_FT,1,,1.0,
16815,2021-09-26 18:45:00,Serie_A,2021/22,Napoli,Cagliari,40,1,0,1,,0.6280237590113085,HOME_GOAL_FT,1,,1.0,
16838,2021-10-24 13:00:00,Serie_A,2021/22,Fiorentina,Cagliari,40,1,0,1,,0.7122437948021675,HOME_GOAL_FT,1,,1.0,
16839,2021-10-24 13:00:00,Serie_A,2021/22,Verona,Lazio,40,2,0,2,,0.749786765687747,HOME_GOAL_FT,1,,1.0,
16845,2021-10-22 16:30:00,Serie_A,2021/22,Torino,Genoa,40,2,0,2,,0.6497561886713193,HOME_GOAL_FT,1,,1.0,
16850,2021-10-26 18:45:00,Serie_A,2021/22,AC Milan,Torino,40,1,0,1,,0.6408506263087443,HOME_GOAL_FT,0,,0.0,
16851,2021-10-28 18:45:00,Serie_A,2021/22,Napoli,Bologna,40,2,0,2,,0.6789000797109518,HOME_GOAL_FT,1,,1.0,
16854,2021-10-27 16:30:00,Serie_A,2021/22,Udinese,Verona,40,1,0,1,,0.6686833946527271,HOME_GOAL_FT,0,,0.0,
16858,2021-10-31 14:00:00,Serie_A,2021/22,Fiorentina,Spezia,40,0,0,0,,0.7300791249272438,HOME_GOAL_FT,1,,1.0,
16859,2021-10-31 14:00:00,Serie_A,2021/22,Genoa,Venezia,40,0,0,0,,0.6286080189043531,HOME_GOAL_FT,0,,0.0,
16861,2021-10-31 11:30:00,Serie_A,2021/22,Inter,Udinese,40,0,0,0,,0.642051360998099,HOME_GOAL_FT,1,,1.0,
16869,2021-11-07 17:00:00,Serie_A,2021/22,Lazio,Salernitana,40,2,0,2,,0.6786372179678803,HOME_GOAL_FT,1,,1.0,
16876,2021-11-20 14:00:00,Serie_A,2021/22,Atalanta,Spezia,40,3,1,4,,0.6729323012177127,HOME_GOAL_FT,1,,1.0,
16877,2021-11-21 14:00:00,Serie_A,2021/22,Bologna,Venezia,40,0,0,0,,0.6406803860981649,HOME_GOAL_FT,0,,0.0,
16881,2021-11-21 17:00:00,Serie_A,2021/22,Inter,Napoli,40,1,1,2,,0.6694067794242133,HOME_GOAL_FT,1,,1.0,
16884,2021-11-21 11:30:00,Serie_A,2021/22,Sassuolo,Cagliari,40,1,1,2,,0.6889173554551552,HOME_GOAL_FT,1,,1.0,
16886,2021-11-26 19:45:00,Serie_A,2021/22,Cagliari,Salernitana,44,0,0,0,,0.6307070806538494,HOME_GOAL_FT,1,,1.0,
16890,2021-11-28 19:45:00,Serie_A,2021/22,Napoli,Lazio,40,3,0,3,,0.6307668830937074,HOME_GOAL_FT,1,,1.0,
16898,2021-11-30 17:30:00,Serie_A,2021/22,Fiorentina,Sampdoria,40,2,1,3,,0.6683284914427323,HOME_GOAL_FT,1,,1.0,
16901,2021-12-01 17:30:00,Serie_A,2021/22,Inter,Spezia,40,1,0,1,,0.6613661377515251,HOME_GOAL_FT,0,,0.0,
16902,2021-12-02 19:45:00,Serie_A,2021/22,Lazio,Udinese,40,1,2,3,,0.6412430715757951,HOME_GOAL_FT,1,,1.0,
16905,2021-12-02 17:30:00,Serie_A,2021/22,Torino,Empoli,40,2,1,3,,0.6392639318449189,HOME_GOAL_FT,0,,0.0,
16909,2021-12-05 19:45:00,Serie_A,2021/22,Juventus,Genoa,40,1,0,1,,0.7364770959217886,HOME_GOAL_FT,1,,1.0,
16910,2021-12-04 14:00:00,Serie_A,2021/22,AC Milan,Salernitana,40,2,0,2,,0.6833007326142008,HOME_GOAL_FT,0,,0.0,
16915,2021-12-05 14:00:00,Serie_A,2021/22,Venezia,Verona,40,3,0,3,,0.6365376792283779,HOME_GOAL_FT,0,,0.0,
16919,2021-12-12 19:45:00,Serie_A,2021/22,Inter,Cagliari,40,1,0,1,,0.6257058390373015,HOME_GOAL_FT,1,,1.0,
16922,2021-12-12 17:00:00,Serie_A,2021/22,Sassuolo,Lazio,40,0,1,1,,0.6502460557526143,HOME_GOAL_FT,1,,1.0,
16924,2021-12-11 19:45:00,Serie_A,2021/22,Udinese,AC Milan,40,1,0,1,,0.646864213162007,HOME_GOAL_FT,0,,0.0,
17142,2021-08-15 18:00:00,La_liga,2021/22,Barcelona,Real Sociedad,40,1,0,1,,0.6551851409490177,HOME_GOAL_FT,1,,1.0,
17143,2021-08-15 20:15:00,La_liga,2021/22,Sevilla,Rayo Vallecano,40,1,0,1,,0.6581369170485292,HOME_GOAL_FT,1,,1.0,
17144,2021-08-16 18:00:00,La_liga,2021/22,Villarreal,Granada,40,0,0,0,,0.6379628150080369,HOME_GOAL_FT,0,,0.0,
17146,2021-08-20 19:00:00,La_liga,2021/22,Real Betis,Cadiz,45,1,1,2,,0.6327839462875197,HOME_GOAL_FT,0,,0.0,
17155,2021-08-23 20:00:00,La_liga,2021/22,Osasuna,Celta Vigo,40,0,0,0,,0.6467662980560528,HOME_GOAL_FT,0,,0.0,
17164,2021-08-29 17:30:00,La_liga,2021/22,Rayo Vallecano,Granada,40,2,0,2,,0.6702126204894496,HOME_GOAL_FT,1,,1.0,
17165,2021-08-29 20:00:00,La_liga,2021/22,Atletico Madrid,Villarreal,40,0,0,0,,0.6924263044134015,HOME_GOAL_FT,1,,1.0,
17166,2021-09-11 19:00:00,La_liga,2021/22,Athletic Club,Mallorca,40,0,0,0,,0.6700472470467943,HOME_GOAL_FT,1,,1.0,
17179,2021-09-19 16:30:00,La_liga,2021/22,Real Betis,Espanyol,40,1,1,2,,0.6282159771670306,HOME_GOAL_FT,1,,1.0,
17190,2021-09-22 20:00:00,La_liga,2021/22,Real Madrid,Mallorca,40,3,1,4,,0.6350838314169671,HOME_GOAL_FT,1,,1.0,
17196,2021-09-26 14:15:00,La_liga,2021/22,Barcelona,Levante,40,2,0,2,,0.6929439329514995,HOME_GOAL_FT,1,,1.0,
17198,2021-09-26 16:30:00,La_liga,2021/22,Rayo Vallecano,Cadiz,40,1,1,2,,0.6313889231435784,HOME_GOAL_FT,1,,1.0,
17200,2021-09-25 16:30:00,La_liga,2021/22,Sevilla,Espanyol,40,1,0,1,,0.6429312472050482,HOME_GOAL_FT,1,,1.0,
17203,2021-09-26 12:00:00,La_liga,2021/22,Mallorca,Osasuna,48,2,1,3,,0.6594335340543765,HOME_GOAL_FT,0,,0.0,
17211,2021-10-01 19:00:00,La_liga,2021/22,Athletic Club,Alaves,40,0,0,0,,0.6506388744831617,HOME_GOAL_FT,1,,1.0,
17220,2021-10-18 19:00:00,La_liga,2021/22,Espanyol,Cadiz,45,1,0,1,,0.6473343012375419,HOME_GOAL_FT,1,,1.0,
17222,2021-12-01 20:00:00,La_liga,2021/22,Real Madrid,Athletic Club,40,1,0,1,,0.7027741135469887,HOME_GOAL_FT,0,,0.0,
17231,2021-10-23 14:15:00,La_liga,2021/22,Cadiz,Alaves,40,0,1,1,,0.6513762593774481,HOME_GOAL_FT,0,,0.0,
17234,2021-10-24 14:15:00,La_liga,2021/22,Barcelona,Real Madrid,40,0,1,1,,0.6283884612552456,HOME_GOAL_FT,1,,1.0,
17237,2021-10-27 19:30:00,La_liga,2021/22,Real Madrid,Osasuna,40,0,0,0,,0.6493982722367135,HOME_GOAL_FT,0,,0.0,
17239,2021-10-26 17:00:00,La_liga,2021/22,Alaves,Elche,46,1,0,1,,0.6252280657759323,HOME_GOAL_FT,0,,0.0,
17245,2021-10-27 17:00:00,La_liga,2021/22,Mallorca,Sevilla,48,1,0,1,,0.6305790970181921,HOME_GOAL_FT,0,,0.0,
17251,2021-10-31 15:15:00,La_liga,2021/22,Atletico Madrid,Real Betis,40,1,0,1,,0.6781872604940002,HOME_GOAL_FT,1,,1.0,
17254,2021-10-31 13:00:00,La_liga,2021/22,Cadiz,Mallorca,40,0,1,1,,0.6301378227127952,HOME_GOAL_FT,1,,1.0,
17263,2021-11-06 20:00:00,La_liga,2021/22,Real Madrid,Rayo Vallecano,40,2,0,2,,0.6367887854866643,HOME_GOAL_FT,0,,0.0,
17267,2021-11-20 20:00:00,La_liga,2021/22,Barcelona,Espanyol,40,0,0,0,,0.666418183301579,HOME_GOAL_FT,1,,1.0,
17271,2021-11-19 20:00:00,La_liga,2021/22,Levante,Athletic Club,40,0,0,0,,0.6285134158392628,HOME_GOAL_FT,0,,0.0,
17274,2021-11-22 20:00:00,La_liga,2021/22,Rayo Vallecano,Mallorca,40,2,0,2,,0.6388400619322192,HOME_GOAL_FT,1,,1.0,
17278,2021-11-28 13:00:00,La_liga,2021/22,Real Betis,Levante,40,0,1,1,,0.6300667263071882,HOME_GOAL_FT,1,,1.0,
17282,2021-11-29 20:00:00,La_liga,2021/22,Osasuna,Elche,40,1,1,2,,0.6300942829398486,HOME_GOAL_FT,0,,0.0,
17297,2021-12-11 20:00:00,La_liga,2021/22,Athletic Club,Sevilla,40,0,1,1,,0.6615891955182378,HOME_GOAL_FT,0,,0.0,
17304,2021-12-11 17:30:00,La_liga,2021/22,Valencia,Elche,40,1,0,1,,0.6430516344638337,HOME_GOAL_FT,1,,1.0,
17519,2021-08-14 13:30:00,Bundesliga,2021/22,VfB Stuttgart,Greuther Fuerth,40,2,0,2,,0.696926299091063,HOME_GOAL_FT,1,,1.0,
17521,2021-08-14 13:30:00,Bundesliga,2021/22,Wolfsburg,Bochum,40,1,0,1,,0.7032327008089865,HOME_GOAL_FT,0,,0.0,
17522,2021-08-14 16:30:00,Bundesliga,2021/22,Borussia Dortmund,Eintracht Frankfurt,40,3,0,3,,0.6948994938818877,HOME_GOAL_FT,1,,1.0,
17525,2021-08-20 18:30:00,Bundesliga,2021/22,RasenBallsport Leipzig,VfB Stuttgart,40,1,0,1,,0.664934937603886,HOME_GOAL_FT,1,,1.0,
17526,2021-08-21 13:30:00,Bundesliga,2021/22,Greuther Fuerth,Arminia Bielefeld,49,1,1,2,,0.634134934215926,HOME_GOAL_FT,0,,0.0,
17530,2021-08-21 13:30:00,Bundesliga,2021/22,Eintracht Frankfurt,Augsburg,40,0,0,0,,0.657865070812362,HOME_GOAL_FT,0,,0.0,
17531,2021-08-21 16:30:00,Bundesliga,2021/22,Bayer Leverkusen,Borussia M.Gladbach,40,1,0,1,,0.6362051469266796,HOME_GOAL_FT,1,,1.0,
17533,2021-08-22 15:30:00,Bundesliga,2021/22,Bayern Munich,FC Cologne,42,0,0,0,,0.6271490756827787,HOME_GOAL_FT,1,,1.0,
17534,2021-08-27 18:30:00,Bundesliga,2021/22,Borussia Dortmund,Hoffenheim,40,0,0,0,,0.6829834805120266,HOME_GOAL_FT,1,,1.0,
17535,2021-08-28 13:30:00,Bundesliga,2021/22,FC Cologne,Bochum,40,0,0,0,,0.6918100666600223,HOME_GOAL_FT,1,,1.0,
17538,2021-08-28 13:30:00,Bundesliga,2021/22,Mainz 05,Greuther Fuerth,40,2,0,2,,0.6424501486104198,HOME_GOAL_FT,1,,1.0,
17540,2021-08-28 16:30:00,Bundesliga,2021/22,Bayern Munich,Hertha Berlin,40,2,0,2,,0.6338623855119583,HOME_GOAL_FT,1,,1.0,
17551,2021-09-12 17:30:00,Bundesliga,2021/22,Borussia M.Gladbach,Arminia Bielefeld,40,1,0,1,,0.6488403027963071,HOME_GOAL_FT,1,,1.0,
17556,2021-09-18 13:30:00,Bundesliga,2021/22,Bayern Munich,Bochum,40,3,0,3,,0.7373420438925202,HOME_GOAL_FT,1,,1.0,
17558,2021-09-19 13:30:00,Bundesliga,2021/22,VfB Stuttgart,Bayer Leverkusen,40,1,2,3,,0.636841250776839,HOME_GOAL_FT,0,,0.0,
17562,2021-09-25 13:30:00,Bundesliga,2021/22,Union Berlin,Arminia Bielefeld,40,0,0,0,,0.6545020360229431,HOME_GOAL_FT,1,,1.0,
17565,2021-09-25 13:30:00,Bundesliga,2021/22,RasenBallsport Leipzig,Hertha Berlin,40,2,0,2,,0.7061242466293504,HOME_GOAL_FT,1,,1.0,
17567,2021-09-25 16:30:00,Bundesliga,2021/22,Borussia M.Gladbach,Borussia Dortmund,40,1,0,1,,0.6493319936693546,HOME_GOAL_FT,0,,0.0,
17569,2021-09-26 15:30:00,Bundesliga,2021/22,Freiburg,Augsburg,40,3,0,3,,0.6941870942083789,HOME_GOAL_FT,0,,0.0,
17570,2021-10-01 18:30:00,Bundesliga,2021/22,FC Cologne,Greuther Fuerth,42,0,1,1,,0.62549342586387,HOME_GOAL_FT,1,,1.0,
17573,2021-10-03 13:30:00,Bundesliga,2021/22,Mainz 05,Union Berlin,41,1,0,1,,0.6252747670287544,HOME_GOAL_FT,0,,0.0,
17577,2021-10-02 16:30:00,Bundesliga,2021/22,RasenBallsport Leipzig,Bochum,40,0,0,0,,0.6772587269393178,HOME_GOAL_FT,1,,1.0,
17578,2021-10-03 15:30:00,Bundesliga,2021/22,Bayern Munich,Eintracht Frankfurt,40,1,1,2,,0.6408161619325693,HOME_GOAL_FT,0,,0.0,
17580,2021-10-17 15:30:00,Bundesliga,2021/22,Augsburg,Arminia Bielefeld,40,1,0,1,,0.6472247632424495,HOME_GOAL_FT,0,,0.0,
17583,2021-10-16 16:30:00,Bundesliga,2021/22,Borussia M.Gladbach,VfB Stuttgart,40,0,1,1,,0.6939294012665882,HOME_GOAL_FT,1,,1.0,
17592,2021-10-22 18:30:00,Bundesliga,2021/22,Mainz 05,Augsburg,40,3,0,3,,0.7387039365206147,HOME_GOAL_FT,1,,1.0,
17596,2021-10-23 13:30:00,Bundesliga,2021/22,Bayern Munich,Hoffenheim,42,2,0,2,,0.6372408594111749,HOME_GOAL_FT,1,,1.0,
17599,2021-10-29 18:30:00,Bundesliga,2021/22,Hoffenheim,Hertha Berlin,40,2,0,2,,0.6532387366159035,HOME_GOAL_FT,0,,0.0,
17600,2021-10-30 13:30:00,Bundesliga,2021/22,Freiburg,Greuther Fuerth,40,1,0,1,,0.6365416250194776,HOME_GOAL_FT,1,,1.0,
17608,2021-11-07 16:30:00,Bundesliga,2021/22,FC Cologne,Union Berlin,40,1,1,2,,0.6589306699919862,HOME_GOAL_FT,1,,1.0,
17611,2021-11-06 14:30:00,Bundesliga,2021/22,VfB Stuttgart,Arminia Bielefeld,40,0,1,1,,0.633081677905113,HOME_GOAL_FT,0,,0.0,
17613,2021-11-06 17:30:00,Bundesliga,2021/22,RasenBallsport Leipzig,Borussia Dortmund,40,1,0,1,,0.6437986527003194,HOME_GOAL_FT,1,,1.0,
17614,2021-11-06 14:30:00,Bundesliga,2021/22,Bayern Munich,Freiburg,40,1,0,1,,0.6855419059506737,HOME_GOAL_FT,1,,1.0,
17618,2021-11-20 14:30:00,Bundesliga,2021/22,Hoffenheim,RasenBallsport Leipzig,40,1,0,1,,0.645058646559337,HOME_GOAL_FT,1,,1.0,
17620,2021-11-20 14:30:00,Bundesliga,2021/22,Borussia M.Gladbach,Greuther Fuerth,40,2,0,2,,0.6419821006427974,HOME_GOAL_FT,1,,1.0,
17629,2021-11-28 14:30:00,Bundesliga,2021/22,Eintracht Frankfurt,Union Berlin,40,1,0,1,,0.632105012485539,HOME_GOAL_FT,1,,1.0,
17632,2021-11-27 17:30:00,Bundesliga,2021/22,Bayern Munich,Arminia Bielefeld,40,0,0,0,,0.6993259538483132,HOME_GOAL_FT,1,,1.0,
17635,2021-12-04 14:30:00,Bundesliga,2021/22,Mainz 05,Wolfsburg,40,2,0,2,,0.6312246349429097,HOME_GOAL_FT,1,,1.0,
17645,2021-12-11 14:30:00,Bundesliga,2021/22,Hertha Berlin,Arminia Bielefeld,40,0,0,0,,0.66671270768145,HOME_GOAL_FT,1,,1.0,
17649,2021-12-11 14:30:00,Bundesliga,2021/22,RasenBallsport Leipzig,Borussia M.Gladbach,40,2,0,2,,0.7166577943652069,HOME_GOAL_FT,1,,1.0,
17650,2021-12-11 14:30:00,Bundesliga,2021/22,Bayern Munich,Mainz 05,48,0,1,1,,0.6306301714756702,HOME_GOAL_FT,1,,1.0,
17829,2021-08-08 13:00:00,Ligue_1,2021/22,Nice,Reims,40,0,0,0,,0.6343812827022967,HOME_GOAL_FT,0,,0.0,
17834,2021-08-14 19:00:00,Ligue_1,2021/22,Paris Saint Germain,Strasbourg,40,3,0,3,,0.6446131333289362,HOME_GOAL_FT,1,,1.0,
17835,2021-08-15 11:00:00,Ligue_1,2021/22,Angers,Lyon,40,1,0,1,,0.6417084892407147,HOME_GOAL_FT,1,,1.0,
17840,2021-08-15 15:00:00,Ligue_1,2021/22,Lens,Saint-Etienne,40,1,1,2,,0.6717234330098978,HOME_GOAL_FT,1,,1.0,
17845,2021-08-22 11:00:00,Ligue_1,2021/22,Lyon,Clermont Foot,40,2,0,2,,0.6761471548092314,HOME_GOAL_FT,1,,1.0,
17849,2021-08-22 13:00:00,Ligue_1,2021/22,Montpellier,Lorient,40,0,0,0,,0.7560183843466238,HOME_GOAL_FT,1,,1.0,
17851,2021-10-27 21:00:00,Ligue_1,2021/22,Nice,Marseille,40,1,0,1,,0.6828856628967636,HOME_GOAL_FT,0,,0.0,
17870,2021-09-12 13:00:00,Ligue_1,2021/22,Metz,Troyes,40,0,0,0,,0.6598165985171086,HOME_GOAL_FT,0,,0.0,
17873,2021-09-17 19:00:00,Ligue_1,2021/22,Strasbourg,Metz,40,3,0,3,,0.6430125690604248,HOME_GOAL_FT,0,,0.0,
17877,2021-09-19 15:00:00,Ligue_1,2021/22,Marseille,Rennes,40,0,0,0,,0.667326554555764,HOME_GOAL_FT,1,,1.0,
17882,2021-09-22 19:00:00,Ligue_1,2021/22,Lens,Strasbourg,40,0,0,0,,0.6496602530556321,HOME_GOAL_FT,0,,0.0,
17889,2021-09-22 17:00:00,Ligue_1,2021/22,Rennes,Clermont Foot,40,2,0,2,,0.6673853349303922,HOME_GOAL_FT,1,,1.0,
17891,2021-09-22 17:00:00,Ligue_1,2021/22,Lille,Reims,42,2,0,2,,0.6265060530807972,HOME_GOAL_FT,0,,0.0,
17897,2021-09-25 19:00:00,Ligue_1,2021/22,Paris Saint Germain,Montpellier,41,1,0,1,,0.6259317742577634,HOME_GOAL_FT,1,,1.0,
17909,2021-10-02 19:00:00,Ligue_1,2021/22,Nice,Brest,40,0,0,0,,0.627031691904149,HOME_GOAL_FT,1,,1.0,
17922,2021-10-24 13:00:00,Ligue_1,2021/22,Lens,Metz,40,2,1,3,,0.6329847621478436,HOME_GOAL_FT,1,,1.0,
17929,2021-10-24 13:00:00,Ligue_1,2021/22,Reims,Troyes,40,1,1,2,,0.6507663688812214,HOME_GOAL_FT,0,,0.0,
17931,2021-10-22 19:00:00,Ligue_1,2021/22,Saint-Etienne,Angers,40,0,1,1,,0.6404740841553623,HOME_GOAL_FT,1,,1.0,
17940,2021-10-31 14:00:00,Ligue_1,2021/22,Strasbourg,Lorient,40,2,0,2,,0.6870041768409957,HOME_GOAL_FT,1,,1.0,
17943,2021-11-05 20:00:00,Ligue_1,2021/22,Lens,Troyes,40,3,0,3,,0.7221608956008186,HOME_GOAL_FT,1,,1.0,
17947,2021-11-07 14:00:00,Ligue_1,2021/22,Nantes,Strasbourg,40,1,0,1,,0.6563593135376834,HOME_GOAL_FT,1,,1.0,
17948,2021-11-07 16:00:00,Ligue_1,2021/22,Nice,Montpellier,40,0,0,0,,0.653025833720688,HOME_GOAL_FT,0,,0.0,
17950,2021-11-07 19:45:00,Ligue_1,2021/22,Rennes,Lyon,40,0,0,0,,0.7397445271594689,HOME_GOAL_FT,1,,1.0,
17954,2021-11-21 16:00:00,Ligue_1,2021/22,Clermont Foot,Nice,40,1,0,1,,0.6571179200424314,HOME_GOAL_FT,0,,0.0,
17956,2021-11-20 16:00:00,Ligue_1,2021/22,Paris Saint Germain,Nantes,40,1,0,1,,0.6554820243420212,HOME_GOAL_FT,1,,1.0,
17957,2021-11-20 20:00:00,Ligue_1,2021/22,Rennes,Montpellier,40,2,0,2,,0.6445835648033238,HOME_GOAL_FT,0,,0.0,
17964,2021-11-28 14:00:00,Ligue_1,2021/22,Bordeaux,Brest,42,1,0,1,,0.6410571325950853,HOME_GOAL_FT,0,,0.0,
17974,2021-12-01 20:00:00,Ligue_1,2021/22,Clermont Foot,Lens,47,1,1,2,,0.6343732370431698,HOME_GOAL_FT,1,,1.0,
17975,2021-12-01 20:00:00,Ligue_1,2021/22,Lyon,Reims,40,0,0,0,,0.6318853197632863,HOME_GOAL_FT,1,,1.0,
17978,2021-12-01 20:00:00,Ligue_1,2021/22,Paris Saint Germain,Nice,40,0,0,0,,0.6308242580177897,HOME_GOAL_FT,0,,0.0,
17980,2021-12-01 18:00:00,Ligue_1,2021/22,Strasbourg,Bordeaux,40,1,1,2,,0.6478640852091785,HOME_GOAL_FT,1,,1.0,
17982,2021-12-04 18:00:00,Ligue_1,2021/22,Lille,Troyes,47,1,1,2,,0.6326233443831029,HOME_GOAL_FT,1,,1.0,
17987,2021-12-04 16:00:00,Ligue_1,2021/22,Marseille,Brest,40,1,0,1,,0.6266873970525112,HOME_GOAL_FT,0,,0.0,
17991,2021-12-04 20:00:00,Ligue_1,2021/22,Lens,Paris Saint Germain,40,0,0,0,,0.6526334959812392,HOME_GOAL_FT,1,,1.0,
17994,2021-12-12 14:00:00,Ligue_1,2021/22,Angers,Clermont Foot,41,0,0,0,,0.6308369140007182,HOME_GOAL_FT,0,,0.0,
17997,2021-12-12 14:00:00,Ligue_1,2021/22,Troyes,Bordeaux,40,1,0,1,,0.6406702377708344,HOME_GOAL_FT,0,,0.0,
17998,2021-12-11 20:00:00,Ligue_1,2021/22,Reims,Saint-Etienne,40,1,0,1,,0.6444939419213401,HOME_GOAL_FT,1,,1.0,
18000,2021-12-10 20:00:00,Ligue_1,2021/22,Nantes,Lens,40,0,2,2,,0.6251806848202516,HOME_GOAL_FT,1,,1.0,
14012,2020-08-15 17:00:00,RFPL,2020/21,FC Rostov,Zenit St. Petersburg,40,0,1,1,,0.5860899284085124,AWAY_GOAL_FT,1,,,1.0
14016,2020-08-19 13:00:00,RFPL,2020/21,Ural,Lokomotiv Moscow,40,0,0,0,,0.5867357365090409,AWAY_GOAL_FT,1,,,1.0
14026,2020-08-22 17:00:00,RFPL,2020/21,FC Rotor Volgograd,PFC Sochi,40,0,1,1,,0.5935242834729729,AWAY_GOAL_FT,1,,,1.0
14029,2020-08-25 15:30:00,RFPL,2020/21,FC Tambov,PFC Sochi,40,0,0,0,,0.6546921004040624,AWAY_GOAL_FT,1,,,1.0
14033,2020-08-26 15:30:00,RFPL,2020/21,FC Rotor Volgograd,Spartak Moscow,40,0,0,0,,0.613948131829391,AWAY_GOAL_FT,1,,,1.0
14086,2020-09-12 11:30:00,EPL,2020/21,Fulham,Arsenal,40,0,1,1,,0.5816826468711145,AWAY_GOAL_FT,1,,,1.0
14105,2020-09-21 19:15:00,EPL,2020/21,Wolverhampton Wanderers,Manchester City,40,0,2,2,,0.5789295340448111,AWAY_GOAL_FT,1,,,1.0
14108,2020-09-26 16:30:00,EPL,2020/21,West Bromwich Albion,Chelsea,40,3,0,3,,0.5799265407802281,AWAY_GOAL_FT,1,,,1.0
14117,2020-09-19 18:45:00,Serie_A,2020/21,Verona,Roma,40,0,0,0,,0.6675657529711925,AWAY_GOAL_FT,0,,,0.0
14123,2020-09-26 13:00:00,Serie_A,2020/21,Torino,Atalanta,40,1,2,3,,0.583954635883416,AWAY_GOAL_FT,1,,,1.0
14124,2020-09-26 16:00:00,Serie_A,2020/21,Cagliari,Lazio,40,0,1,1,,0.6451320559829853,AWAY_GOAL_FT,1,,,1.0
14129,2020-09-27 13:00:00,Serie_A,2020/21,Verona,Udinese,46,0,0,0,,0.5887961358464988,AWAY_GOAL_FT,0,,,0.0
14130,2020-09-27 16:00:00,Serie_A,2020/21,Crotone,AC Milan,40,0,0,0,,0.595079032821058,AWAY_GOAL_FT,1,,,1.0
14133,2020-09-30 16:00:00,Serie_A,2020/21,Benevento,Inter,41,1,4,5,,0.6148423940179468,AWAY_GOAL_FT,1,,,1.0
14144,2020-09-13 19:00:00,La_liga,2020/21,Valencia,Levante,40,2,2,4,,0.586843332136118,AWAY_GOAL_FT,0,,,0.0
14149,2021-02-17 18:00:00,La_liga,2020/21,Levante,Atletico Madrid,40,1,1,2,,0.5833162441925589,AWAY_GOAL_FT,0,,,0.0
14152,2020-09-20 19:00:00,La_liga,2020/21,Real Sociedad,Real Madrid,40,0,0,0,,0.5880712849816929,AWAY_GOAL_FT,0,,,0.0
14163,2020-09-26 16:30:00,La_liga,2020/21,Elche,Real Sociedad,40,0,0,0,,0.6304750417083259,AWAY_GOAL_FT,1,,,1.0
14176,2020-09-19 13:30:00,Bundesliga,2020/21,FC Cologne,Hoffenheim,40,1,1,2,,0.5782283261348428,AWAY_GOAL_FT,1,,,1.0
14188,2020-09-26 16:30:00,Bundesliga,2020/21,Schalke 04,Werder Bremen,40,0,2,2,,0.6262194293320757,AWAY_GOAL_FT,1,,,1.0
14206,2020-09-19 19:00:00,Ligue_1,2020/21,Rennes,Monaco,40,0,1,1,,0.5854163675902755,AWAY_GOAL_FT,0,,,0.0
14223,2020-09-27 19:00:00,Ligue_1,2020/21,Reims,Paris Saint Germain,40,0,1,1,,0.6502413602451532,AWAY_GOAL_FT,1,,,1.0
14247,2020-09-27 16:00:00,RFPL,2020/21,FC Rotor Volgograd,Rubin Kazan,40,0,0,0,,0.6162502713186438,AWAY_GOAL_FT,1,,,1.0
14300,2020-10-03 16:00:00,RFPL,2020/21,Spartak Moscow,Zenit St. Petersburg,40,0,0,0,,0.6366663604167734,AWAY_GOAL_FT,1,,,1.0
14323,2020-11-01 16:00:00,RFPL,2020/21,FC Tambov,Dinamo Moscow,40,0,1,1,,0.6426944839134492,AWAY_GOAL_FT,1,,,1.0
14369,2020-12-17 15:00:00,RFPL,2020/21,Khimki,Lokomotiv Moscow,40,1,2,3,,0.5811173707381099,AWAY_GOAL_FT,0,,,0.0
14370,2020-12-16 15:00:00,RFPL,2020/21,FC Rotor Volgograd,Arsenal Tula,40,0,0,0,,0.6155149523934452,AWAY_GOAL_FT,0,,,0.0
14386,2021-03-07 16:00:00,RFPL,2020/21,Spartak Moscow,FC Krasnodar,40,2,0,2,,0.5862748731468612,AWAY_GOAL_FT,1,,,1.0
14402,2021-03-17 15:00:00,RFPL,2020/21,FC Rotor Volgograd,FC Rostov,40,0,1,1,,0.6127961255545089,AWAY_GOAL_FT,1,,,1.0
14412,2021-04-04 13:30:00,RFPL,2020/21,FC Tambov,CSKA Moscow,40,1,1,2,,0.6119347820898121,AWAY_GOAL_FT,1,,,1.0
14413,2021-04-04 16:00:00,RFPL,2020/21,FC Rostov,Spartak Moscow,40,1,1,2,,0.6033168285879801,AWAY_GOAL_FT,1,,,1.0
14415,2021-04-03 13:30:00,RFPL,2020/21,FC Krasnodar,FK Akhmat,40,0,1,1,,0.5978848545736654,AWAY_GOAL_FT,1,,,1.0
14420,2021-04-11 13:30:00,RFPL,2020/21,PFC Sochi,Zenit St. Petersburg,40,0,0,0,,0.5976320729517354,AWAY_GOAL_FT,1,,,1.0
14445,2021-05-01 11:00:00,RFPL,2020/21,Rubin Kazan,Dinamo Moscow,40,1,0,1,,0.6215356320001262,AWAY_GOAL_FT,0,,,0.0
14457,2021-05-16 11:00:00,RFPL,2020/21,FC Tambov,Zenit St. Petersburg,40,0,1,1,,0.6262256411666267,AWAY_GOAL_FT,1,,,1.0
14469,2020-10-03 16:30:00,EPL,2020/21,Leeds,Manchester City,40,0,1,1,,0.611778610067004,AWAY_GOAL_FT,0,,,0.0
14471,2020-10-04 15:30:00,EPL,2020/21,Manchester United,Tottenham,40,1,4,5,,0.606689362181592,AWAY_GOAL_FT,1,,,1.0
14477,2020-10-17 11:30:00,EPL,2020/21,Everton,Liverpool,40,1,1,2,,0.585702087760089,AWAY_GOAL_FT,1,,,1.0
14481,2020-10-17 19:00:00,EPL,2020/21,Newcastle United,Manchester United,40,0,1,1,,0.6161883890425925,AWAY_GOAL_FT,1,,,1.0
14502,2020-10-31 12:30:00,EPL,2020/21,Sheffield United,Manchester City,40,0,1,1,,0.6250569022750603,AWAY_GOAL_FT,0,,,0.0
14521,2020-11-21 12:30:00,EPL,2020/21,Newcastle United,Chelsea,40,0,0,0,,0.5855757957465589,AWAY_GOAL_FT,1,,,1.0
14523,2020-11-21 17:30:00,EPL,2020/21,Tottenham,Manchester City,40,1,0,1,,0.5976504094071903,AWAY_GOAL_FT,0,,,0.0
14525,2020-11-29 19:15:00,EPL,2020/21,Arsenal,Wolverhampton Wanderers,41,1,2,3,,0.5813900600276026,AWAY_GOAL_FT,0,,,0.0
14531,2020-11-28 17:30:00,EPL,2020/21,Everton,Leeds,50,0,0,0,,0.5752870687084084,AWAY_GOAL_FT,1,,,1.0
14573,2020-12-20 14:15:00,EPL,2020/21,Tottenham,Leicester,48,0,1,1,,0.5781352870401875,AWAY_GOAL_FT,1,,,1.0
14583,2020-12-27 14:15:00,EPL,2020/21,West Ham,Brighton,43,0,1,1,,0.5811546590784676,AWAY_GOAL_FT,1,,,1.0
14590,2020-12-29 18:00:00,EPL,2020/21,West Bromwich Albion,Leeds,40,0,3,3,,0.611911204016452,AWAY_GOAL_FT,1,,,1.0
14593,2021-02-17 20:15:00,EPL,2020/21,Everton,Manchester City,40,1,1,2,,0.5823781450553719,AWAY_GOAL_FT,1,,,1.0
14594,2020-12-28 15:00:00,EPL,2020/21,Crystal Palace,Leicester,40,0,0,0,,0.5959194978986374,AWAY_GOAL_FT,1,,,1.0
14600,2021-01-02 20:00:00,EPL,2020/21,West Bromwich Albion,Arsenal,40,0,2,2,,0.6019046674783304,AWAY_GOAL_FT,1,,,1.0
14603,2021-01-03 16:30:00,EPL,2020/21,Chelsea,Manchester City,40,0,3,3,,0.6496467578852632,AWAY_GOAL_FT,0,,,0.0
14626,2021-01-27 18:00:00,EPL,2020/21,Burnley,Aston Villa,41,0,1,1,,0.5968315916696776,AWAY_GOAL_FT,1,,,1.0
14633,2021-01-28 20:00:00,EPL,2020/21,Tottenham,Liverpool,48,1,2,3,,0.5793703176000957,AWAY_GOAL_FT,1,,,1.0
14634,2021-01-26 18:00:00,EPL,2020/21,Crystal Palace,West Ham,40,1,2,3,,0.6033029102770132,AWAY_GOAL_FT,1,,,1.0
14640,2021-01-30 15:00:00,EPL,2020/21,West Bromwich Albion,Fulham,40,0,1,1,,0.5937270946223118,AWAY_GOAL_FT,1,,,1.0
14645,2021-02-03 20:15:00,EPL,2020/21,Aston Villa,West Ham,40,0,0,0,,0.5990224737350509,AWAY_GOAL_FT,1,,,1.0
14646,2021-02-03 18:00:00,EPL,2020/21,Burnley,Manchester City,40,0,2,2,,0.5881030907265955,AWAY_GOAL_FT,0,,,0.0
14668,2021-02-13 15:00:00,EPL,2020/21,Crystal Palace,Burnley,40,0,2,2,,0.5811088473100018,AWAY_GOAL_FT,1,,,1.0
14669,2021-02-14 19:00:00,EPL,2020/21,Everton,Fulham,40,0,0,0,,0.5889982525249406,AWAY_GOAL_FT,1,,,1.0
14676,2021-02-21 14:00:00,EPL,2020/21,Aston Villa,Leicester,40,0,2,2,,0.5842808109686225,AWAY_GOAL_FT,0,,,0.0
14694,2021-02-28 19:15:00,EPL,2020/21,Sheffield United,Liverpool,40,0,0,0,,0.5820591146522027,AWAY_GOAL_FT,1,,,1.0
14701,2021-03-06 15:00:00,EPL,2020/21,Sheffield United,Southampton,40,0,1,1,,0.5912265457517748,AWAY_GOAL_FT,1,,,1.0
14722,2021-04-21 19:00:00,EPL,2020/21,Tottenham,Southampton,40,0,1,1,,0.592991176411731,AWAY_GOAL_FT,0,,,0.0
14737,2021-04-10 16:30:00,EPL,2020/21,Crystal Palace,Chelsea,40,0,3,3,,0.6617392375360069,AWAY_GOAL_FT,1,,,1.0
14741,2021-04-11 18:00:00,EPL,2020/21,Sheffield United,Arsenal,41,0,1,1,,0.5767137884170032,AWAY_GOAL_FT,1,,,1.0
14749,2021-04-19 19:00:00,EPL,2020/21,Leeds,Liverpool,40,0,1,1,,0.5969137955671144,AWAY_GOAL_FT,0,,,0.0
14766,2021-05-03 19:15:00,EPL,2020/21,Burnley,West Ham,40,1,2,3,,0.6041451538904054,AWAY_GOAL_FT,0,,,0.0
14769,2021-05-01 19:00:00,EPL,2020/21,Everton,Aston Villa,40,1,1,2,,0.5793125015391771,AWAY_GOAL_FT,1,,,1.0
14770,2021-05-13 19:15:00,EPL,2020/21,Manchester United,Liverpool,40,1,1,2,,0.609107592868871,AWAY_GOAL_FT,1,,,1.0
14771,2021-05-02 13:00:00,EPL,2020/21,Newcastle United,Arsenal,40,0,1,1,,0.6415789036820895,AWAY_GOAL_FT,1,,,1.0
14774,2021-05-03 17:00:00,EPL,2020/21,West Bromwich Albion,Wolverhampton Wanderers,40,0,0,0,,0.5791379506106751,AWAY_GOAL_FT,1,,,1.0
14777,2021-05-10 19:00:00,EPL,2020/21,Fulham,Burnley,40,0,1,1,,0.615614471068106,AWAY_GOAL_FT,1,,,1.0
14782,2021-05-08 14:00:00,EPL,2020/21,Sheffield United,Crystal Palace,40,0,1,1,,0.6022421461881219,AWAY_GOAL_FT,1,,,1.0
14785,2021-05-15 19:00:00,EPL,2020/21,Brighton,West Ham,45,0,0,0,,0.5798264240437171,AWAY_GOAL_FT,1,,,1.0
14789,2021-05-16 15:30:00,EPL,2020/21,West Bromwich Albion,Liverpool,40,1,1,2,,0.6378546301181351,AWAY_GOAL_FT,1,,,1.0
14796,2021-05-19 19:15:00,EPL,2020/21,Burnley,Liverpool,40,0,0,0,,0.6468593101686041,AWAY_GOAL_FT,1,,,1.0
14803,2021-05-19 17:00:00,EPL,2020/21,Tottenham,Aston Villa,40,1,1,2,,0.5760062559206156,AWAY_GOAL_FT,1,,,1.0
14804,2021-05-19 19:15:00,EPL,2020/21,West Bromwich Albion,West Ham,40,1,0,1,,0.5779573406541546,AWAY_GOAL_FT,1,,,1.0
14806,2021-05-23 15:00:00,EPL,2020/21,Aston Villa,Chelsea,40,0,0,0,,0.5776814392662915,AWAY_GOAL_FT,1,,,1.0
14819,2020-10-04 14:00:00,La_liga,2020/21,Levante,Real Madrid,40,0,1,1,,0.579667827087115,AWAY_GOAL_FT,1,,,1.0
14824,2020-10-03 16:30:00,La_liga,2020/21,Elche,SD Huesca,40,0,0,0,,0.5815544557051049,AWAY_GOAL_FT,0,,,0.0
14835,2020-10-24 19:00:00,La_liga,2020/21,Atletico Madrid,Real Betis,40,0,0,0,,0.5893980851719244,AWAY_GOAL_FT,0,,,0.0
14869,2020-11-22 15:15:00,La_liga,2020/21,Cadiz,Real Sociedad,40,0,0,0,,0.6120206643571289,AWAY_GOAL_FT,1,,,1.0
14886,2020-12-06 13:00:00,La_liga,2020/21,Granada,SD Huesca,40,0,1,1,,0.5792140444889202,AWAY_GOAL_FT,1,,,1.0
14909,2020-12-19 15:15:00,La_liga,2020/21,Barcelona,Valencia,40,0,1,1,,0.579711896036074,AWAY_GOAL_FT,1,,,1.0
14924,2020-12-22 21:00:00,La_liga,2020/21,Real Valladolid,Barcelona,40,0,2,2,,0.5964959210028883,AWAY_GOAL_FT,1,,,1.0
14942,2021-01-03 20:00:00,La_liga,2020/21,SD Huesca,Barcelona,40,0,1,1,,0.6899191153501709,AWAY_GOAL_FT,0,,,0.0
14949,2021-01-08 20:00:00,La_liga,2020/21,Celta Vigo,Villarreal,40,0,4,4,,0.5781617617895952,AWAY_GOAL_FT,0,,,0.0
14972,2021-01-24 15:15:00,La_liga,2020/21,Elche,Barcelona,40,0,1,1,,0.6123101599513106,AWAY_GOAL_FT,1,,,1.0
15067,2021-04-04 14:15:00,La_liga,2020/21,Elche,Real Betis,40,1,1,2,,0.5875004935912079,AWAY_GOAL_FT,0,,,0.0
15082,2021-04-21 20:00:00,La_liga,2020/21,Cadiz,Real Madrid,40,0,3,3,,0.6212055902266019,AWAY_GOAL_FT,0,,,0.0
15096,2021-04-25 14:15:00,La_liga,2020/21,Villarreal,Barcelona,40,1,2,3,,0.6071345675972133,AWAY_GOAL_FT,0,,,0.0
15107,2021-04-18 12:00:00,La_liga,2020/21,Real Sociedad,Sevilla,40,1,2,3,,0.6781732455516226,AWAY_GOAL_FT,0,,,0.0
15111,2021-05-02 14:15:00,La_liga,2020/21,Villarreal,Getafe,40,0,0,0,,0.593227351728852,AWAY_GOAL_FT,0,,,0.0
15126,2021-05-09 14:15:00,La_liga,2020/21,Valencia,Real Valladolid,40,0,0,0,,0.6127163831475099,AWAY_GOAL_FT,0,,,0.0
15131,2021-05-13 20:00:00,La_liga,2020/21,Granada,Real Madrid,40,0,1,1,,0.5909180083309156,AWAY_GOAL_FT,1,,,1.0
15133,2021-05-11 20:00:00,La_liga,2020/21,Levante,Barcelona,40,0,2,2,,0.6339432976046835,AWAY_GOAL_FT,1,,,1.0
15146,2021-05-16 16:30:00,La_liga,2020/21,Valencia,Eibar,42,3,1,4,,0.5925240681345462,AWAY_GOAL_FT,0,,,0.0
15147,2021-05-16 16:30:00,La_liga,2020/21,Villarreal,Sevilla,40,1,0,1,,0.6849021271354248,AWAY_GOAL_FT,0,,,0.0
15159,2020-10-03 13:30:00,Bundesliga,2020/21,FC Cologne,Borussia M.Gladbach,40,0,2,2,,0.5768674307718709,AWAY_GOAL_FT,1,,,1.0
15172,2020-10-17 16:30:00,Bundesliga,2020/21,Arminia Bielefeld,Bayern Munich,40,0,2,2,,0.591550359255301,AWAY_GOAL_FT,1,,,1.0
15188,2020-10-31 14:30:00,Bundesliga,2020/21,Arminia Bielefeld,Borussia Dortmund,40,0,0,0,,0.5894621880133794,AWAY_GOAL_FT,1,,,1.0
15202,2020-11-08 17:00:00,Bundesliga,2020/21,Bayer Leverkusen,Borussia M.Gladbach,40,2,2,4,,0.5836060413913894,AWAY_GOAL_FT,1,,,1.0
15205,2020-11-21 14:30:00,Bundesliga,2020/21,Hoffenheim,VfB Stuttgart,40,1,2,3,,0.606937806937598,AWAY_GOAL_FT,1,,,1.0
15206,2020-11-21 14:30:00,Bundesliga,2020/21,Schalke 04,Wolfsburg,40,0,2,2,,0.6562252156033053,AWAY_GOAL_FT,0,,,0.0
15210,2020-11-22 14:30:00,Bundesliga,2020/21,Freiburg,Mainz 05,40,0,3,3,,0.6536822443258119,AWAY_GOAL_FT,0,,,0.0
15226,2020-12-06 17:00:00,Bundesliga,2020/21,Schalke 04,Bayer Leverkusen,40,0,0,0,,0.6356413443713292,AWAY_GOAL_FT,1,,,1.0
15230,2020-12-12 14:30:00,Bundesliga,2020/21,Borussia Dortmund,VfB Stuttgart,40,1,1,2,,0.5878266308286216,AWAY_GOAL_FT,1,,,1.0
15241,2020-12-16 19:30:00,Bundesliga,2020/21,FC Cologne,Bayer Leverkusen,40,0,2,2,,0.5794769137941455,AWAY_GOAL_FT,1,,,1.0
15256,2020-12-19 14:30:00,Bundesliga,2020/21,Augsburg,Eintracht Frankfurt,44,0,0,0,,0.577992411600759,AWAY_GOAL_FT,1,,,1.0
15264,2021-01-02 14:30:00,Bundesliga,2020/21,Arminia Bielefeld,Borussia M.Gladbach,40,0,0,0,,0.6935353619281724,AWAY_GOAL_FT,1,,,1.0
15271,2021-01-09 14:30:00,Bundesliga,2020/21,Schalke 04,Hoffenheim,40,0,0,0,,0.5759467086091832,AWAY_GOAL_FT,0,,,0.0
15273,2021-01-10 14:30:00,Bundesliga,2020/21,Augsburg,VfB Stuttgart,40,0,2,2,,0.6227077637846206,AWAY_GOAL_FT,1,,,1.0
15280,2021-01-15 19:30:00,Bundesliga,2020/21,Union Berlin,Bayer Leverkusen,40,0,0,0,,0.5827180313088265,AWAY_GOAL_FT,0,,,0.0
15287,2021-01-20 19:30:00,Bundesliga,2020/21,Freiburg,Eintracht Frankfurt,40,1,1,2,,0.5770079291830015,AWAY_GOAL_FT,1,,,1.0
15289,2021-01-20 17:30:00,Bundesliga,2020/21,Schalke 04,FC Cologne,40,0,1,1,,0.5862276350352934,AWAY_GOAL_FT,1,,,1.0
15291,2021-01-20 19:30:00,Bundesliga,2020/21,Augsburg,Bayern Munich,40,0,1,1,,0.613713626557912,AWAY_GOAL_FT,0,,,0.0
15296,2021-01-23 14:30:00,Bundesliga,2020/21,Freiburg,VfB Stuttgart,51,2,1,3,,0.575527570222385,AWAY_GOAL_FT,0,,,0.0
15298,2021-01-24 14:30:00,Bundesliga,2020/21,Schalke 04,Bayern Munich,40,0,1,1,,0.6387313503060237,AWAY_GOAL_FT,1,,,1.0
15301,2021-01-23 14:30:00,Bundesliga,2020/21,Arminia Bielefeld,Eintracht Frankfurt,40,1,3,4,,0.5836461002977992,AWAY_GOAL_FT,1,,,1.0
15316,2021-02-06 14:30:00,Bundesliga,2020/21,Schalke 04,RasenBallsport Leipzig,40,0,0,0,,0.6021165884371569,AWAY_GOAL_FT,1,,,1.0
15348,2021-03-05 19:30:00,Bundesliga,2020/21,Schalke 04,Mainz 05,41,0,0,0,,0.5865965445493513,AWAY_GOAL_FT,0,,,0.0
15354,2021-03-06 14:30:00,Bundesliga,2020/21,Freiburg,RasenBallsport Leipzig,40,0,1,1,,0.5776056804804576,AWAY_GOAL_FT,1,,,1.0
15362,2021-03-12 19:30:00,Bundesliga,2020/21,Augsburg,Borussia M.Gladbach,40,0,0,0,,0.6124564570339383,AWAY_GOAL_FT,1,,,1.0
15363,2021-03-13 14:30:00,Bundesliga,2020/21,Werder Bremen,Bayern Munich,40,0,2,2,,0.6154863087237522,AWAY_GOAL_FT,1,,,1.0
15370,2021-03-20 17:30:00,Bundesliga,2020/21,Schalke 04,Borussia M.Gladbach,40,0,1,1,,0.6456514764264082,AWAY_GOAL_FT,1,,,1.0
15373,2021-03-19 19:30:00,Bundesliga,2020/21,Arminia Bielefeld,RasenBallsport Leipzig,40,0,0,0,,0.5885986920337867,AWAY_GOAL_FT,1,,,1.0
15391,2021-04-10 16:30:00,Bundesliga,2020/21,VfB Stuttgart,Borussia Dortmund,40,1,0,1,,0.576354271298412,AWAY_GOAL_FT,1,,,1.0
15406,2021-04-20 16:30:00,Bundesliga,2020/21,FC Cologne,RasenBallsport Leipzig,40,0,0,0,,0.6748227170634371,AWAY_GOAL_FT,1,,,1.0
15414,2021-04-24 13:30:00,Bundesliga,2020/21,Freiburg,Hoffenheim,40,0,1,1,,0.5839907836834597,AWAY_GOAL_FT,0,,,0.0
15418,2021-04-23 18:30:00,Bundesliga,2020/21,Augsburg,FC Cologne,40,0,3,3,,0.5943142950581316,AWAY_GOAL_FT,0,,,0.0
15428,2021-05-16 18:30:00,Bundesliga,2020/21,RasenBallsport Leipzig,Wolfsburg,40,0,1,1,,0.5757058064595488,AWAY_GOAL_FT,1,,,1.0
15434,2021-05-16 16:00:00,Bundesliga,2020/21,Mainz 05,Borussia Dortmund,45,0,2,2,,0.5924257591141585,AWAY_GOAL_FT,1,,,1.0
15435,2021-05-15 13:30:00,Bundesliga,2020/21,Augsburg,Werder Bremen,40,0,0,0,,0.5775858806749509,AWAY_GOAL_FT,0,,,0.0
15446,2020-10-02 18:45:00,Serie_A,2020/21,Fiorentina,Sampdoria,42,0,1,1,,0.5974703872713913,AWAY_GOAL_FT,1,,,1.0
15451,2020-10-04 13:00:00,Serie_A,2020/21,Benevento,Bologna,40,0,0,0,,0.6180840430050931,AWAY_GOAL_FT,0,,,0.0
15467,2020-10-25 14:00:00,Serie_A,2020/21,Benevento,Napoli,46,1,0,1,,0.57793683861723,AWAY_GOAL_FT,1,,,1.0
15472,2020-10-24 18:45:00,Serie_A,2020/21,Lazio,Bologna,40,0,0,0,,0.6053203685904778,AWAY_GOAL_FT,1,,,1.0
15475,2020-10-23 18:45:00,Serie_A,2020/21,Sassuolo,Torino,40,0,1,1,,0.5760954198958702,AWAY_GOAL_FT,1,,,1.0
15477,2020-10-31 14:00:00,Serie_A,2020/21,Crotone,Atalanta,40,1,2,3,,0.6166929123257107,AWAY_GOAL_FT,0,,,0.0
15485,2020-11-02 19:45:00,Serie_A,2020/21,Verona,Benevento,41,1,0,1,,0.5761338423819216,AWAY_GOAL_FT,1,,,1.0
15488,2020-11-08 17:00:00,Serie_A,2020/21,Bologna,Napoli,40,0,1,1,,0.6294919933738252,AWAY_GOAL_FT,0,,,0.0
15490,2020-11-08 14:00:00,Serie_A,2020/21,Genoa,Roma,40,0,0,0,,0.5863827904416843,AWAY_GOAL_FT,1,,,1.0
15496,2020-11-21 14:00:00,Serie_A,2020/21,Crotone,Lazio,40,0,1,1,,0.5829076626920854,AWAY_GOAL_FT,1,,,1.0
15509,2020-11-29 17:00:00,Serie_A,2020/21,Cagliari,Spezia,40,0,1,1,,0.5939308571774533,AWAY_GOAL_FT,1,,,1.0
15524,2021-01-20 16:00:00,Serie_A,2020/21,Udinese,Atalanta,40,1,0,1,,0.6049208781234245,AWAY_GOAL_FT,1,,,1.0
15527,2020-12-13 14:00:00,Serie_A,2020/21,Bologna,Roma,40,0,3,3,,0.6573913529281887,AWAY_GOAL_FT,1,,,1.0
15534,2020-12-11 19:45:00,Serie_A,2020/21,Sassuolo,Benevento,40,1,0,1,,0.5810835988731856,AWAY_GOAL_FT,0,,,0.0
15539,2020-12-16 19:45:00,Serie_A,2020/21,Inter,Napoli,40,0,0,0,,0.5845459210039887,AWAY_GOAL_FT,0,,,0.0
15552,2020-12-19 19:45:00,Serie_A,2020/21,Parma Calcio 1913,Juventus,44,0,2,2,,0.6163820419671598,AWAY_GOAL_FT,1,,,1.0
15556,2020-12-23 19:45:00,Serie_A,2020/21,Bologna,Atalanta,41,0,2,2,,0.5815502605197612,AWAY_GOAL_FT,0,,,0.0
15568,2021-01-03 14:00:00,Serie_A,2020/21,Cagliari,Napoli,40,0,1,1,,0.6943717856571786,AWAY_GOAL_FT,1,,,1.0
15570,2021-01-03 14:00:00,Serie_A,2020/21,Genoa,Lazio,40,0,1,1,,0.590230289247485,AWAY_GOAL_FT,0,,,0.0
15586,2021-01-09 14:00:00,Serie_A,2020/21,Benevento,Atalanta,40,0,1,1,,0.5838397563524758,AWAY_GOAL_FT,1,,,1.0
15591,2021-01-10 14:00:00,Serie_A,2020/21,Parma Calcio 1913,Lazio,40,0,0,0,,0.5944875107780535,AWAY_GOAL_FT,1,,,1.0
15599,2021-01-17 14:00:00,Serie_A,2020/21,Crotone,Benevento,40,1,0,1,,0.6803291858649373,AWAY_GOAL_FT,1,,,1.0
15603,2021-01-16 19:45:00,Serie_A,2020/21,Sampdoria,Udinese,40,0,0,0,,0.5826707718375095,AWAY_GOAL_FT,1,,,1.0
15618,2021-01-31 14:00:00,Serie_A,2020/21,Atalanta,Lazio,40,0,1,1,,0.5848610115735478,AWAY_GOAL_FT,1,,,1.0
15619,2021-01-30 14:00:00,Serie_A,2020/21,Bologna,AC Milan,40,0,1,1,,0.6201607381050739,AWAY_GOAL_FT,1,,,1.0
15630,2021-02-06 19:45:00,Serie_A,2020/21,Genoa,Napoli,44,2,0,2,,0.597495142949155,AWAY_GOAL_FT,1,,,1.0
15648,2021-02-21 14:00:00,Serie_A,2020/21,AC Milan,Inter,40,0,1,1,,0.5879427029149257,AWAY_GOAL_FT,1,,,1.0
15663,2021-02-28 19:45:00,Serie_A,2020/21,Roma,AC Milan,40,0,0,0,,0.5875559053393054,AWAY_GOAL_FT,1,,,1.0
15689,2021-03-14 17:00:00,Serie_A,2020/21,Cagliari,Juventus,40,0,3,3,,0.5862130945735969,AWAY_GOAL_FT,0,,,0.0
15696,2021-03-21 11:30:00,Serie_A,2020/21,Verona,Atalanta,40,0,1,1,,0.6035345179499226,AWAY_GOAL_FT,1,,,1.0
15700,2021-03-21 14:00:00,Serie_A,2020/21,Udinese,Lazio,40,0,1,1,,0.6427246426396896,AWAY_GOAL_FT,0,,,0.0
15708,2021-04-03 18:45:00,Serie_A,2020/21,Bologna,Inter,40,0,1,1,,0.5970186768065947,AWAY_GOAL_FT,0,,,0.0
15716,2021-04-11 18:45:00,Serie_A,2020/21,Fiorentina,Atalanta,40,0,2,2,,0.5844553761197943,AWAY_GOAL_FT,1,,,1.0
15717,2021-04-11 16:00:00,Serie_A,2020/21,Roma,Bologna,40,0,0,0,,0.6161688322427863,AWAY_GOAL_FT,0,,,0.0
15723,2021-04-11 13:00:00,Serie_A,2020/21,Sampdoria,Napoli,40,0,1,1,,0.6072198919785337,AWAY_GOAL_FT,1,,,1.0
15735,2021-04-17 13:00:00,Serie_A,2020/21,Sampdoria,Verona,40,0,1,1,,0.6096175528188355,AWAY_GOAL_FT,0,,,0.0
15736,2021-04-22 16:30:00,Serie_A,2020/21,Roma,Atalanta,40,0,1,1,,0.640447458255163,AWAY_GOAL_FT,0,,,0.0
15740,2021-04-21 18:45:00,Serie_A,2020/21,Spezia,Inter,40,1,1,2,,0.5836897388255331,AWAY_GOAL_FT,0,,,0.0
15750,2021-04-26 16:30:00,Serie_A,2020/21,Torino,Napoli,40,0,2,2,,0.5924363295888614,AWAY_GOAL_FT,0,,,0.0
15761,2021-05-01 16:00:00,Serie_A,2020/21,Crotone,Inter,40,0,0,0,,0.6135279518443403,AWAY_GOAL_FT,1,,,1.0
15772,2021-05-08 13:00:00,Serie_A,2020/21,Spezia,Napoli,43,0,3,3,,0.5778881910072843,AWAY_GOAL_FT,1,,,1.0
15783,2021-05-12 18:45:00,Serie_A,2020/21,Sampdoria,Spezia,40,1,1,2,,0.5755611657620336,AWAY_GOAL_FT,1,,,1.0
15792,2021-05-16 10:30:00,Serie_A,2020/21,Fiorentina,Napoli,40,0,0,0,,0.5751352765352484,AWAY_GOAL_FT,1,,,1.0
15799,2021-05-23 18:45:00,Serie_A,2020/21,Bologna,Juventus,51,0,4,4,,0.5750341379736938,AWAY_GOAL_FT,0,,,0.0
15822,2020-10-16 19:00:00,Ligue_1,2020/21,Nimes,Paris Saint Germain,40,0,1,1,,0.6304252107606672,AWAY_GOAL_FT,1,,,1.0
15829,2020-10-25 14:00:00,Ligue_1,2020/21,Montpellier,Reims,40,0,3,3,,0.6598636869582974,AWAY_GOAL_FT,1,,,1.0
15849,2020-11-08 16:00:00,Ligue_1,2020/21,Nice,Monaco,40,0,1,1,,0.6235501495631517,AWAY_GOAL_FT,1,,,1.0
15868,2020-11-29 14:00:00,Ligue_1,2020/21,Lorient,Montpellier,40,0,0,0,,0.5998798996101092,AWAY_GOAL_FT,1,,,1.0
15880,2020-12-06 20:00:00,Ligue_1,2020/21,Metz,Lyon,40,0,1,1,,0.6102738528161452,AWAY_GOAL_FT,1,,,1.0
15882,2020-12-06 14:00:00,Ligue_1,2020/21,Nantes,Strasbourg,40,0,2,2,,0.5774626258626758,AWAY_GOAL_FT,1,,,1.0
15883,2020-12-04 20:00:00,Ligue_1,2020/21,Nimes,Marseille,40,0,0,0,,0.6063954820192324,AWAY_GOAL_FT,1,,,1.0
15912,2020-12-19 20:00:00,Ligue_1,2020/21,Nice,Lyon,40,0,2,2,,0.6174223772088683,AWAY_GOAL_FT,1,,,1.0
15916,2020-12-23 18:00:00,Ligue_1,2020/21,Nice,Lorient,40,2,0,2,,0.6126489589278944,AWAY_GOAL_FT,1,,,1.0
15919,2020-12-23 18:00:00,Ligue_1,2020/21,Bordeaux,Reims,40,0,2,2,,0.5763985909709783,AWAY_GOAL_FT,1,,,1.0
15937,2021-01-09 20:00:00,Ligue_1,2020/21,Dijon,Marseille,40,0,0,0,,0.6240093794574351,AWAY_GOAL_FT,0,,,0.0
15952,2021-01-15 20:00:00,Ligue_1,2020/21,Montpellier,Monaco,40,0,2,2,,0.5973706197811475,AWAY_GOAL_FT,1,,,1.0
15965,2021-01-24 20:00:00,Ligue_1,2020/21,Saint-Etienne,Lyon,40,0,2,2,,0.6442173121663136,AWAY_GOAL_FT,1,,,1.0
15987,2021-02-07 16:00:00,Ligue_1,2020/21,Nantes,Lille,40,0,1,1,,0.5778494533072728,AWAY_GOAL_FT,1,,,1.0
16008,2021-02-21 16:00:00,Ligue_1,2020/21,Lorient,Lille,40,1,1,2,,0.6269248003762002,AWAY_GOAL_FT,1,,,1.0
16011,2021-02-21 14:00:00,Ligue_1,2020/21,Nice,Metz,40,0,2,2,,0.5941564075537642,AWAY_GOAL_FT,0,,,0.0
16025,2021-02-28 20:00:00,Ligue_1,2020/21,Marseille,Lyon,40,0,1,1,,0.6026118010259364,AWAY_GOAL_FT,0,,,0.0
16033,2021-03-03 18:00:00,Ligue_1,2020/21,Nice,Nimes,40,1,0,1,,0.5938474236813364,AWAY_GOAL_FT,1,,,1.0
16052,2021-03-21 14:00:00,Ligue_1,2020/21,Brest,Angers,40,0,0,0,,0.6355297413766212,AWAY_GOAL_FT,0,,,0.0
16064,2021-04-04 13:00:00,Ligue_1,2020/21,Nantes,Nice,40,1,2,3,,0.6445741265003898,AWAY_GOAL_FT,0,,,0.0
16117,2021-05-16 19:00:00,Ligue_1,2020/21,Dijon,Nantes,40,0,2,2,,0.6068674622497537,AWAY_GOAL_FT,1,,,1.0
16122,2021-05-16 19:00:00,Ligue_1,2020/21,Montpellier,Brest,60,0,0,0,,0.5834413093761225,AWAY_GOAL_FT,0,,,0.0
16124,2021-05-16 19:00:00,Ligue_1,2020/21,Nimes,Lyon,40,1,3,4,,0.6571200220238868,AWAY_GOAL_FT,1,,,1.0
16128,2021-05-23 19:00:00,Ligue_1,2020/21,Lens,Monaco,40,0,0,0,,0.6505136782500428,AWAY_GOAL_FT,0,,,0.0
16140,2021-07-25 14:30:00,RFPL,2021/22,Ural,FC Krasnodar,40,0,0,0,,0.577334552463306,AWAY_GOAL_FT,1,,,1.0
16145,2021-07-30 16:00:00,RFPL,2021/22,Arsenal Tula,Rubin Kazan,40,0,3,3,,0.5867641213298193,AWAY_GOAL_FT,0,,,0.0
16146,2021-07-31 14:30:00,RFPL,2021/22,FC Ufa,Dinamo Moscow,40,0,2,2,,0.6030033093772713,AWAY_GOAL_FT,1,,,1.0
16149,2021-08-01 17:00:00,RFPL,2021/22,FC Rostov,Zenit St. Petersburg,40,0,2,2,,0.6441486945579107,AWAY_GOAL_FT,1,,,1.0
16154,2021-08-07 14:30:00,RFPL,2021/22,Arsenal Tula,Krylya Sovetov Samara,40,1,0,1,,0.6069945129264557,AWAY_GOAL_FT,1,,,1.0
16162,2021-08-14 17:00:00,RFPL,2021/22,FC Rostov,CSKA Moscow,40,0,2,2,,0.5960273735414987,AWAY_GOAL_FT,1,,,1.0
16168,2021-08-21 15:00:00,RFPL,2021/22,Ural,Dinamo Moscow,40,0,1,1,,0.6287789680780339,AWAY_GOAL_FT,0,,,0.0
16170,2021-08-21 15:00:00,RFPL,2021/22,FC Ufa,Zenit St. Petersburg,43,0,1,1,,0.5853733891474993,AWAY_GOAL_FT,0,,,0.0
16181,2021-08-27 13:30:00,RFPL,2021/22,Ural,FC Rostov,40,0,0,0,,0.5835152637720784,AWAY_GOAL_FT,1,,,1.0
16196,2021-09-20 15:30:00,RFPL,2021/22,Rubin Kazan,Zenit St. Petersburg,40,0,2,2,,0.6252008977556599,AWAY_GOAL_FT,1,,,1.0
16202,2021-09-26 13:30:00,RFPL,2021/22,FC Rostov,FK Akhmat,40,0,1,1,,0.6129830670669167,AWAY_GOAL_FT,1,,,1.0
16209,2021-10-02 16:00:00,RFPL,2021/22,CSKA Moscow,FC Krasnodar,47,0,0,0,,0.5887964475909687,AWAY_GOAL_FT,0,,,0.0
16221,2021-10-16 11:00:00,RFPL,2021/22,Arsenal Tula,Zenit St. Petersburg,40,0,0,0,,0.5949775057717072,AWAY_GOAL_FT,1,,,1.0
16230,2021-10-23 11:00:00,RFPL,2021/22,Nizhny Novgorod,FC Krasnodar,40,0,1,1,,0.6173374330905511,AWAY_GOAL_FT,1,,,1.0
16235,2021-10-30 16:00:00,RFPL,2021/22,Nizhny Novgorod,Lokomotiv Moscow,41,1,1,2,,0.5753913635249791,AWAY_GOAL_FT,1,,,1.0
16252,2021-11-21 11:00:00,RFPL,2021/22,CSKA Moscow,Khimki,40,0,0,0,,0.6027994961999782,AWAY_GOAL_FT,0,,,0.0
16383,2021-08-14 16:30:00,EPL,2021/22,Norwich,Liverpool,40,0,1,1,,0.6126849971332359,AWAY_GOAL_FT,1,,,1.0
16392,2021-08-22 13:00:00,EPL,2021/22,Southampton,Manchester United,43,0,0,0,,0.5858464448860197,AWAY_GOAL_FT,1,,,1.0
16394,2021-08-22 15:30:00,EPL,2021/22,Arsenal,Chelsea,40,0,2,2,,0.6399404869341615,AWAY_GOAL_FT,0,,,0.0
16397,2021-08-28 14:00:00,EPL,2021/22,Newcastle United,Southampton,40,0,0,0,,0.6460987036286842,AWAY_GOAL_FT,1,,,1.0
16409,2021-09-11 14:00:00,EPL,2021/22,Leicester,Manchester City,41,0,0,0,,0.6083612009731372,AWAY_GOAL_FT,1,,,1.0
16413,2021-09-11 16:30:00,EPL,2021/22,Chelsea,Aston Villa,40,1,0,1,,0.5771788256422004,AWAY_GOAL_FT,0,,,0.0
16414,2021-09-12 15:30:00,EPL,2021/22,Leeds,Liverpool,40,0,1,1,,0.6660601011278788,AWAY_GOAL_FT,1,,,1.0
16424,2021-09-19 13:00:00,EPL,2021/22,West Ham,Manchester United,40,1,1,2,,0.5791015455648656,AWAY_GOAL_FT,1,,,1.0
16427,2021-09-25 14:00:00,EPL,2021/22,Watford,Newcastle United,43,0,1,1,,0.5789408945455252,AWAY_GOAL_FT,0,,,0.0
16441,2021-10-03 15:30:00,EPL,2021/22,Liverpool,Manchester City,40,0,0,0,,0.5857314741428667,AWAY_GOAL_FT,1,,,1.0
16455,2021-10-16 11:30:00,EPL,2021/22,Watford,Liverpool,40,0,2,2,,0.5774330499043804,AWAY_GOAL_FT,1,,,1.0
16458,2021-10-23 16:30:00,EPL,2021/22,Brighton,Manchester City,40,0,3,3,,0.6566345029642111,AWAY_GOAL_FT,1,,,1.0
16463,2021-10-24 15:30:00,EPL,2021/22,Manchester United,Liverpool,40,0,3,3,,0.615472020447323,AWAY_GOAL_FT,1,,,1.0
16466,2021-10-31 16:30:00,EPL,2021/22,Aston Villa,West Ham,40,1,2,3,,0.590060302704678,AWAY_GOAL_FT,1,,,1.0
16471,2021-10-30 14:00:00,EPL,2021/22,Newcastle United,Chelsea,40,0,0,0,,0.5755104707421166,AWAY_GOAL_FT,1,,,1.0
16474,2021-10-30 14:00:00,EPL,2021/22,Watford,Southampton,41,0,1,1,,0.5786032349562579,AWAY_GOAL_FT,0,,,0.0
16483,2021-11-06 12:30:00,EPL,2021/22,Manchester United,Manchester City,40,0,0,0,,0.5773773960280878,AWAY_GOAL_FT,1,,,1.0
16485,2021-11-07 16:30:00,EPL,2021/22,West Ham,Liverpool,40,0,1,1,,0.5757501090899962,AWAY_GOAL_FT,1,,,1.0
16488,2021-11-20 12:30:00,EPL,2021/22,Leicester,Chelsea,40,0,2,2,,0.5878582515838994,AWAY_GOAL_FT,1,,,1.0
16492,2021-11-20 15:00:00,EPL,2021/22,Norwich,Southampton,40,1,1,2,,0.6263294613816874,AWAY_GOAL_FT,0,,,0.0
16501,2021-11-27 15:00:00,EPL,2021/22,Crystal Palace,Aston Villa,40,0,1,1,,0.5769965371758511,AWAY_GOAL_FT,1,,,1.0
16506,2021-12-01 20:15:00,EPL,2021/22,Aston Villa,Manchester City,40,0,1,1,,0.5852147804214672,AWAY_GOAL_FT,1,,,1.0
16523,2021-12-04 17:30:00,EPL,2021/22,Watford,Manchester City,40,0,2,2,,0.6678077652733625,AWAY_GOAL_FT,1,,,1.0
16524,2021-12-04 12:30:00,EPL,2021/22,West Ham,Chelsea,41,1,1,2,,0.5777588260329153,AWAY_GOAL_FT,1,,,1.0
16775,2021-08-29 18:45:00,Serie_A,2021/22,Salernitana,Roma,40,0,0,0,,0.5755752678169367,AWAY_GOAL_FT,1,,,1.0
16793,2021-09-17 18:45:00,Serie_A,2021/22,Sassuolo,Torino,40,0,0,0,,0.612745154253006,AWAY_GOAL_FT,1,,,1.0
16794,2021-09-20 18:45:00,Serie_A,2021/22,Udinese,Napoli,40,0,2,2,,0.6026476535155066,AWAY_GOAL_FT,1,,,1.0
16804,2021-09-22 16:30:00,Serie_A,2021/22,Spezia,Juventus,40,1,1,2,,0.580627782986287,AWAY_GOAL_FT,1,,,1.0
16823,2021-10-03 13:00:00,Serie_A,2021/22,Sampdoria,Udinese,41,0,1,1,,0.6069720390651822,AWAY_GOAL_FT,1,,,1.0
16827,2021-10-17 13:00:00,Serie_A,2021/22,Empoli,Atalanta,40,1,2,3,,0.5924396457985899,AWAY_GOAL_FT,1,,,1.0
16828,2021-10-17 13:00:00,Serie_A,2021/22,Genoa,Sassuolo,48,1,2,3,,0.6007004774027462,AWAY_GOAL_FT,0,,,0.0
16834,2021-10-17 13:00:00,Serie_A,2021/22,Udinese,Bologna,41,0,0,0,,0.5765822228681735,AWAY_GOAL_FT,1,,,1.0
16842,2021-10-23 13:00:00,Serie_A,2021/22,Salernitana,Empoli,40,0,2,2,,0.579564625659968,AWAY_GOAL_FT,1,,,1.0
16855,2021-10-26 16:30:00,Serie_A,2021/22,Venezia,Salernitana,40,1,0,1,,0.5831234226948624,AWAY_GOAL_FT,1,,,1.0
16863,2021-10-31 17:00:00,Serie_A,2021/22,Salernitana,Napoli,40,0,0,0,,0.6003766662496269,AWAY_GOAL_FT,1,,,1.0
16866,2021-11-06 19:45:00,Serie_A,2021/22,Cagliari,Atalanta,40,1,1,2,,0.6007447779500483,AWAY_GOAL_FT,1,,,1.0
16875,2021-11-07 11:30:00,Serie_A,2021/22,Venezia,Roma,47,1,2,3,,0.6181552475357894,AWAY_GOAL_FT,0,,,0.0
16879,2021-11-21 19:45:00,Serie_A,2021/22,Genoa,Roma,50,0,0,0,,0.579839233078964,AWAY_GOAL_FT,1,,,1.0
16883,2021-11-21 14:00:00,Serie_A,2021/22,Salernitana,Sampdoria,40,0,0,0,,0.5909470410495177,AWAY_GOAL_FT,1,,,1.0
16895,2021-11-27 19:45:00,Serie_A,2021/22,Venezia,Inter,40,0,1,1,,0.6040140018553602,AWAY_GOAL_FT,1,,,1.0
16899,2021-12-01 19:45:00,Serie_A,2021/22,Genoa,AC Milan,40,0,1,1,,0.5832625968343569,AWAY_GOAL_FT,1,,,1.0
16917,2021-12-10 19:45:00,Serie_A,2021/22,Genoa,Sampdoria,48,0,2,2,,0.5826086468914592,AWAY_GOAL_FT,1,,,1.0
16925,2021-12-11 17:00:00,Serie_A,2021/22,Venezia,Juventus,40,0,1,1,,0.6212950833602939,AWAY_GOAL_FT,0,,,0.0
17139,2021-08-14 17:30:00,La_liga,2021/22,Cadiz,Levante,40,0,1,1,,0.5762563182820524,AWAY_GOAL_FT,0,,,0.0
17141,2021-08-15 15:30:00,La_liga,2021/22,Celta Vigo,Atletico Madrid,40,0,1,1,,0.5948083047029195,AWAY_GOAL_FT,1,,,1.0
17148,2021-08-21 17:30:00,La_liga,2021/22,Granada,Valencia,40,1,0,1,,0.5942317144242528,AWAY_GOAL_FT,1,,,1.0
17153,2021-08-22 20:00:00,La_liga,2021/22,Levante,Real Madrid,40,0,1,1,,0.6059647569040221,AWAY_GOAL_FT,1,,,1.0
17169,2021-09-13 20:00:00,La_liga,2021/22,Granada,Real Betis,40,0,0,0,,0.6253889637160837,AWAY_GOAL_FT,1,,,1.0
17255,2021-11-01 20:00:00,La_liga,2021/22,Levante,Granada,40,0,2,2,,0.5767171324221936,AWAY_GOAL_FT,1,,,1.0
17268,2021-11-20 13:00:00,La_liga,2021/22,Celta Vigo,Villarreal,40,0,1,1,,0.5973939150675498,AWAY_GOAL_FT,0,,,0.0
17275,2021-11-21 17:30:00,La_liga,2021/22,Elche,Real Betis,40,0,3,3,,0.5861957950457155,AWAY_GOAL_FT,0,,,0.0
17516,2021-08-13 18:30:00,Bundesliga,2021/22,Borussia M.Gladbach,Bayern Munich,41,1,1,2,,0.5871628700534615,AWAY_GOAL_FT,0,,,0.0
17529,2021-08-21 13:30:00,Bundesliga,2021/22,Freiburg,Borussia Dortmund,40,1,0,1,,0.5976883715384523,AWAY_GOAL_FT,1,,,1.0
17544,2021-09-11 13:30:00,Bundesliga,2021/22,Hoffenheim,Mainz 05,41,0,1,1,,0.5752576185180479,AWAY_GOAL_FT,1,,,1.0
17545,2021-09-11 13:30:00,Bundesliga,2021/22,Freiburg,FC Cologne,40,0,1,1,,0.6466447315916638,AWAY_GOAL_FT,0,,,0.0
17548,2021-09-11 16:30:00,Bundesliga,2021/22,RasenBallsport Leipzig,Bayern Munich,40,0,1,1,,0.5905100827116424,AWAY_GOAL_FT,1,,,1.0
17563,2021-09-25 13:30:00,Bundesliga,2021/22,Bayer Leverkusen,Mainz 05,40,0,0,0,,0.5898292623076983,AWAY_GOAL_FT,0,,,0.0
17575,2021-10-02 13:30:00,Bundesliga,2021/22,Wolfsburg,Borussia M.Gladbach,40,1,2,3,,0.5796530122451451,AWAY_GOAL_FT,1,,,1.0
17585,2021-10-17 13:30:00,Bundesliga,2021/22,Bayer Leverkusen,Bayern Munich,40,0,5,5,,0.7256806758389304,AWAY_GOAL_FT,0,,,0.0
17590,2021-10-23 13:30:00,Bundesliga,2021/22,Arminia Bielefeld,Borussia Dortmund,40,0,1,1,,0.5941083164697916,AWAY_GOAL_FT,1,,,1.0
17595,2021-10-23 13:30:00,Bundesliga,2021/22,RasenBallsport Leipzig,Greuther Fuerth,44,0,1,1,,0.5789116953616125,AWAY_GOAL_FT,0,,,0.0
17597,2021-10-30 13:30:00,Bundesliga,2021/22,Arminia Bielefeld,Mainz 05,40,0,1,1,,0.6099936074457732,AWAY_GOAL_FT,1,,,1.0
17602,2021-10-30 13:30:00,Bundesliga,2021/22,Union Berlin,Bayern Munich,40,0,3,3,,0.6432946529647204,AWAY_GOAL_FT,1,,,1.0
17604,2021-10-30 16:30:00,Bundesliga,2021/22,Eintracht Frankfurt,RasenBallsport Leipzig,40,0,1,1,,0.6026165631496352,AWAY_GOAL_FT,0,,,0.0
17617,2021-11-21 16:30:00,Bundesliga,2021/22,Mainz 05,FC Cologne,46,1,1,2,,0.5794942927164771,AWAY_GOAL_FT,0,,,0.0
17641,2021-12-04 17:30:00,Bundesliga,2021/22,Borussia Dortmund,Bayern Munich,40,1,1,2,,0.5966891849899322,AWAY_GOAL_FT,1,,,1.0
17828,2021-08-08 13:00:00,Ligue_1,2021/22,Bordeaux,Clermont Foot,40,0,0,0,,0.5884979716207662,AWAY_GOAL_FT,1,,,1.0
17831,2021-08-08 18:45:00,Ligue_1,2021/22,Montpellier,Marseille,40,1,0,1,,0.5776236911931366,AWAY_GOAL_FT,1,,,1.0
17839,2021-08-15 13:00:00,Ligue_1,2021/22,Reims,Montpellier,42,2,3,5,,0.6221094825990169,AWAY_GOAL_FT,0,,,0.0
17842,2021-08-20 19:00:00,Ligue_1,2021/22,Brest,Paris Saint Germain,40,0,2,2,,0.6360754233182552,AWAY_GOAL_FT,1,,,1.0
17861,2021-08-29 18:45:00,Ligue_1,2021/22,Reims,Paris Saint Germain,40,0,1,1,,0.5959553943203499,AWAY_GOAL_FT,1,,,1.0
17865,2021-09-12 13:00:00,Ligue_1,2021/22,Bordeaux,Lens,42,0,2,2,,0.5821844608903911,AWAY_GOAL_FT,1,,,1.0
17871,2021-09-11 19:00:00,Ligue_1,2021/22,Monaco,Marseille,40,0,1,1,,0.6198844044090722,AWAY_GOAL_FT,1,,,1.0
17878,2021-09-19 11:00:00,Ligue_1,2021/22,Nice,Monaco,40,0,1,1,,0.5765058613212414,AWAY_GOAL_FT,1,,,1.0
17899,2021-09-25 15:00:00,Ligue_1,2021/22,Saint-Etienne,Nice,40,0,1,1,,0.5870848218885285,AWAY_GOAL_FT,1,,,1.0
17900,2021-09-25 17:00:00,Ligue_1,2021/22,Strasbourg,Lille,40,0,1,1,,0.5796322015071237,AWAY_GOAL_FT,1,,,1.0
17911,2021-10-03 18:45:00,Ligue_1,2021/22,Saint-Etienne,Lyon,41,0,1,1,,0.5842620892394295,AWAY_GOAL_FT,0,,,0.0
17917,2021-10-17 13:00:00,Ligue_1,2021/22,Metz,Rennes,40,0,2,2,,0.5941016235933266,AWAY_GOAL_FT,1,,,1.0
17925,2021-10-24 18:45:00,Ligue_1,2021/22,Marseille,Paris Saint Germain,40,0,0,0,,0.5814766774885579,AWAY_GOAL_FT,0,,,0.0
17933,2021-10-31 14:00:00,Ligue_1,2021/22,Bordeaux,Reims,40,0,1,1,,0.5998208005753717,AWAY_GOAL_FT,1,,,1.0
17959,2021-11-21 14:00:00,Ligue_1,2021/22,Troyes,Saint-Etienne,40,0,0,0,,0.5841201002511568,AWAY_GOAL_FT,1,,,1.0
17961,2021-11-19 20:00:00,Ligue_1,2021/22,Monaco,Lille,40,1,2,3,,0.5763885045328231,AWAY_GOAL_FT,0,,,0.0
17965,2021-11-26 20:00:00,Ligue_1,2021/22,Lens,Angers,40,0,1,1,,0.6149764971238456,AWAY_GOAL_FT,1,,,1.0
17983,2021-12-05 12:00:00,Ligue_1,2021/22,Saint-Etienne,Rennes,44,0,2,2,,0.5785750061265008,AWAY_GOAL_FT,1,,,1.0
17984,2021-12-05 14:00:00,Ligue_1,2021/22,Reims,Angers,42,0,0,0,,0.5800286896686461,AWAY_GOAL_FT,1,,,1.0
17985,2021-12-05 16:00:00,Ligue_1,2021/22,Nice,Strasbourg,40,0,1,1,,0.5918232737375867,AWAY_GOAL_FT,1,,,1.0
